{
    "calcinfo_nalpha": 1,
    "calcinfo_natom": 2,
    "calcinfo_nbeta": 1,
    "calcinfo_nmo": 2,
    "molecule": {
        "geometry": [
            [
                0.0,
                0.0,
                0.7009720448625718
            ],
            [
                0.0,
                0.0,
                -0.7009720448625718
            ]
        ],
        "symbols": [
            "H",
            "H"
        ]
    },
    "parameters": {
        "charge": 0.0,
        "conv_only_dens": false,
        "dconv": 0.0001,
        "derivatives": false,
        "dipole": false,
        "econv": 1e-05,
        "ginitial_hessian": false,
        "gmaxiter": 20,
        "gopt": false,
        "gprec": 0.0001,
        "gtest": false,
        "gtol": 0.0001,
        "gval": 1e-05,
        "k": -1,
        "l": 50.701,
        "lo": 0.042529,
        "loadbalparts": 2,
        "maxiter": 25,
        "maxrotn": 0.25,
        "maxsub": 10,
        "nalpha": 1,
        "nbeta": 1,
        "nio": 1,
        "nmo_alpha": 1,
        "nmo_beta": 1,
        "no_compute": false,
        "noiter": false,
        "nopen": 0,
        "npt_plot": 101,
        "nv_factor": 1,
        "nvalpha": 0,
        "nvbeta": 0,
        "orbitalshift": 0.0,
        "plot_cell": [],
        "plotcoul": false,
        "plotdens": false,
        "plothi": -1,
        "plotlo": 0,
        "print_level": 3,
        "protocol": [
            0.0001,
            1e-06
        ],
        "psp_calc": false,
        "pure_ae": true,
        "restart": false,
        "restartao": false,
        "save": true,
        "smear": 0.0,
        "spin_restricted": true,
        "vnucextra": 2
    },
    "precision": {
        "dconv": 0.0001,
        "econv": 1e-05,
        "eprec": 0.0001,
        "k": 8,
        "thresh": 1e-06
    },
    "return_energy": -1.1665646141077695,
    "scf_e_data": {
        "e_coulomb": [
            1.340949125948249,
            1.310633987943829,
            1.3130122674025362,
            1.313136053547264,
            1.313068107704093,
            1.313065993460918,
            1.3130395903118646
        ],
        "e_kinetic": [
            1.2049432649649052,
            1.1423026996870886,
            1.1411719509983003,
            1.1398045232887495,
            1.1396208845529912,
            1.1396459328587463,
            1.1395376426575328
        ],
        "e_local": [
            0.0,
            0.0,
            0.0,
            0.0,
            0.0,
            0.0,
            0.0
        ],
        "e_nrep": [
            0.7132952072261696,
            0.7132952072261696,
            0.7132952072261696,
            0.7132952072261696,
            0.7132952072261696,
            0.7132952072261696,
            0.7132952072261696
        ],
        "e_nuclear": [
            -3.7131025677368417,
            -3.642547812924412,
            -3.643370144593634,
            -3.642238633751715,
            -3.642025776314045,
            -3.6420293308813796,
            -3.6419922816889123
        ],
        "e_pcm": [
            0.0,
            0.0,
            0.0,
            0.0,
            0.0,
            0.0,
            0.0
        ],
        "e_tot": [
            -1.1605807603787086,
            -1.1662306579921942,
            -1.1664847285743902,
            -1.1665008426534278,
            -1.1665010900927264,
            -1.1664828256208435,
            -1.1665646141077695
        ],
        "e_xc": [
            -0.7066657907811909,
            -0.6899147399248691,
            -0.6905940096077625,
            -0.6904979929638959,
            -0.6904595132619352,
            -0.6904606282852973,
            -0.690444772614424
        ],
        "iterations": 7
    },
    "scf_eigenvalues_a": {
        "dims": [
            1
        ],
        "size": 1,
        "vals": [
            -0.3813567562663964
        ]
    },
    "time": "2024-05-03 21:24:42",
    "wall_time": 3.671522855758667
}