{
    "calcinfo_nalpha": 22,
    "calcinfo_natom": 6,
    "calcinfo_nbeta": 22,
    "calcinfo_nmo": 44,
    "molecule": {
        "geometry": [
            [
                -0.0002709602777017297,
                -0.0002428861046891896,
                4.389044873223128
            ],
            [
                0.0009826181958274166,
                0.0009052060774621273,
                -0.00016089868329034624
            ],
            [
                1.417221725631755,
                -1.4400967580059147,
                0.00014606869681221664
            ],
            [
                -1.9550465347022952,
                -0.505091633163889,
                -0.0006044870769666461
            ],
            [
                0.5408066930577653,
                1.9479257713902542,
                0.00015353493566031245
            ],
            [
                -0.0002512510847799983,
                -0.00023762075914746732,
                -4.38897015113229
            ]
        ],
        "symbols": [
            "Cl",
            "C",
            "H",
            "H",
            "H",
            "Cl"
        ]
    },
    "parameters": {
        "charge": -1.0,
        "conv_only_dens": false,
        "dconv": 0.0001,
        "derivatives": false,
        "dipole": false,
        "econv": 1e-05,
        "ginitial_hessian": false,
        "gmaxiter": 20,
        "gopt": false,
        "gprec": 0.0001,
        "gtest": false,
        "gtol": 0.0001,
        "gval": 1e-05,
        "k": -1,
        "l": 54.389,
        "lo": 0.00037839,
        "loadbalparts": 2,
        "maxiter": 25,
        "maxrotn": 0.25,
        "maxsub": 10,
        "nalpha": 22,
        "nbeta": 22,
        "nio": 1,
        "nmo_alpha": 22,
        "nmo_beta": 22,
        "no_compute": false,
        "noiter": false,
        "nopen": 0,
        "npt_plot": 101,
        "nv_factor": 1,
        "nvalpha": 0,
        "nvbeta": 0,
        "orbitalshift": 0.0,
        "plot_cell": [],
        "plotcoul": false,
        "plotdens": false,
        "plothi": -1,
        "plotlo": 0,
        "print_level": 3,
        "protocol": [
            0.0001,
            1e-06
        ],
        "psp_calc": false,
        "pure_ae": true,
        "restart": false,
        "restartao": false,
        "save": true,
        "smear": 0.0,
        "spin_restricted": true,
        "vnucextra": 2
    },
    "precision": {
        "dconv": 0.0001,
        "econv": 1e-05,
        "eprec": 0.0001,
        "k": 8,
        "thresh": 1e-06
    },
    "return_energy": -960.024031015549,
    "scf_e_data": {
        "e_coulomb": [
            551.2518329580088,
            537.2593440592648,
            544.5201049295379,
            545.5466713621852,
            545.6036102267008,
            545.554422585051,
            545.5565160287344,
            545.5623000682926,
            545.5553735135593,
            545.5546003682873,
            545.5509805361058,
            545.5602616555018
        ],
        "e_kinetic": [
            960.9966353905962,
            953.9768712290319,
            957.6523563870455,
            958.4364387224376,
            958.6077597212027,
            958.7037323097783,
            958.7364507585592,
            958.7521847251478,
            958.7432003116047,
            958.744404632645,
            958.7014348000985,
            958.6986026244922
        ],
        "e_local": [
            0.0,
            0.0,
            0.0,
            0.0,
            0.0,
            0.0,
            0.0,
            0.0,
            0.0,
            0.0,
            0.0,
            0.0
        ],
        "e_nrep": [
            110.27956364161341,
            110.27956364161341,
            110.27956364161341,
            110.27956364161341,
            110.27956364161341,
            110.27956364161341,
            110.27956364161341,
            110.27956364161341,
            110.27956364161341,
            110.27956364161341,
            110.27956364161341,
            110.27956364161341
        ],
        "e_nuclear": [
            -2519.1761313540273,
            -2499.2581605335777,
            -2509.8066721844684,
            -2511.5434667343616,
            -2511.766528538207,
            -2511.81507527312,
            -2511.8492777619795,
            -2511.8702283764724,
            -2511.854910953243,
            -2511.854964936697,
            -2511.8122337938385,
            -2511.8181563619437
        ],
        "e_pcm": [
            0.0,
            0.0,
            0.0,
            0.0,
            0.0,
            0.0,
            0.0,
            0.0,
            0.0,
            0.0,
            0.0,
            0.0
        ],
        "e_tot": [
            -959.8116275996825,
            -959.9157660138736,
            -960.015090796341,
            -960.020042858312,
            -960.020722339997,
            -960.0210721044683,
            -960.0211523329882,
            -960.021202915135,
            -960.0212187915912,
            -960.0208193648867,
            -960.0240157360844,
            -960.024031015549
        ],
        "e_xc": [
            -63.16352823587357,
            -62.17338441020617,
            -62.66044357006941,
            -62.739249850186816,
            -62.74512739130705,
            -62.74371536779125,
            -62.744404999915744,
            -62.74502297371643,
            -62.74444530512584,
            -62.74442307073569,
            -62.74376092006366,
            -62.7443025752127
        ],
        "iterations": 12
    },
    "scf_eigenvalues_a": {
        "dims": [
            22
        ],
        "size": 22,
        "vals": [
            -100.42659821907816,
            -100.42657334133733,
            -9.773765368853688,
            -8.943514754422612,
            -8.945590759789702,
            -6.764297557630119,
            -6.76637994040501,
            -6.759342786456038,
            -6.7602523713362785,
            -6.759632720973634,
            -6.759852528538556,
            -0.4711428925812675,
            -0.47113248838681043,
            -0.3166120517307811,
            -0.3166057088333947,
            -0.316621332647842,
            -0.13629171794734196,
            -0.07152198947247168,
            -0.07152230291397821,
            -0.07154624044917712,
            -0.07154566697668363,
            -0.1362260143009757
        ]
    },
    "time": "2024-05-03 21:13:40",
    "wall_time": 82.60900497436523
}