{
    "calcinfo_nalpha": 9,
    "calcinfo_natom": 5,
    "calcinfo_nbeta": 8,
    "calcinfo_nmo": 17,
    "molecule": {
        "geometry": [
            [
                -0.12155465948081313,
                -0.051728927314713985,
                1.2928488717806028
            ],
            [
                0.041763024568516,
                0.23661453670247606,
                -1.2663609985893571
            ],
            [
                -0.11786220444605222,
                -1.3807576682225065,
                -2.0607729097607925
            ],
            [
                0.3208453558865065,
                -1.871852537892907,
                2.1042467705765837
            ],
            [
                0.1922406088962963,
                1.6700674763838887,
                2.3303208972154503
            ]
        ],
        "symbols": [
            "C",
            "O",
            "H",
            "H",
            "H"
        ]
    },
    "parameters": {
        "charge": 0.0,
        "conv_only_dens": false,
        "dconv": 0.0001,
        "derivatives": false,
        "dipole": false,
        "econv": 1e-05,
        "ginitial_hessian": false,
        "gmaxiter": 20,
        "gopt": false,
        "gprec": 0.0001,
        "gtest": false,
        "gtol": 0.0001,
        "gval": 1e-05,
        "k": -1,
        "l": 52.33,
        "lo": 0.001329,
        "loadbalparts": 2,
        "maxiter": 25,
        "maxrotn": 0.25,
        "maxsub": 10,
        "nalpha": 9,
        "nbeta": 8,
        "nio": 1,
        "nmo_alpha": 9,
        "nmo_beta": 8,
        "no_compute": false,
        "noiter": true,
        "nopen": 1,
        "npt_plot": 101,
        "nv_factor": 1,
        "nvalpha": 0,
        "nvbeta": 0,
        "orbitalshift": 0.0,
        "plot_cell": [],
        "plotcoul": false,
        "plotdens": false,
        "plothi": -1,
        "plotlo": 0,
        "print_level": 3,
        "protocol": [
            1e-06
        ],
        "psp_calc": false,
        "pure_ae": true,
        "restart": true,
        "restartao": false,
        "save": true,
        "smear": 0.0,
        "spin_restricted": false,
        "vnucextra": 2
    },
    "precision": {
        "dconv": 0.0001,
        "econv": 1e-05,
        "eprec": 0.0001,
        "k": 8,
        "thresh": 1e-06
    },
    "return_energy": -114.9623956866576,
    "scf_e_data": {
        "e_coulomb": [
            90.87027590652956
        ],
        "e_kinetic": [
            114.38400461680317
        ],
        "e_local": [
            0.0
        ],
        "e_nrep": [
            35.35180602094966
        ],
        "e_nuclear": [
            -340.58440151567635
        ],
        "e_pcm": [
            0.0
        ],
        "e_tot": [
            -114.9623956866576
        ],
        "e_xc": [
            -14.98408071526365
        ],
        "iterations": 1
    },
    "scf_eigenvalues_a": {
        "dims": [
            9
        ],
        "size": 9,
        "vals": [
            -20.58073230785252,
            -11.272288830231314,
            -1.0124250544752194,
            -1.0052040620511993,
            -0.7349919987994737,
            -0.7261546899919731,
            -0.5437542805193849,
            -0.7227658701097548,
            -0.41830997130803116
        ]
    },
    "scf_eigenvalues_b": {
        "dims": [
            8
        ],
        "size": 8,
        "vals": [
            -20.574171649872756,
            -11.248613611415468,
            -1.0070406166968993,
            -0.9943943559544413,
            -0.695065650611085,
            -0.6874058250117849,
            -0.5234169362264942,
            -0.7062240255101129
        ]
    },
    "time": "2024-05-02 17:21:19",
    "wall_time": 8.126487016677856
}