{
    "calcinfo_nalpha": 18,
    "calcinfo_natom": 6,
    "calcinfo_nbeta": 18,
    "calcinfo_nmo": 36,
    "molecule": {
        "geometry": [
            [
                -4.795989788788313,
                0.0,
                0.0
            ],
            [
                -0.9228894988852925,
                0.0,
                0.0
            ],
            [
                -1.1621295265072842,
                -1.0035250788955374,
                1.7381564154110125
            ],
            [
                -1.1621295265072842,
                -1.0035250788955374,
                -1.7381564154110125
            ],
            [
                -1.1621295265072842,
                2.007050157791075,
                0.0
            ],
            [
                3.0698608042310833,
                0.0,
                0.0
            ]
        ],
        "symbols": [
            "F",
            "C",
            "H",
            "H",
            "H",
            "Cl"
        ]
    },
    "parameters": {
        "charge": -1.0,
        "conv_only_dens": false,
        "dconv": 0.0001,
        "derivatives": false,
        "dipole": false,
        "econv": 1e-05,
        "ginitial_hessian": false,
        "gmaxiter": 20,
        "gopt": false,
        "gprec": 0.0001,
        "gtest": false,
        "gtol": 0.0001,
        "gval": 1e-05,
        "k": -1,
        "l": 54.796,
        "lo": 0.00037839,
        "loadbalparts": 2,
        "maxiter": 25,
        "maxrotn": 0.25,
        "maxsub": 10,
        "nalpha": 18,
        "nbeta": 18,
        "nio": 1,
        "nmo_alpha": 18,
        "nmo_beta": 18,
        "no_compute": false,
        "noiter": false,
        "nopen": 0,
        "npt_plot": 101,
        "nv_factor": 1,
        "nvalpha": 0,
        "nvbeta": 0,
        "orbitalshift": 0.0,
        "plot_cell": [],
        "plotcoul": false,
        "plotdens": false,
        "plothi": -1,
        "plotlo": 0,
        "print_level": 3,
        "protocol": [
            0.0001,
            1e-06
        ],
        "psp_calc": false,
        "pure_ae": true,
        "restart": false,
        "restartao": false,
        "save": true,
        "smear": 0.0,
        "spin_restricted": true,
        "vnucextra": 2
    },
    "precision": {
        "dconv": 0.0001,
        "econv": 1e-05,
        "eprec": 0.0001,
        "k": 8,
        "thresh": 1e-06
    },
    "return_energy": -599.7472210201252,
    "scf_e_data": {
        "e_coulomb": [
            373.055701314138,
            361.2660994040358,
            366.75720179519897,
            367.0391226597361,
            367.11904942529577,
            366.97891758458536,
            367.0427227847668,
            367.09237103556467,
            367.0938606306921,
            367.0981421191044,
            367.1019943077573,
            367.1049118458534,
            367.10029512433346,
            367.1045263211797,
            367.10388307906766,
            367.10002215572877,
            367.1112600891547,
            367.1044006392233,
            367.1067815051472
        ],
        "e_kinetic": [
            601.8446489066541,
            594.0997357674124,
            597.8726049760767,
            598.5682833770032,
            598.8172473366783,
            598.6438483876102,
            598.7178329739784,
            598.7871406168098,
            598.7844547839915,
            598.7604213967535,
            598.7418332297257,
            598.7406453627556,
            598.7392595829326,
            598.7436629044463,
            598.744842873195,
            598.7307801707715,
            598.7366796438886,
            598.7324633439073,
            598.7341307799238
        ],
        "e_local": [
            0.0,
            0.0,
            0.0,
            0.0,
            0.0,
            0.0,
            0.0,
            0.0,
            0.0,
            0.0,
            0.0,
            0.0,
            0.0,
            0.0,
            0.0,
            0.0,
            0.0,
            0.0,
            0.0
        ],
        "e_nrep": [
            86.10071416749383,
            86.10071416749383,
            86.10071416749383,
            86.10071416749383,
            86.10071416749383,
            86.10071416749383,
            86.10071416749383,
            86.10071416749383,
            86.10071416749383,
            86.10071416749383,
            86.10071416749383,
            86.10071416749383,
            86.10071416749383,
            86.10071416749383,
            86.10071416749383,
            86.10071416749383,
            86.10071416749383,
            86.10071416749383,
            86.10071416749383
        ],
        "e_nuclear": [
            -1614.7277884993616,
            -1596.581014561761,
            -1605.4539338753893,
            -1606.3740268167944,
            -1606.7113905022286,
            -1606.4140330605117,
            -1606.5469650809714,
            -1606.662823740699,
            -1606.6636653130472,
            -1606.6450510125749,
            -1606.6305684625167,
            -1606.6322578867503,
            -1606.6267005972513,
            -1606.6349341518667,
            -1606.6349619728257,
            -1606.6204570699224,
            -1606.6365801416418,
            -1606.626151680246,
            -1606.6298859407711
        ],
        "e_pcm": [
            0.0,
            0.0,
            0.0,
            0.0,
            0.0,
            0.0,
            0.0,
            0.0,
            0.0,
            0.0,
            0.0,
            0.0,
            0.0,
            0.0,
            0.0,
            0.0,
            0.0,
            0.0,
            0.0
        ],
        "e_tot": [
            -599.4083641378867,
            -599.5976492116587,
            -599.7305495114643,
            -599.7380220399222,
            -599.7412682200876,
            -599.7421462086163,
            -599.7429035732464,
            -599.7439262824347,
            -599.7442938707595,
            -599.7444260290893,
            -599.7444680434273,
            -599.744496402786,
            -599.7444904234254,
            -599.7444940429,
            -599.7439748098606,
            -599.747209580397,
            -599.7472204379759,
            -599.7472213389575,
            -599.7472210201252
        ],
        "e_xc": [
            -45.68164002681106,
            -44.48318398883963,
            -45.00713657484447,
            -45.07211542736091,
            -45.066888647326905,
            -45.05159328779409,
            -45.05720841851398,
            -45.06132836160411,
            -45.05965813988976,
            -45.05865269986606,
            -45.05844128588737,
            -45.05850989213852,
            -45.058058700933984,
            -45.05846328415319,
            -45.058452956791236,
            -45.05826900446865,
            -45.05929419687122,
            -45.05864780933588,
            -45.05896153191888
        ],
        "iterations": 19
    },
    "scf_eigenvalues_a": {
        "dims": [
            18
        ],
        "size": 18,
        "vals": [
            -100.43709769245842,
            -23.921992051477055,
            -9.751681478228107,
            -8.953470721935446,
            -6.777179684355904,
            -6.769826361869484,
            -6.77165851611316,
            -0.6916304579776389,
            -0.45855129030106445,
            -0.29057596032659205,
            -0.29057678835912193,
            -0.2905759481720043,
            -0.07946939888571869,
            -0.03659934446443058,
            -0.0365995680987905,
            -0.19630481948872136,
            -0.07973278644992643,
            -0.07973281417988298
        ]
    },
    "time": "2024-05-03 21:22:06",
    "wall_time": 107.7359459400177
}