{
    "calcinfo_nalpha": 5,
    "calcinfo_natom": 2,
    "calcinfo_nbeta": 5,
    "calcinfo_nmo": 10,
    "molecule": {
        "geometry": [
            [
                0.0,
                0.0,
                0.1729822118452624
            ],
            [
                0.0,
                0.0,
                -1.556839906607362
            ]
        ],
        "symbols": [
            "F",
            "H"
        ]
    },
    "parameters": {
        "charge": 0.0,
        "conv_only_dens": false,
        "dconv": 0.0001,
        "derivatives": false,
        "dipole": false,
        "econv": 1e-05,
        "ginitial_hessian": false,
        "gmaxiter": 20,
        "gopt": false,
        "gprec": 0.0001,
        "gtest": false,
        "gtol": 0.0001,
        "gval": 1e-05,
        "k": -1,
        "l": 51.557,
        "lo": 0.0010921,
        "loadbalparts": 2,
        "maxiter": 25,
        "maxrotn": 0.25,
        "maxsub": 10,
        "nalpha": 5,
        "nbeta": 5,
        "nio": 1,
        "nmo_alpha": 5,
        "nmo_beta": 5,
        "no_compute": false,
        "noiter": false,
        "nopen": 0,
        "npt_plot": 101,
        "nv_factor": 1,
        "nvalpha": 0,
        "nvbeta": 0,
        "orbitalshift": 0.0,
        "plot_cell": [],
        "plotcoul": false,
        "plotdens": false,
        "plothi": -1,
        "plotlo": 0,
        "print_level": 3,
        "protocol": [
            0.0001,
            1e-06
        ],
        "psp_calc": false,
        "pure_ae": true,
        "restart": false,
        "restartao": false,
        "save": true,
        "smear": 0.0,
        "spin_restricted": true,
        "vnucextra": 2
    },
    "precision": {
        "dconv": 0.0001,
        "econv": 1e-05,
        "eprec": 0.0001,
        "k": 8,
        "thresh": 1e-06
    },
    "return_energy": -100.07071602816414,
    "scf_e_data": {
        "e_coulomb": [
            57.3886347210774,
            55.44305885342325,
            55.87340196874311,
            55.7943777227722,
            55.77628642925154,
            55.77570672920857,
            55.77138473739365,
            55.770675636485144,
            55.770624601522805,
            55.770566277731376
        ],
        "e_kinetic": [
            101.2726936987816,
            99.54097453021217,
            100.04235245520127,
            100.02050410633166,
            100.01937831689588,
            100.02585833107419,
            100.02142067569206,
            100.02067828763548,
            100.02095145307455,
            100.02622645062645
        ],
        "e_local": [
            0.0,
            0.0,
            0.0,
            0.0,
            0.0,
            0.0,
            0.0,
            0.0,
            0.0,
            0.0
        ],
        "e_nrep": [
            5.202847104331606,
            5.202847104331606,
            5.202847104331606,
            5.202847104331606,
            5.202847104331606,
            5.202847104331606,
            5.202847104331606,
            5.202847104331606,
            5.202847104331606,
            5.202847104331606
        ],
        "e_nuclear": [
            -253.1920783121227,
            -249.8747378245978,
            -250.75056232215758,
            -250.6584230841632,
            -250.64040553575182,
            -250.6453605712978,
            -250.63704231389005,
            -250.63571238526436,
            -250.6357252006997,
            -250.64123546337905
        ],
        "e_pcm": [
            0.0,
            0.0,
            0.0,
            0.0,
            0.0,
            0.0,
            0.0,
            0.0,
            0.0,
            0.0
        ],
        "e_tot": [
            -99.9496982298985,
            -100.06256971350857,
            -100.06925633152295,
            -100.07016272373924,
            -100.07036463710622,
            -100.07043720785872,
            -100.07044648481934,
            -100.07044903828617,
            -100.07023116902427,
            -100.07071602816414
        ],
        "e_xc": [
            -10.621795441966423,
            -10.374712376877815,
            -10.437295537641358,
            -10.429468573011512,
            -10.428470951833427,
            -10.429488801175294,
            -10.42905668834662,
            -10.428937681474034,
            -10.428929127253502,
            -10.429120397474556
        ],
        "iterations": 10
    },
    "scf_eigenvalues_a": {
        "dims": [
            5
        ],
        "size": 5,
        "vals": [
            -26.29212543938001,
            -1.2374127400919965,
            -1.1350709207183702,
            -0.6505433753170751,
            -0.6509061515519785
        ]
    },
    "time": "2024-05-02 14:55:08",
    "wall_time": 16.950417041778564
}