{
    "calcinfo_nalpha": 10,
    "calcinfo_natom": 6,
    "calcinfo_nbeta": 9,
    "calcinfo_nmo": 19,
    "molecule": {
        "geometry": [
            [
                -0.1938081792650895,
                -0.08301876396792952,
                2.174729629044995
            ],
            [
                -0.019445588984787317,
                -0.17516941222445748,
                -2.22834069045663
            ],
            [
                1.4486089038671555,
                -1.0348911576636222,
                2.4626596428709506
            ],
            [
                0.17358087922869872,
                1.7684204671923571,
                2.5301796905631546
            ],
            [
                -0.6674214609552542,
                -0.2907027482911509,
                0.05798948540474503
            ],
            [
                0.5574536445933255,
                1.5396600843335804,
                -2.4472106985007778
            ]
        ],
        "symbols": [
            "N",
            "O",
            "H",
            "H",
            "H",
            "H"
        ]
    },
    "parameters": {
        "charge": 0.0,
        "conv_only_dens": false,
        "dconv": 0.0001,
        "derivatives": false,
        "dipole": false,
        "econv": 1e-05,
        "ginitial_hessian": false,
        "gmaxiter": 20,
        "gopt": false,
        "gprec": 0.0001,
        "gtest": false,
        "gtol": 0.0001,
        "gval": 1e-05,
        "k": -1,
        "l": 52.53,
        "lo": 0.001329,
        "loadbalparts": 2,
        "maxiter": 25,
        "maxrotn": 0.25,
        "maxsub": 10,
        "nalpha": 10,
        "nbeta": 9,
        "nio": 1,
        "nmo_alpha": 10,
        "nmo_beta": 9,
        "no_compute": false,
        "noiter": false,
        "nopen": 1,
        "npt_plot": 101,
        "nv_factor": 1,
        "nvalpha": 0,
        "nvbeta": 0,
        "orbitalshift": 0.0,
        "plot_cell": [],
        "plotcoul": false,
        "plotdens": false,
        "plothi": -1,
        "plotlo": 0,
        "print_level": 3,
        "protocol": [
            0.0001,
            1e-06
        ],
        "psp_calc": false,
        "pure_ae": true,
        "restart": false,
        "restartao": false,
        "save": true,
        "smear": 0.0,
        "spin_restricted": false,
        "vnucextra": 2
    },
    "precision": {
        "dconv": 0.0001,
        "econv": 1e-05,
        "eprec": 0.0001,
        "k": 8,
        "thresh": 1e-06
    },
    "return_energy": -131.60785971267757,
    "scf_e_data": {
        "e_coulomb": [
            104.67122235804025,
            100.80974689338672,
            101.54058608636453,
            101.42867533287384,
            101.37293615287396,
            101.35150479656141,
            101.35014856901088,
            101.34790772228457,
            101.34672393446066,
            101.34504719416755,
            101.34291736761914,
            101.34042422745499,
            101.33436309343928,
            101.3219194328045,
            101.31381947471345,
            101.30255108091075,
            101.27921909038156,
            101.33125512435397,
            101.2814373968471,
            101.27345799197519,
            101.27057847933949,
            101.25280228916061,
            101.25308647407724,
            101.2594797033027,
            101.2505521923356,
            101.25037404505288,
            101.25314198817144,
            101.25570894389286,
            101.2559146738897,
            101.25612398584758,
            101.25566497359137,
            101.25445388601014,
            101.25364163542467,
            101.25399295494945
        ],
        "e_kinetic": [
            133.82349714454787,
            130.7446835485036,
            131.4656707382648,
            131.50390842780678,
            131.4925149868301,
            131.505856645126,
            131.515691215452,
            131.52067463634165,
            131.5242320323598,
            131.5268498299701,
            131.52901245529873,
            131.52605002512865,
            131.53957697799854,
            131.53732362952948,
            131.53868773074018,
            131.5370342470795,
            131.5251819354383,
            131.61077534842778,
            131.55636868789318,
            131.55238419485204,
            131.5588824932629,
            131.5310080163568,
            131.55570224151592,
            131.56170456804347,
            131.54107539689232,
            131.5417500691376,
            131.53821363642749,
            131.53936857449284,
            131.53864951083727,
            131.5389663594653,
            131.53960829297668,
            131.53903363022795,
            131.53925622326057,
            131.5395865007034
        ],
        "e_local": [
            0.0,
            0.0,
            0.0,
            0.0,
            0.0,
            0.0,
            0.0,
            0.0,
            0.0,
            0.0,
            0.0,
            0.0,
            0.0,
            0.0,
            0.0,
            0.0,
            0.0,
            0.0,
            0.0,
            0.0,
            0.0,
            0.0,
            0.0,
            0.0,
            0.0,
            0.0,
            0.0,
            0.0,
            0.0,
            0.0,
            0.0,
            0.0,
            0.0,
            0.0
        ],
        "e_nrep": [
            37.138983626660334,
            37.138983626660334,
            37.138983626660334,
            37.138983626660334,
            37.138983626660334,
            37.138983626660334,
            37.138983626660334,
            37.138983626660334,
            37.138983626660334,
            37.138983626660334,
            37.138983626660334,
            37.138983626660334,
            37.138983626660334,
            37.138983626660334,
            37.138983626660334,
            37.138983626660334,
            37.138983626660334,
            37.138983626660334,
            37.138983626660334,
            37.138983626660334,
            37.138983626660334,
            37.138983626660334,
            37.138983626660334,
            37.138983626660334,
            37.138983626660334,
            37.138983626660334,
            37.138983626660334,
            37.138983626660334,
            37.138983626660334,
            37.138983626660334,
            37.138983626660334,
            37.138983626660334,
            37.138983626660334,
            37.138983626660334
        ],
        "e_nuclear": [
            -390.4772557077919,
            -384.2107824804306,
            -385.56989587094546,
            -385.49506310020894,
            -385.4275608851458,
            -385.41360659045256,
            -385.4192586671079,
            -385.4203728768751,
            -385.4218026030701,
            -385.4220731661509,
            -385.42158485656137,
            -385.4167946820229,
            -385.4224863561428,
            -385.40839300714475,
            -385.40142203902326,
            -385.389121866779,
            -385.35517452506014,
            -385.471002389335,
            -385.3793187820854,
            -385.36823548273,
            -385.3696628072722,
            -385.33266637707925,
            -385.3498995268253,
            -385.3600497402807,
            -385.3374388226368,
            -385.3374256177023,
            -385.33832434418736,
            -385.3419452298575,
            -385.34171030027073,
            -385.34228906376586,
            -385.3423620929984,
            -385.34065316966075,
            -385.33997068846,
            -385.34058671788273
        ],