{
    "calcinfo_nalpha": 5,
    "calcinfo_natom": 2,
    "calcinfo_nbeta": 4,
    "calcinfo_nmo": 9,
    "molecule": {
        "geometry": [
            [
                0.0,
                0.0,
                0.20343879438833357
            ],
            [
                0.0,
                0.0,
                -1.627510355106669
            ]
        ],
        "symbols": [
            "O",
            "H"
        ]
    },
    "parameters": {
        "charge": 0.0,
        "conv_only_dens": false,
        "dconv": 0.0001,
        "derivatives": false,
        "dipole": false,
        "econv": 1e-05,
        "ginitial_hessian": false,
        "gmaxiter": 20,
        "gopt": false,
        "gprec": 0.0001,
        "gtest": false,
        "gtol": 0.0001,
        "gval": 1e-05,
        "k": -1,
        "l": 51.628,
        "lo": 0.001329,
        "loadbalparts": 2,
        "maxiter": 25,
        "maxrotn": 0.25,
        "maxsub": 10,
        "nalpha": 5,
        "nbeta": 4,
        "nio": 1,
        "nmo_alpha": 5,
        "nmo_beta": 4,
        "no_compute": false,
        "noiter": false,
        "nopen": 1,
        "npt_plot": 101,
        "nv_factor": 1,
        "nvalpha": 0,
        "nvbeta": 0,
        "orbitalshift": 0.0,
        "plot_cell": [],
        "plotcoul": false,
        "plotdens": false,
        "plothi": -1,
        "plotlo": 0,
        "print_level": 3,
        "protocol": [
            0.0001,
            1e-06
        ],
        "psp_calc": false,
        "pure_ae": true,
        "restart": false,
        "restartao": false,
        "save": true,
        "smear": 0.0,
        "spin_restricted": false,
        "vnucextra": 2
    },
    "precision": {
        "dconv": 0.0001,
        "econv": 1e-05,
        "eprec": 0.0001,
        "k": 8,
        "thresh": 1e-06
    },
    "return_energy": -75.68984152998752,
    "scf_e_data": {
        "e_coulomb": [
            42.363673042676496,
            40.52024860741655,
            41.3656278956705,
            41.327049294363384,
            41.33600795977294,
            41.333246770084955,
            41.33297580568983,
            41.332094377672675,
            41.3311461536946,
            41.33110241351145,
            41.33128871876715
        ],
        "e_kinetic": [
            75.96871687155283,
            74.58885057783445,
            75.40542290831115,
            75.43571372735093,
            75.47205982531837,
            75.47955899189078,
            75.47830747791325,
            75.47612308976382,
            75.47567197197571,
            75.47578006613645,
            75.47414324539253
        ],
        "e_local": [
            0.0,
            0.0,
            0.0,
            0.0,
            0.0,
            0.0,
            0.0,
            0.0,
            0.0,
            0.0,
            0.0
        ],
        "e_nrep": [
            4.369318504670922,
            4.369318504670922,
            4.369318504670922,
            4.369318504670922,
            4.369318504670922,
            4.369318504670922,
            4.369318504670922,
            4.369318504670922,
            4.369318504670922,
            4.369318504670922,
            4.369318504670922
        ],
        "e_nuclear": [
            -189.38063710216966,
            -186.4762347174087,
            -188.0337506197261,
            -188.0298288485045,
            -188.0728230661883,
            -188.0771230586753,
            -188.07547550012535,
            -188.07246781413505,
            -188.07114065093808,
            -188.07115045755296,
            -188.0702152855049
        ],
        "e_pcm": [
            0.0,
            0.0,
            0.0,
            0.0,
            0.0,
            0.0,
            0.0,
            0.0,
            0.0,
            0.0,
            0.0
        ],
        "e_tot": [
            -75.59953745467848,
            -75.67354042682896,
            -75.68765375201579,
            -75.68906428215146,
            -75.68936616134255,
            -75.6894002309376,
            -75.68942785396231,
            -75.68942089631437,
            -75.68940777005,
            -75.68935389796565,
            -75.68984152998752
        ],
        "e_xc": [
            -8.920608771409086,
            -8.6757233993422,
            -8.794272440942269,
            -8.791316960032196,
            -8.793929384916474,
            -8.79440143890894,
            -8.794554142110968,
            -8.79448905428673,
            -8.79440374945315,
            -8.794404424731496,
            -8.794376713313229
        ],
        "iterations": 11
    },
    "scf_eigenvalues_a": {
        "dims": [
            5
        ],
        "size": 5,
        "vals": [
            -18.830896526538297,
            -0.7560670879799289,
            -0.6175600914363284,
            -0.29844167469560245,
            -0.36484807761873617
        ]
    },
    "scf_eigenvalues_b": {
        "dims": [
            4
        ],
        "size": 4,
        "vals": [
            -18.785483903441698,
            -0.7168376281885824,
            -0.5688211097562279,
            -0.26557649835776553
        ]
    },
    "time": "2024-05-03 21:56:13",
    "wall_time": 26.067975997924805
}