{
    "calcinfo_nalpha": 5,
    "calcinfo_natom": 1,
    "calcinfo_nbeta": 5,
    "calcinfo_nmo": 10,
    "molecule": {
        "geometry": [
            [
                0.0,
                0.0,
                0.0
            ]
        ],
        "symbols": [
            "F"
        ]
    },
    "parameters": {
        "charge": -1.0,
        "conv_only_dens": false,
        "dconv": 0.0001,
        "derivatives": false,
        "dipole": false,
        "econv": 1e-05,
        "ginitial_hessian": false,
        "gmaxiter": 20,
        "gopt": false,
        "gprec": 0.0001,
        "gtest": false,
        "gtol": 0.0001,
        "gval": 1e-05,
        "k": -1,
        "l": 50.0,
        "lo": 0.0010921,
        "loadbalparts": 2,
        "maxiter": 25,
        "maxrotn": 0.25,
        "maxsub": 10,
        "nalpha": 5,
        "nbeta": 5,
        "nio": 1,
        "nmo_alpha": 5,
        "nmo_beta": 5,
        "no_compute": false,
        "noiter": false,
        "nopen": 0,
        "npt_plot": 101,
        "nv_factor": 1,
        "nvalpha": 0,
        "nvbeta": 0,
        "orbitalshift": 0.0,
        "plot_cell": [],
        "plotcoul": false,
        "plotdens": false,
        "plothi": -1,
        "plotlo": 0,
        "print_level": 3,
        "protocol": [
            0.0001,
            1e-06
        ],
        "psp_calc": false,
        "pure_ae": true,
        "restart": false,
        "restartao": false,
        "save": true,
        "smear": 0.0,
        "spin_restricted": true,
        "vnucextra": 2
    },
    "precision": {
        "dconv": 0.0001,
        "econv": 1e-05,
        "eprec": 0.0001,
        "k": 8,
        "thresh": 1e-06
    },
    "return_energy": -99.81111197706574,
    "scf_e_data": {
        "e_coulomb": [
            58.83713636691526,
            52.08054617061232,
            54.64228452002917,
            54.0770949093724,
            54.28421563573477,
            54.24081940516473,
            54.19225054909335,
            54.24274532154196,
            54.25115259476018,
            54.25555195782521,
            54.172216794456816,
            54.23889288789212,
            54.251282283535325,
            54.191880109809915,
            54.24866182638263,
            54.144023276461226,
            54.212325960566446,
            54.216394873415965,
            54.204674523218515,
            54.20640871967575,
            54.2078074007186,
            54.216169957892035,
            54.2090809683358,
            54.205806139547086,
            54.193516831831104,
            54.193463039151084,
            54.24230078246825,
            54.18917961664425,
            54.21351720720706,
            54.19296738733379,
            54.19910432093509,
            54.20576608637582,
            54.20535300571688,
            54.20617655076199,
            54.20584871461807,
            54.20609188375935,
            54.20605574527099,
            54.208561888365125,
            54.20802760519473,
            54.2138038451853,
            54.27160737008675,
            54.19710757935162,
            54.213109149943904,
            54.20161952686074,
            54.20552902384503,
            54.210384474530784,
            54.21451141116884,
            54.21114342082122,
            54.186025834968554,
            54.215218973491616
        ],
        "e_kinetic": [
            102.36634435175174,
            96.72796079026983,
            99.20660954892965,
            100.13357093416838,
            99.54182822080149,
            99.48325314765948,
            99.56727888329416,
            99.50898697359624,
            99.48879941156973,
            99.52234106523147,
            99.5170148255949,
            99.52964161460424,
            99.52811081107126,
            99.53054764062476,
            99.56072854086314,
            99.48845718355837,
            99.52801710347583,
            99.52987617547085,
            99.52378426737138,
            99.52364113287835,
            99.52526792528795,
            99.52948382694464,
            99.52381507772294,
            99.52229666066323,
            99.51587359939377,
            99.51592308486848,
            99.55341524353851,
            99.51946188969411,
            99.53681562560587,
            99.52418648498328,
            99.52326258326902,
            99.53075317042756,
            99.53138961873843,
            99.53232129443305,
            99.53234094101333,
            99.53271316597709,
            99.53079060994943,
            99.53799374471888,
            99.5375733542567,
            99.54460926469288,
            99.5875195924417,
            99.52901705320224,
            99.53782030753148,
            99.53207559481618,
            99.53467848103392,
            99.53590613953241,
            99.54064234291572,
            99.53581139002627,
            99.52622958001928,
            99.53930770445987
        ],
        "e_local": [
            0.0,
            0.0,
            0.0,
            0.0,
            0.0,
            0.0,
            0.0,
            0.0,
            0.0,
            0.0,
            0.0,
            0.0,
            0.0,
            0.0,
            0.0,
            0.0,
            0.0,
            0.0,
            0.0,
            0.0,
            0.0,
            0.0,
            0.0,
            0.0,
            0.0,
            0.0,
            0.0,
            0.0,
            0.0,
            0.0,
            0.0,
            0.0,
            0.0,
            0.0,
            0.0,
            0.0,
            0.0,
            0.0,
            0.0,
            0.0,
            0.0,
            0.0,
            0.0,
            0.0,
            0.0,
            0.0,
            0.0,
            0.0,
            0.0,
            0.0
        ],
        "e_nrep": [
            0.0,
            0.0,
            0.0,
            0.0,
            0.0,
            0.0,
            0.0,
            0.0,
            0.0,
            0.0,
            0.0,
            0.0,
            0.0,
            0.0,
            0.0,
            0.0,
            0.0,
            0.0,
            0.0,
            0.0,
            0.0,
            0.0,
            0.0,
            0.0,
            0.0,
            0.0,
            0.0,
            0.0,
            0.0,
            0.0,
            0.0,
            0.0,
            0.0,
            0.0,
            0.0,
            0.0,
            0.0,
            0.0,
            0.0,
            0.0,
            0.0,
            0.0,
            0.0,
            0.0,
            0.0,
            0.0,
            0.0,
            0.0,
            0.0,
            0.0
        ],