{
    "calcinfo_nalpha": 18,
    "calcinfo_natom": 6,
    "calcinfo_nbeta": 18,
    "calcinfo_nmo": 36,
    "molecule": {
        "geometry": [
            [
                -5.005018954776318,
                8.548079739339537e-10,
                0.0
            ],
            [
                -2.3435787469627,
                6.873658870198777e-10,
                0.0
            ],
            [
                -1.6750687011306722,
                -0.9682200807999811,
                -1.6770063517372167
            ],
            [
                -1.6750687011306722,
                -0.9682200807999811,
                1.6770063517372167
            ],
            [
                -1.6750687009479281,
                1.936440144638622,
                0.0
            ],
            [
                3.772461716351314,
                3.0258077111846965e-10,
                0.0
            ]
        ],
        "symbols": [
            "F",
            "C",
            "H",
            "H",
            "H",
            "Cl"
        ]
    },
    "parameters": {
        "charge": -1.0,
        "conv_only_dens": false,
        "dconv": 0.0001,
        "derivatives": false,
        "dipole": false,
        "econv": 1e-05,
        "ginitial_hessian": false,
        "gmaxiter": 20,
        "gopt": false,
        "gprec": 0.0001,
        "gtest": false,
        "gtol": 0.0001,
        "gval": 1e-05,
        "k": -1,
        "l": 55.005,
        "lo": 0.00037839,
        "loadbalparts": 2,
        "maxiter": 25,
        "maxrotn": 0.25,
        "maxsub": 10,
        "nalpha": 18,
        "nbeta": 18,
        "nio": 1,
        "nmo_alpha": 18,
        "nmo_beta": 18,
        "no_compute": false,
        "noiter": false,
        "nopen": 0,
        "npt_plot": 101,
        "nv_factor": 1,
        "nvalpha": 0,
        "nvbeta": 0,
        "orbitalshift": 0.0,
        "plot_cell": [],
        "plotcoul": false,
        "plotdens": false,
        "plothi": -1,
        "plotlo": 0,
        "print_level": 3,
        "protocol": [
            0.0001,
            1e-06
        ],
        "psp_calc": false,
        "pure_ae": true,
        "restart": false,
        "restartao": false,
        "save": true,
        "smear": 0.0,
        "spin_restricted": true,
        "vnucextra": 2
    },
    "precision": {
        "dconv": 0.0001,
        "econv": 1e-05,
        "eprec": 0.0001,
        "k": 8,
        "thresh": 1e-06
    },
    "return_energy": -599.7809662383567,
    "scf_e_data": {
        "e_coulomb": [
            366.4034478075501,
            354.44781991897173,
            360.12521132339845,
            360.4849960490019,
            360.33104191629786,
            360.337720428904,
            360.34232093344764,
            360.3547729473306,
            360.34522548458756,
            360.34426828855834,
            360.34836731571255,
            360.34470948716273,
            360.34444360656613,
            360.34382482453685,
            360.3467938380663,
            360.35084051412963
        ],
        "e_kinetic": [
            601.4557376363849,
            594.5060680147521,
            598.1130371289994,
            598.6858478995417,
            598.7236907191905,
            598.7379063467918,
            598.8067909532575,
            598.8118908858864,
            598.8105152655368,
            598.7958406664812,
            598.7921287673962,
            598.7908218782197,
            598.7927979544179,
            598.7940831220423,
            598.7827895605932,
            598.7847239865654
        ],
        "e_local": [
            0.0,
            0.0,
            0.0,
            0.0,
            0.0,
            0.0,
            0.0,
            0.0,
            0.0,
            0.0,
            0.0,
            0.0,
            0.0,
            0.0,
            0.0,
            0.0
        ],
        "e_nrep": [
            79.90971342577299,
            79.90971342577299,
            79.90971342577299,
            79.90971342577299,
            79.90971342577299,
            79.90971342577299,
            79.90971342577299,
            79.90971342577299,
            79.90971342577299,
            79.90971342577299,
            79.90971342577299,
            79.90971342577299,
            79.90971342577299,
            79.90971342577299,
            79.90971342577299,
            79.90971342577299
        ],
        "e_nuclear": [
            -1601.7095967859018,
            -1583.982635292412,
            -1592.8659978038247,
            -1593.766003134907,
            -1593.6604154319675,
            -1593.6821873921824,
            -1593.7521630966407,
            -1593.7701866847297,
            -1593.758752111533,
            -1593.7435879812256,
            -1593.743874286325,
            -1593.7392499229934,
            -1593.7409753270977,
            -1593.7409931922107,
            -1593.7354582551282,
            -1593.7410478268355
        ],
        "e_pcm": [
            0.0,
            0.0,
            0.0,
            0.0,
            0.0,
            0.0,
            0.0,
            0.0,
            0.0,
            0.0,
            0.0,
            0.0,
            0.0,
            0.0,
            0.0,
            0.0
        ],
        "e_tot": [
            -599.5214121028256,
            -599.6911695530179,
            -599.7719549834314,
            -599.7768331050916,
            -599.7778771772238,
            -599.778084214664,
            -599.7783370289532,
            -599.7784505276934,
            -599.7784921023743,
            -599.7785244353762,
            -599.7785441301977,
            -599.7785378335195,
            -599.7785405793101,
            -599.7778799286233,
            -599.7809538286355,
            -599.7809662383567
        ],
        "e_xc": [
            -45.58071418663194,
            -44.57213562010287,
            -45.05391905777749,
            -45.09138734450125,
            -45.08190780651757,
            -45.081237023950386,
            -45.08499924479061,
            -45.084641101953785,
            -45.0851941667386,
            -45.084758834963196,
            -45.084879352754314,
            -45.08453270168159,
            -45.08452023896937,
            -45.08450810876477,
            -45.08479239793969,
            -45.0851963379891
        ],
        "iterations": 16
    },
    "scf_eigenvalues_a": {
        "dims": [
            18
        ],
        "size": 18,
        "vals": [
            -100.35473751187828,
            -24.097604873936604,
            -9.786521854565763,
            -8.871098650682832,
            -6.690222826558713,
            -6.688655016944885,
            -6.690222686583258,
            -0.6402292182673963,
            -0.42781679617965107,
            -0.3054246322674181,
            -0.6230473800206302,
            -0.30542463892938665,
            -0.30542824495231646,
            -0.20194731165350044,
            -0.20194716239095412,
            -0.010223753643535893,
            -0.008386102124408712,
            -0.008385682936665084
        ]
    },
    "time": "2024-05-03 21:20:16",
    "wall_time": 80.32209491729736
}