{
    "calcinfo_nalpha": 14,
    "calcinfo_natom": 6,
    "calcinfo_nbeta": 14,
    "calcinfo_nmo": 28,
    "molecule": {
        "geometry": [
            [
                -3.491511039333281,
                0.0,
                0.0
            ],
            [
                -0.7972258417546816,
                0.0,
                0.0
            ],
            [
                -0.13954379432234468,
                -0.9671450729400735,
                1.6751444045784845
            ],
            [
                -0.13954379432234468,
                -0.9671450729400735,
                -1.6751444045784845
            ],
            [
                -0.13954379432234468,
                1.934290145880147,
                0.0
            ],
            [
                4.069509531943851,
                0.0,
                0.0
            ]
        ],
        "symbols": [
            "F",
            "C",
            "H",
            "H",
            "H",
            "F"
        ]
    },
    "parameters": {
        "charge": -1.0,
        "conv_only_dens": false,
        "dconv": 0.0001,
        "derivatives": false,
        "dipole": false,
        "econv": 1e-05,
        "ginitial_hessian": false,
        "gmaxiter": 20,
        "gopt": false,
        "gprec": 0.0001,
        "gtest": false,
        "gtol": 0.0001,
        "gval": 1e-05,
        "k": -1,
        "l": 54.07,
        "lo": 0.0010921,
        "loadbalparts": 2,
        "maxiter": 25,
        "maxrotn": 0.25,
        "maxsub": 10,
        "nalpha": 14,
        "nbeta": 14,
        "nio": 1,
        "nmo_alpha": 14,
        "nmo_beta": 14,
        "no_compute": false,
        "noiter": true,
        "nopen": 0,
        "npt_plot": 101,
        "nv_factor": 1,
        "nvalpha": 0,
        "nvbeta": 0,
        "orbitalshift": 0.0,
        "plot_cell": [],
        "plotcoul": false,
        "plotdens": false,
        "plothi": -1,
        "plotlo": 0,
        "print_level": 3,
        "protocol": [
            1e-06
        ],
        "psp_calc": false,
        "pure_ae": true,
        "restart": true,
        "restartao": false,
        "save": true,
        "smear": 0.0,
        "spin_restricted": true,
        "vnucextra": 2
    },
    "precision": {
        "dconv": 0.0001,
        "econv": 1e-05,
        "eprec": 0.0001,
        "k": 8,
        "thresh": 1e-06
    },
    "return_energy": -239.4487894345654,
    "scf_e_data": {
        "e_coulomb": [
            191.1555297758632
        ],
        "e_kinetic": [
            238.52050035861578
        ],
        "e_local": [
            0.0
        ],
        "e_nrep": [
            64.36222991272926
        ],
        "e_nuclear": [
            -705.9939277996314
        ],
        "e_pcm": [
            0.0
        ],
        "e_tot": [
            -239.4487894345654
        ],
        "e_xc": [
            -27.49312168214229
        ],
        "iterations": 1
    },
    "scf_eigenvalues_a": {
        "dims": [
            14
        ],
        "size": 14,
        "vals": [
            -26.09998970735353,
            -25.854640496843977,
            -11.107572460850221,
            -1.0206729908329537,
            -1.1066345136287756,
            -0.5140001229519038,
            -0.9171846309027156,
            -0.5140007657970851,
            -0.5140055539282151,
            -0.21184857692060355,
            -0.21184755485819018,
            -0.21494141172962156,
            -0.4627501590663954,
            -0.46275945417656095
        ]
    },
    "time": "2024-05-03 15:25:44",
    "wall_time": 5.9469709396362305
}