{
    "calcinfo_nalpha": 6,
    "calcinfo_natom": 3,
    "calcinfo_nbeta": 4,
    "calcinfo_nmo": 10,
    "molecule": {
        "geometry": [
            [
                0.0,
                0.0,
                -1.6257091292579473
            ],
            [
                0.0,
                0.0,
                0.6217660467212678
            ],
            [
                0.0,
                0.0,
                -3.348419244512195
            ]
        ],
        "symbols": [
            "H",
            "O",
            "H"
        ]
    },
    "parameters": {
        "charge": 0.0,
        "conv_only_dens": false,
        "dconv": 0.0001,
        "derivatives": false,
        "dipole": false,
        "econv": 1e-05,
        "ginitial_hessian": false,
        "gmaxiter": 20,
        "gopt": false,
        "gprec": 0.0001,
        "gtest": false,
        "gtol": 0.0001,
        "gval": 1e-05,
        "k": -1,
        "l": 53.348,
        "lo": 0.001329,
        "loadbalparts": 2,
        "maxiter": 25,
        "maxrotn": 0.25,
        "maxsub": 10,
        "nalpha": 6,
        "nbeta": 4,
        "nio": 1,
        "nmo_alpha": 6,
        "nmo_beta": 4,
        "no_compute": false,
        "noiter": false,
        "nopen": 2,
        "npt_plot": 101,
        "nv_factor": 1,
        "nvalpha": 0,
        "nvbeta": 0,
        "orbitalshift": 0.0,
        "plot_cell": [],
        "plotcoul": false,
        "plotdens": false,
        "plothi": -1,
        "plotlo": 0,
        "print_level": 3,
        "protocol": [
            0.0001,
            1e-06
        ],
        "psp_calc": false,
        "pure_ae": true,
        "restart": false,
        "restartao": false,
        "save": true,
        "smear": 0.0,
        "spin_restricted": false,
        "vnucextra": 2
    },
    "precision": {
        "dconv": 0.0001,
        "econv": 1e-05,
        "eprec": 0.0001,
        "k": 8,
        "thresh": 1e-06
    },
    "return_energy": -75.90011201820062,
    "scf_e_data": {
        "e_coulomb": [
            44.02119638243537,
            43.429130224484446,
            43.51620446685217,
            43.46211278732221,
            43.45646569456662,
            43.43270414834605,
            43.41797782051788,
            43.4040619894,
            43.3904873545877,
            43.366048202954126,
            43.36504376163596,
            43.364418330271256,
            43.363445862128756,
            43.36339778620811,
            43.36299803092366
        ],
        "e_kinetic": [
            76.0324823450494,
            75.63713991273961,
            75.84130066376903,
            75.86005832694097,
            75.89414609745356,
            75.89711416297888,
            75.90344504515852,
            75.90800901025638,
            75.91268056228577,
            75.9220220896221,
            75.925063583574,
            75.92461250958844,
            75.92513677622557,
            75.92527880218762,
            75.92429597587747
        ],
        "e_local": [
            0.0,
            0.0,
            0.0,
            0.0,
            0.0,
            0.0,
            0.0,
            0.0,
            0.0,
            0.0,
            0.0,
            0.0,
            0.0,
            0.0,
            0.0
        ],
        "e_nrep": [
            6.155049901879888,
            6.155049901879888,
            6.155049901879888,
            6.155049901879888,
            6.155049901879888,
            6.155049901879888,
            6.155049901879888,
            6.155049901879888,
            6.155049901879888,
            6.155049901879888,
            6.155049901879888,
            6.155049901879888,
            6.155049901879888,
            6.155049901879888,
            6.155049901879888
        ],
        "e_nuclear": [
            -193.17600730938267,
            -192.31297653384044,
            -192.5827382889617,
            -192.54350195742683,
            -192.5601591011382,
            -192.53489277768284,
            -192.52530795905164,
            -192.51560997518425,
            -192.50665724652453,
            -192.49350575737787,
            -192.49509185294872,
            -192.49390593240116,
            -192.4933944583768,
            -192.49340507571992,
            -192.49266011803218
        ],
        "e_pcm": [
            0.0,
            0.0,
            0.0,
            0.0,
            0.0,
            0.0,
            0.0,
            0.0,
            0.0,
            0.0,
            0.0,
            0.0,
            0.0,
            0.0,
            0.0
        ],
        "e_tot": [
            -75.81116496889732,
            -75.88170396765643,
            -75.89101906898438,
            -75.89519877451451,
            -75.89765944371092,
            -75.89842522272468,
            -75.8989034935421,
            -75.89914057667183,
            -75.89933751932904,
            -75.89960316297876,
            -75.89960047218987,
            -75.89963485959852,
            -75.89963825892262,
            -75.89954862078463,
            -75.90011201820062
        ],
        "e_xc": [
            -8.843886288879304,
            -8.79004747291994,
            -8.820835812523768,
            -8.828917833230767,
            -8.843162036472789,
            -8.848400658246657,
            -8.850068302046742,
            -8.850651503023856,
            -8.850898091557864,
            -8.849217600057013,
            -8.849665866331012,
            -8.849809668936937,
            -8.849876340780046,
            -8.849870035340325,
            -8.849795808849471
        ],
        "iterations": 15
    },
    "scf_eigenvalues_a": {
        "dims": [
            6
        ],
        "size": 6,
        "vals": [
            -20.684403423116425,
            -1.057176338056868,
            -1.0481182951506356,
            -0.5975814644768573,
            -0.6956885038620371,
            -0.6034283031080567
        ]
    },
    "scf_eigenvalues_b": {
        "dims": [
            4
        ],
        "size": 4,
        "vals": [
            -20.613644382051948,
            -1.0435508080966374,
            -0.6775966842721007,
            -0.5207715046611958
        ]
    },
    "time": "2024-05-02 15:39:50",
    "wall_time": 39.51635408401489
}