{
    "calcinfo_nalpha": 10,
    "calcinfo_natom": 6,
    "calcinfo_nbeta": 8,
    "calcinfo_nmo": 18,
    "molecule": {
        "geometry": [
            [
                -0.0006354859593832063,
                -2.1586097455171003,
                0.0
            ],
            [
                1.9953641840755099,
                -2.6168504264764887,
                0.0
            ],
            [
                -0.9830817663569343,
                -2.6595400980324078,
                1.724280137519972
            ],
            [
                -0.9830817663569343,
                -2.6595400980324078,
                -1.724280137519972
            ],
            [
                -0.021833225907959934,
                0.30254429348266226,
                0.0
            ],
            [
                -0.0004443137121727713,
                2.573130600270156,
                0.0
            ]
        ],
        "symbols": [
            "C",
            "H",
            "H",
            "H",
            "H",
            "O"
        ]
    },
    "parameters": {
        "charge": 0.0,
        "conv_only_dens": false,
        "dconv": 0.0001,
        "derivatives": false,
        "dipole": false,
        "econv": 1e-05,
        "ginitial_hessian": false,
        "gmaxiter": 20,
        "gopt": false,
        "gprec": 0.0001,
        "gtest": false,
        "gtol": 0.0001,
        "gval": 1e-05,
        "k": -1,
        "l": 52.66,
        "lo": 0.001329,
        "loadbalparts": 2,
        "maxiter": 25,
        "maxrotn": 0.25,
        "maxsub": 10,
        "nalpha": 10,
        "nbeta": 8,
        "nio": 1,
        "nmo_alpha": 10,
        "nmo_beta": 8,
        "no_compute": false,
        "noiter": false,
        "nopen": 2,
        "npt_plot": 101,
        "nv_factor": 1,
        "nvalpha": 0,
        "nvbeta": 0,
        "orbitalshift": 0.0,
        "plot_cell": [],
        "plotcoul": false,
        "plotdens": false,
        "plothi": -1,
        "plotlo": 0,
        "print_level": 3,
        "protocol": [
            0.0001,
            1e-06
        ],
        "psp_calc": false,
        "pure_ae": true,
        "restart": false,
        "restartao": false,
        "save": true,
        "smear": 0.0,
        "spin_restricted": false,
        "vnucextra": 2
    },
    "precision": {
        "dconv": 0.0001,
        "econv": 1e-05,
        "eprec": 0.0001,
        "k": 8,
        "thresh": 1e-06
    },
    "return_energy": -115.48247005642324,
    "scf_e_data": {
        "e_coulomb": [
            88.49714271886793,
            86.0643185664583,
            86.82267184949878,
            86.76744784896417,
            86.7976775292284,
            86.77566126259208,
            86.78299421900611,
            86.78247447587806,
            86.78278844539598,
            86.78264760725062,
            86.78197299481879
        ],
        "e_kinetic": [
            115.82544178846645,
            114.28464946826455,
            114.96979348344189,
            115.02687356435243,
            115.09473773314798,
            115.0921078843896,
            115.09166447458537,
            115.0878021155508,
            115.08823430479039,
            115.08865038601137,
            115.08749926030595
        ],
        "e_local": [
            0.0,
            0.0,
            0.0,
            0.0,
            0.0,
            0.0,
            0.0,
            0.0,
            0.0,
            0.0,
            0.0
        ],
        "e_nrep": [
            30.91033030907062,
            30.91033030907062,
            30.91033030907062,
            30.91033030907062,
            30.91033030907062,
            30.91033030907062,
            30.91033030907062,
            30.91033030907062,
            30.91033030907062,
            30.91033030907062,
            30.91033030907062
        ],
        "e_nuclear": [
            -335.1635454787187,
            -331.62412861137494,
            -332.9726096078688,
            -332.9765965185843,
            -333.0678604291313,
            -333.04444737275674,
            -333.0504906534155,
            -333.04634934011733,
            -333.04711858499917,
            -333.0471187639322,
            -333.046678435962
        ],
        "e_pcm": [
            0.0,
            0.0,
            0.0,
            0.0,
            0.0,
            0.0,
            0.0,
            0.0,
            0.0,
            0.0,
            0.0
        ],
        "e_tot": [
            -115.33810729167965,
            -115.46453579291943,
            -115.4780109717907,
            -115.4805782145591,
            -115.48114698933082,
            -115.48134812471125,
            -115.48140844991917,
            -115.48143087382786,
            -115.48143612104471,
            -115.48116062927062,
            -115.48247005642324
        ],
        "e_xc": [
            -15.407476629365952,
            -15.099705525337953,
            -15.208197005933176,
            -15.208633418362002,
            -15.216032131646495,
            -15.215000208006819,
            -15.215906799165749,
            -15.215688434210026,
            -15.215670595302502,
            -15.215670167671028,
            -15.215594184656574
        ],
        "iterations": 11
    },
    "scf_eigenvalues_a": {
        "dims": [
            10
        ],
        "size": 10,
        "vals": [
            -18.830326717855378,
            -9.909533277730326,
            -0.6228596067783618,
            -0.4691545705121569,
            -0.46915463402707003,
            -0.4696956255321574,
            -0.6258111490364002,
            -0.2859990131071415,
            -0.3518200562871092,
            -0.36853656000732005
        ]
    },
    "scf_eigenvalues_b": {
        "dims": [
            8
        ],
        "size": 8,
        "vals": [
            -18.76167063291704,
            -9.89222526489625,
            -0.7240682817227824,
            -0.46257933037971855,
            -0.46257935596686206,
            -0.46302950657277564,
            -0.4910110843765565,
            -0.23918808909058997
        ]
    },
    "time": "2024-05-03 22:19:14",
    "wall_time": 56.22307801246643
}