{
    "calcinfo_nalpha": 7,
    "calcinfo_natom": 2,
    "calcinfo_nbeta": 7,
    "calcinfo_nmo": 14,
    "molecule": {
        "geometry": [
            [
                0.0,
                0.0,
                0.9148504953917245
            ],
            [
                0.0,
                0.0,
                -1.2198006605222993
            ]
        ],
        "symbols": [
            "O",
            "C"
        ]
    },
    "parameters": {
        "charge": 0.0,
        "conv_only_dens": false,
        "dconv": 0.0001,
        "derivatives": false,
        "dipole": false,
        "econv": 1e-05,
        "ginitial_hessian": false,
        "gmaxiter": 20,
        "gopt": false,
        "gprec": 0.0001,
        "gtest": false,
        "gtol": 0.0001,
        "gval": 1e-05,
        "k": -1,
        "l": 51.22,
        "lo": 0.001329,
        "loadbalparts": 2,
        "maxiter": 25,
        "maxrotn": 0.25,
        "maxsub": 10,
        "nalpha": 7,
        "nbeta": 7,
        "nio": 1,
        "nmo_alpha": 7,
        "nmo_beta": 7,
        "no_compute": false,
        "noiter": false,
        "nopen": 0,
        "npt_plot": 101,
        "nv_factor": 1,
        "nvalpha": 0,
        "nvbeta": 0,
        "orbitalshift": 0.0,
        "plot_cell": [],
        "plotcoul": false,
        "plotdens": false,
        "plothi": -1,
        "plotlo": 0,
        "print_level": 3,
        "protocol": [
            0.0001,
            1e-06
        ],
        "psp_calc": false,
        "pure_ae": true,
        "restart": false,
        "restartao": false,
        "save": true,
        "smear": 0.0,
        "spin_restricted": true,
        "vnucextra": 2
    },
    "precision": {
        "dconv": 0.0001,
        "econv": 1e-05,
        "eprec": 0.0001,
        "k": 8,
        "thresh": 1e-06
    },
    "return_energy": -112.79052638148055,
    "scf_e_data": {
        "e_coulomb": [
            77.03170795775391,
            76.06090206299136,
            76.29348038364991,
            76.2399037859852,
            76.22491717477232,
            76.23344927178717,
            76.23413434389876,
            76.23418935338094,
            76.23411550290315,
            76.23569697805367
        ],
        "e_kinetic": [
            113.3456980195703,
            112.45895885402989,
            112.67064731454725,
            112.64195835143676,
            112.6311706713546,
            112.63261363247253,
            112.63041805140556,
            112.62886320180203,
            112.62917983164556,
            112.6310251408618
        ],
        "e_local": [
            0.0,
            0.0,
            0.0,
            0.0,
            0.0,
            0.0,
            0.0,
            0.0,
            0.0,
            0.0
        ],
        "e_nrep": [
            22.486109670433322,
            22.486109670433322,
            22.486109670433322,
            22.486109670433322,
            22.486109670433322,
            22.486109670433322,
            22.486109670433322,
            22.486109670433322,
            22.486109670433322,
            22.486109670433322
        ],
        "e_nuclear": [
            -312.09843358525376,
            -310.48712401833603,
            -310.9084103393202,
            -310.83010338708306,
            -310.8042002991958,
            -310.81246789127255,
            -310.81078845884025,
            -310.80926605017,
            -310.80927396715083,
            -310.81339110971874
        ],
        "e_pcm": [
            0.0,
            0.0,
            0.0,
            0.0,
            0.0,
            0.0,
            0.0,
            0.0,
            0.0,
            0.0
        ],
        "e_tot": [
            -112.64004692947303,
            -112.7770607044388,
            -112.78849790115287,
            -112.78964159161147,
            -112.78986654340541,
            -112.78989811576834,
            -112.78995050263224,
            -112.78994732920485,
            -112.78954904027474,
            -112.79052638148055
        ],
        "e_xc": [
            -13.405128991976808,
            -13.295907273557342,
            -13.330324930463147,
            -13.327510012383705,
            -13.32786376076981,
            -13.329602799188807,
            -13.329824109529651,
            -13.329843504651151,
            -13.329680078105945,
            -13.329967061110596
        ],
        "iterations": 10
    },
    "scf_eigenvalues_a": {
        "dims": [
            7
        ],
        "size": 7,
        "vals": [
            -20.653520051240676,
            -11.345676816955997,
            -1.455870517472468,
            -0.865178441643474,
            -0.6398166432691021,
            -0.6398166529708522,
            -0.585573945911162
        ]
    },
    "time": "2024-05-02 14:45:06",
    "wall_time": 20.214590072631836
}