{
    "calcinfo_nalpha": 14,
    "calcinfo_natom": 10,
    "calcinfo_nbeta": 12,
    "calcinfo_nmo": 26,
    "molecule": {
        "geometry": [
            [
                0.001329207346143956,
                -0.8497348698699956,
                2.636139176261297
            ],
            [
                0.0038296629648207443,
                1.3493808430255352,
                0.8234394955507164
            ],
            [
                0.005736995083263716,
                -0.7149824066637592,
                -3.6425813241023133
            ],
            [
                -1.5792187050860735,
                -2.118289994026511,
                2.267839679903147
            ],
            [
                1.7419014670853576,
                -1.9424179773797572,
                2.498399184729228
            ],
            [
                -0.16881640474222895,
                -0.19908545352280654,
                4.589599190669238
            ],
            [
                -1.7143616102670904,
                2.4726699068720106,
                0.7893144593639628
            ],
            [
                1.695968619031502,
                2.511631933102837,
                0.8336079704213795
            ],
            [
                -0.05397305418305482,
                0.3412711380650511,
                -1.5656414281229332
            ],
            [
                0.007387500712953616,
                0.9412214546022549,
                -4.672521819119911
            ]
        ],
        "symbols": [
            "C",
            "C",
            "N",
            "H",
            "H",
            "H",
            "H",
            "H",
            "H",
            "H"
        ]
    },
    "parameters": {
        "charge": 0.0,
        "conv_only_dens": false,
        "dconv": 0.0001,
        "derivatives": false,
        "dipole": false,
        "econv": 1e-05,
        "ginitial_hessian": false,
        "gmaxiter": 20,
        "gopt": false,
        "gprec": 0.0001,
        "gtest": false,
        "gtol": 0.0001,
        "gval": 1e-05,
        "k": -1,
        "l": 54.673,
        "lo": 0.0016603,
        "loadbalparts": 2,
        "maxiter": 25,
        "maxrotn": 0.25,
        "maxsub": 10,
        "nalpha": 14,
        "nbeta": 12,
        "nio": 1,
        "nmo_alpha": 14,
        "nmo_beta": 12,
        "no_compute": false,
        "noiter": false,
        "nopen": 2,
        "npt_plot": 101,
        "nv_factor": 1,
        "nvalpha": 0,
        "nvbeta": 0,
        "orbitalshift": 0.0,
        "plot_cell": [],
        "plotcoul": false,
        "plotdens": false,
        "plothi": -1,
        "plotlo": 0,
        "print_level": 3,
        "protocol": [
            0.0001,
            1e-06
        ],
        "psp_calc": false,
        "pure_ae": true,
        "restart": false,
        "restartao": false,
        "save": true,
        "smear": 0.0,
        "spin_restricted": false,
        "vnucextra": 2
    },
    "precision": {
        "dconv": 0.0001,
        "econv": 1e-05,
        "eprec": 0.0001,
        "k": 8,
        "thresh": 1e-06
    },
    "return_energy": -134.19165000303266,
    "scf_e_data": {
        "e_coulomb": [
            139.93100444962187,
            136.0015495238522,
            136.24756113424044,
            136.11612650598667,
            136.0395529113744,
            136.03807819579737,
            136.05700950938592,
            136.06140614235403,
            136.06130108671914,
            136.06423507659628,
            136.06479905214653,
            136.06300653374328,
            136.06272034418137,
            136.0637154636277
        ],
        "e_kinetic": [
            136.05045786592254,
            133.7758033253405,
            134.02454299101242,
            134.07981531267424,
            134.10323016189813,
            134.1171674259749,
            134.1282221512235,
            134.12954883795786,
            134.12755244108433,
            134.12759068385157,
            134.12689696881256,
            134.12626499959663,
            134.1271946069366,
            134.12639667782838
        ],
        "e_local": [
            0.0,
            0.0,
            0.0,
            0.0,
            0.0,
            0.0,
            0.0,
            0.0,
            0.0,
            0.0,
            0.0,
            0.0,
            0.0,
            0.0
        ],
        "e_nrep": [
            71.85719635448817,
            71.85719635448817,
            71.85719635448817,
            71.85719635448817,
            71.85719635448817,
            71.85719635448817,
            71.85719635448817,
            71.85719635448817,
            71.85719635448817,
            71.85719635448817,
            71.85719635448817,
            71.85719635448817,
            71.85719635448817,
            71.85719635448817
        ],
        "e_nuclear": [
            -462.10153196142215,
            -456.4881062245082,
            -456.93743055430514,
            -456.84140133958425,
            -456.7736000421786,
            -456.7793644059998,
            -456.80599408607947,
            -456.81102947140573,
            -456.80895303557776,
            -456.8115224398444,
            -456.8112575069108,
            -456.8089888104546,
            -456.8090090607058,
            -456.8115206844583
        ],
        "e_pcm": [
            0.0,
            0.0,
            0.0,
            0.0,
            0.0,
            0.0,
            0.0,
            0.0,
            0.0,
            0.0,
            0.0,
            0.0,
            0.0,
            0.0
        ],
        "e_tot": [
            -133.89356683013636,
            -134.1512661320067,
            -134.17432606798172,
            -134.18474650151902,
            -134.1881460510279,
            -134.18913995366643,
            -134.18949349673926,
            -134.18963665133973,
            -134.18968799973968,
            -134.18970345295875,
            -134.18973256042122,
            -134.18973652015052,
            -134.18911960810738,
            -134.19165000303266
        ],
        "e_xc": [
            -19.63069353874677,
            -19.297709111179294,
            -19.36619599341762,
            -19.39648333508387,
            -19.414525436609992,
            -19.422217523927085,
            -19.42592742575738,
            -19.426758514734026,
            -19.426784846453565,
            -19.42720312805036,
            -19.42736742895767,
            -19.42721559752401,
            -19.427221853007694,
            -19.42743781451862
        ],
        "iterations": 14
    },
    "scf_eigenvalues_a": {
        "dims": [
            14
        ],
        "size": 14,
        "vals": [
            -15.599289957544165,
            -11.211535076905605,
            -11.236480795991337,
            -0.6549688542717522,
            -0.8851069615284466,
            -0.6933085212449202,
            -0.6550230021555699,
            -0.6566938274759309,
            -0.7206063391548698,
            -0.7322215993619945,
            -0.6925433536722281,
            -0.6501830033931655,
            -0.5185518948432111,
            -0.5267439361883843
        ]
    },
    "scf_eigenvalues_b": {
        "dims": [
            12
        ],
        "size": 12,
        "vals": [
            -15.546587378077852,
            -11.21359161442438,
            -11.216927416291874,
            -0.6549377643438388,
            -0.800235433603423,
            -0.6719862083225296,
            -0.6721821288051303,
            -0.6544227130531206,
            -0.7045077095408896,
            -0.6130601592997316,
            -0.6554461590413736,
            -0.575426909659094
        ]
    },
    "time": "2024-05-02 15:49:54",
    "wall_time": 104.013267993927
}