{
    "calcinfo_nalpha": 14,
    "calcinfo_natom": 7,
    "calcinfo_nbeta": 14,
    "calcinfo_nmo": 28,
    "molecule": {
        "geometry": [
            [
                -0.00024098191913631296,
                -0.024903842871562706,
                -3.497159921229458
            ],
            [
                0.0005086736927026596,
                0.02000501893689609,
                -0.17169466184178667
            ],
            [
                -0.02220624898028849,
                2.0400505182983446,
                -0.07730249974972164
            ],
            [
                -1.7441077100707425,
                -0.9978032698761474,
                -0.07022793964228093
            ],
            [
                1.767142467645295,
                -0.9589620316350473,
                -0.07083783532623415
            ],
            [
                -0.00022354448401626495,
                0.19514494022072965,
                3.576880636006722
            ],
            [
                7.664239387725804e-05,
                -1.5403402663302999,
                4.107930448780289
            ]
        ],
        "symbols": [
            "F",
            "C",
            "H",
            "H",
            "H",
            "O",
            "H"
        ]
    },
    "parameters": {
        "charge": -1.0,
        "conv_only_dens": false,
        "dconv": 0.0001,
        "derivatives": false,
        "dipole": false,
        "econv": 1e-05,
        "ginitial_hessian": false,
        "gmaxiter": 20,
        "gopt": false,
        "gprec": 0.0001,
        "gtest": false,
        "gtol": 0.0001,
        "gval": 1e-05,
        "k": -1,
        "l": 54.108,
        "lo": 0.0010921,
        "loadbalparts": 2,
        "maxiter": 25,
        "maxrotn": 0.25,
        "maxsub": 10,
        "nalpha": 14,
        "nbeta": 14,
        "nio": 1,
        "nmo_alpha": 14,
        "nmo_beta": 14,
        "no_compute": false,
        "noiter": true,
        "nopen": 0,
        "npt_plot": 101,
        "nv_factor": 1,
        "nvalpha": 0,
        "nvbeta": 0,
        "orbitalshift": 0.0,
        "plot_cell": [],
        "plotcoul": false,
        "plotdens": false,
        "plothi": -1,
        "plotlo": 0,
        "print_level": 3,
        "protocol": [
            1e-06
        ],
        "psp_calc": false,
        "pure_ae": true,
        "restart": true,
        "restartao": false,
        "save": true,
        "smear": 0.0,
        "spin_restricted": true,
        "vnucextra": 2
    },
    "precision": {
        "dconv": 0.0001,
        "econv": 1e-05,
        "eprec": 0.0001,
        "k": 8,
        "thresh": 1e-06
    },
    "return_energy": -215.38245365036272,
    "scf_e_data": {
        "e_coulomb": [
            182.9114626774529
        ],
        "e_kinetic": [
            214.43529303484627
        ],
        "e_local": [
            0.0
        ],
        "e_nrep": [
            69.00549267049327
        ],
        "e_nuclear": [
            -655.7803667970812
        ],
        "e_pcm": [
            0.0
        ],
        "e_tot": [
            -215.38245365036272
        ],
        "e_xc": [
            -25.954335236073923
        ],
        "iterations": 1
    },
    "scf_eigenvalues_a": {
        "dims": [
            14
        ],
        "size": 14,
        "vals": [
            -25.961242593656756,
            -20.2540917707316,
            -11.107850080765115,
            -1.0430359630169477,
            -0.7184324286225661,
            -0.5252069393531009,
            -0.5207956571227761,
            -0.5251828876806273,
            -0.5222188102848544,
            -0.5191356906803768,
            -0.32495251895195487,
            -0.32492734730596373,
            -0.19929688622848296,
            -0.30181869031884023
        ]
    },
    "time": "2024-05-03 15:24:22",
    "wall_time": 6.982553958892822
}