{
    "calcinfo_nalpha": 8,
    "calcinfo_natom": 3,
    "calcinfo_nbeta": 7,
    "calcinfo_nmo": 15,
    "molecule": {
        "geometry": [
            [
                3.57332927502149,
                1.5425240834308585,
                0.0
            ],
            [
                0.8621764252629813,
                -0.6135240843316447,
                0.0
            ],
            [
                -1.0932984783249222,
                0.26732755281987636,
                0.0
            ]
        ],
        "symbols": [
            "H",
            "C",
            "O"
        ]
    },
    "parameters": {
        "charge": 0.0,
        "conv_only_dens": false,
        "dconv": 0.0001,
        "derivatives": false,
        "dipole": false,
        "econv": 1e-05,
        "ginitial_hessian": false,
        "gmaxiter": 20,
        "gopt": false,
        "gprec": 0.0001,
        "gtest": false,
        "gtol": 0.0001,
        "gval": 1e-05,
        "k": -1,
        "l": 53.573,
        "lo": 0.001329,
        "loadbalparts": 2,
        "maxiter": 25,
        "maxrotn": 0.25,
        "maxsub": 10,
        "nalpha": 8,
        "nbeta": 7,
        "nio": 1,
        "nmo_alpha": 8,
        "nmo_beta": 7,
        "no_compute": false,
        "noiter": false,
        "nopen": 1,
        "npt_plot": 101,
        "nv_factor": 1,
        "nvalpha": 0,
        "nvbeta": 0,
        "orbitalshift": 0.0,
        "plot_cell": [],
        "plotcoul": false,
        "plotdens": false,
        "plothi": -1,
        "plotlo": 0,
        "print_level": 3,
        "protocol": [
            0.0001,
            1e-06
        ],
        "psp_calc": false,
        "pure_ae": true,
        "restart": false,
        "restartao": false,
        "save": true,
        "smear": 0.0,
        "spin_restricted": false,
        "vnucextra": 2
    },
    "precision": {
        "dconv": 0.0001,
        "econv": 1e-05,
        "eprec": 0.0001,
        "k": 8,
        "thresh": 1e-06
    },
    "return_energy": -113.27606422617967,
    "scf_e_data": {
        "e_coulomb": [
            80.99325079867941,
            79.69861153119544,
            79.99329822242674,
            79.8771309166394,
            79.82751549974708,
            79.83058708381158,
            79.84661022250042,
            79.8338626510461,
            79.83046202419027,
            79.82672530084267,
            79.81951241938755,
            79.82182335394238,
            79.82324278830674,
            79.82396387738703,
            79.82388159788123,
            79.82408982830178
        ],
        "e_kinetic": [
            113.874523349947,
            112.78757551871769,
            113.08876593382462,
            113.07233799026872,
            113.08126085905987,
            113.12865293907703,
            113.13864681285798,
            113.1425139242115,
            113.1464701265746,
            113.15024782005733,
            113.14342006874344,
            113.14471885501325,
            113.14533291449592,
            113.14603208523874,
            113.1464816873145,
            113.14674476359662
        ],
        "e_local": [
            0.0,
            0.0,
            0.0,
            0.0,
            0.0,
            0.0,
            0.0,
            0.0,
            0.0,
            0.0,
            0.0,
            0.0,
            0.0,
            0.0,
            0.0,
            0.0
        ],
        "e_nrep": [
            25.76644846766459,
            25.76644846766459,
            25.76644846766459,
            25.76644846766459,
            25.76644846766459,
            25.76644846766459,
            25.76644846766459,
            25.76644846766459,
            25.76644846766459,
            25.76644846766459,
            25.76644846766459,
            25.76644846766459,
            25.76644846766459,
            25.76644846766459,
            25.76644846766459,
            25.76644846766459
        ],
        "e_nuclear": [
            -320.0425285260627,
            -317.94346921490876,
            -318.5025314949877,
            -318.3692953718156,
            -318.32112456808875,
            -318.3539766749344,
            -318.3789298233294,
            -318.3687082006907,
            -318.3708493186284,
            -318.3704835479533,
            -318.3577569821812,
            -318.36093279264503,
            -318.3629573810589,
            -318.36423170607395,
            -318.3642298670753,
            -318.3657403684882
        ],
        "e_pcm": [
            0.0,
            0.0,
            0.0,
            0.0,
            0.0,
            0.0,
            0.0,
            0.0,
            0.0,
            0.0,
            0.0,
            0.0,
            0.0,
            0.0,
            0.0,
            0.0
        ],
        "e_tot": [
            -113.08681088731652,
            -113.23893947256238,
            -113.25784294173124,
            -113.2662509067622,
            -113.27120064002148,
            -113.2746651536873,
            -113.27500545030196,
            -113.27516279645027,
            -113.27521283007727,
            -113.2752479110215,
            -113.27528040371482,
            -113.27527871381167,
            -113.27531177674027,
            -113.2753091538134,
            -113.2748959672852,
            -113.27606422617967
        ],
        "e_xc": [
            -13.678504977544817,
            -13.548105775231347,
            -13.603824070659492,
            -13.612872909519286,
            -13.625300898404241,
            -13.646376969306065,
            -13.647781129995586,
            -13.649279638681762,
            -13.647744129878301,
            -13.648185951632783,
            -13.646904377329212,
            -13.647336597786849,
            -13.647378566148621,
            -13.647521878029817,
            -13.647477853070207,
            -13.647606917254441
        ],
        "iterations": 16
    },
    "scf_eigenvalues_a": {
        "dims": [
            8
        ],
        "size": 8,
        "vals": [
            -20.65105996944098,
            -11.353161340688956,
            -1.4481357551005418,
            -0.8688328950224089,
            -0.6467362162877413,
            -0.6366312382916175,
            -0.597332432341628,
            -0.514355701424559
        ]
    },
    "scf_eigenvalues_b": {
        "dims": [
            7
        ],
        "size": 7,
        "vals": [
            -20.646126974497104,
            -11.350322636048382,
            -1.4428682828907307,
            -0.856592880738392,
            -0.6233930086133523,
            -0.6322626052079845,
            -0.5982178475589874
        ]
    },
    "time": "2024-05-02 14:54:50",
    "wall_time": 58.01886701583862
}