{
    "calcinfo_nalpha": 10,
    "calcinfo_natom": 6,
    "calcinfo_nbeta": 8,
    "calcinfo_nmo": 18,
    "molecule": {
        "geometry": [
            [
                -0.0006354859593832063,
                -2.1586097455171003,
                0.0
            ],
            [
                1.9953641840755099,
                -2.6168504264764887,
                0.0
            ],
            [
                -0.9830817663569343,
                -2.6595400980324078,
                1.724280137519972
            ],
            [
                -0.9830817663569343,
                -2.6595400980324078,
                -1.724280137519972
            ],
            [
                -0.021833225907959934,
                0.30254429348266226,
                0.0
            ],
            [
                -0.0004443137121727713,
                2.573130600270156,
                0.0
            ]
        ],
        "symbols": [
            "C",
            "H",
            "H",
            "H",
            "H",
            "O"
        ]
    },
    "parameters": {
        "charge": 0.0,
        "conv_only_dens": false,
        "dconv": 0.0001,
        "derivatives": false,
        "dipole": false,
        "econv": 1e-05,
        "ginitial_hessian": false,
        "gmaxiter": 20,
        "gopt": false,
        "gprec": 0.0001,
        "gtest": false,
        "gtol": 0.0001,
        "gval": 1e-05,
        "k": -1,
        "l": 52.66,
        "lo": 0.001329,
        "loadbalparts": 2,
        "maxiter": 25,
        "maxrotn": 0.25,
        "maxsub": 10,
        "nalpha": 10,
        "nbeta": 8,
        "nio": 1,
        "nmo_alpha": 10,
        "nmo_beta": 8,
        "no_compute": false,
        "noiter": true,
        "nopen": 2,
        "npt_plot": 101,
        "nv_factor": 1,
        "nvalpha": 0,
        "nvbeta": 0,
        "orbitalshift": 0.0,
        "plot_cell": [],
        "plotcoul": false,
        "plotdens": false,
        "plothi": -1,
        "plotlo": 0,
        "print_level": 3,
        "protocol": [
            1e-06
        ],
        "psp_calc": false,
        "pure_ae": true,
        "restart": true,
        "restartao": false,
        "save": true,
        "smear": 0.0,
        "spin_restricted": false,
        "vnucextra": 2
    },
    "precision": {
        "dconv": 0.0001,
        "econv": 1e-05,
        "eprec": 0.0001,
        "k": 8,
        "thresh": 1e-06
    },
    "return_energy": -115.45415630204786,
    "scf_e_data": {
        "e_coulomb": [
            86.76775267776608
        ],
        "e_kinetic": [
            114.96533882611403
        ],
        "e_local": [
            0.0
        ],
        "e_nrep": [
            30.91033030907062
        ],
        "e_nuclear": [
            -332.84406993775946
        ],
        "e_pcm": [
            0.0
        ],
        "e_tot": [
            -115.45415630204786
        ],
        "e_xc": [
            -15.253508177239112
        ],
        "iterations": 1
    },
    "scf_eigenvalues_a": {
        "dims": [
            10
        ],
        "size": 10,
        "vals": [
            -20.650567627416486,
            -11.248884365266644,
            -1.0315246177650752,
            -0.7026727614075592,
            -0.7026727516509959,
            -0.7025594333091405,
            -1.0068881320061673,
            -0.5672738044679204,
            -0.664618423131623,
            -0.5845774882089594
        ]
    },
    "scf_eigenvalues_b": {
        "dims": [
            8
        ],
        "size": 8,
        "vals": [
            -20.58151052944984,
            -11.231160367641579,
            -1.0111660821991566,
            -0.6861364485040986,
            -0.6861363719020996,
            -0.6857544854025833,
            -0.6635025494005822,
            -0.49129030883091174
        ]
    },
    "time": "2024-05-02 17:28:11",
    "wall_time": 7.530035972595215
}