{
    "calcinfo_nalpha": 9,
    "calcinfo_natom": 5,
    "calcinfo_nbeta": 8,
    "calcinfo_nmo": 17,
    "molecule": {
        "geometry": [
            [
                -0.12155465948081313,
                -0.051728927314713985,
                1.2928488717806028
            ],
            [
                0.041763024568516,
                0.23661453670247606,
                -1.2663609985893571
            ],
            [
                -0.11786220444605222,
                -1.3807576682225065,
                -2.0607729097607925
            ],
            [
                0.3208453558865065,
                -1.871852537892907,
                2.1042467705765837
            ],
            [
                0.1922406088962963,
                1.6700674763838887,
                2.3303208972154503
            ]
        ],
        "symbols": [
            "C",
            "O",
            "H",
            "H",
            "H"
        ]
    },
    "parameters": {
        "charge": 0.0,
        "conv_only_dens": false,
        "dconv": 0.0001,
        "derivatives": false,
        "dipole": false,
        "econv": 1e-05,
        "ginitial_hessian": false,
        "gmaxiter": 20,
        "gopt": false,
        "gprec": 0.0001,
        "gtest": false,
        "gtol": 0.0001,
        "gval": 1e-05,
        "k": -1,
        "l": 52.33,
        "lo": 0.001329,
        "loadbalparts": 2,
        "maxiter": 25,
        "maxrotn": 0.25,
        "maxsub": 10,
        "nalpha": 9,
        "nbeta": 8,
        "nio": 1,
        "nmo_alpha": 9,
        "nmo_beta": 8,
        "no_compute": false,
        "noiter": false,
        "nopen": 1,
        "npt_plot": 101,
        "nv_factor": 1,
        "nvalpha": 0,
        "nvbeta": 0,
        "orbitalshift": 0.0,
        "plot_cell": [],
        "plotcoul": false,
        "plotdens": false,
        "plothi": -1,
        "plotlo": 0,
        "print_level": 3,
        "protocol": [
            0.0001,
            1e-06
        ],
        "psp_calc": false,
        "pure_ae": true,
        "restart": false,
        "restartao": false,
        "save": true,
        "smear": 0.0,
        "spin_restricted": false,
        "vnucextra": 2
    },
    "precision": {
        "dconv": 0.0001,
        "econv": 1e-05,
        "eprec": 0.0001,
        "k": 8,
        "thresh": 1e-06
    },
    "return_energy": -114.4748722985064,
    "scf_e_data": {
        "e_coulomb": [
            93.12238664240988,
            90.62145355083004,
            90.96814248481988,
            90.83964116391614,
            90.81766822762165,
            90.83784711253482,
            90.85892440887609,
            90.86459312301412,
            90.86870200757474,
            90.87150880160084,
            90.87131386058056,
            90.87081737538497,
            90.87069585777765,
            90.87027590652825
        ],
        "e_kinetic": [
            115.86624199123568,
            114.04637457920839,
            114.38263284971316,
            114.34483280208602,
            114.35336151688588,
            114.37083490834792,
            114.38107050105978,
            114.38302988908961,
            114.38473563442379,
            114.38525400000673,
            114.38407731792896,
            114.38380357890429,
            114.3844388108877,
            114.3840046168252
        ],
        "e_local": [
            0.0,
            0.0,
            0.0,
            0.0,
            0.0,
            0.0,
            0.0,
            0.0,
            0.0,
            0.0,
            0.0,
            0.0,
            0.0,
            0.0
        ],
        "e_nrep": [
            35.35180602094966,
            35.35180602094966,
            35.35180602094966,
            35.35180602094966,
            35.35180602094966,
            35.35180602094966,
            35.35180602094966,
            35.35180602094966,
            35.35180602094966,
            35.35180602094966,
            35.35180602094966,
            35.35180602094966,
            35.35180602094966,
            35.35180602094966
        ],
        "e_nuclear": [
            -343.9587463869293,
            -340.0585307362514,
            -340.6943220710846,
            -340.5308123256719,
            -340.5111407250964,
            -340.54158867864624,
            -340.5695880928014,
            -340.57713045021046,
            -340.58270074875304,
            -340.5857686977777,
            -340.58445054744635,
            -340.5837707887039,
            -340.5837653842498,
            -340.584401515682
        ],
        "e_pcm": [
            0.0,
            0.0,
            0.0,
            0.0,
            0.0,
            0.0,
            0.0,
            0.0,
            0.0,
            0.0,
            0.0,
            0.0,
            0.0,
            0.0
        ],
        "e_tot": [
            -114.27876851170117,
            -114.45118270263282,
            -114.46653774095711,
            -114.47082668916144,
            -114.47244027973005,
            -114.4732669290616,
            -114.47361790321133,
            -114.47372966021302,
            -114.47375693892033,
            -114.47376089526927,
            -114.47377494063704,
            -114.47378709804227,
            -114.47329294712034,
            -114.4748722985064
        ],
        "e_xc": [
            -14.660456779367074,
            -14.41228611736953,
            -14.474797025355171,
            -14.47629435044134,
            -14.4841353200908,
            -14.492166292247745,
            -14.49583074129549,
            -14.49602824305594,
            -14.496299853115483,
            -14.496561020048778,
            -14.496521592649845,
            -14.496443284577307,
            -14.496468252485561,
            -14.496557327127508
        ],
        "iterations": 14
    },
    "scf_eigenvalues_a": {
        "dims": [
            9
        ],
        "size": 9,
        "vals": [
            -20.58073230785252,
            -11.272288830231314,
            -1.0124250544752194,
            -1.0052040620511993,
            -0.7349919987994737,
            -0.7261546899919731,
            -0.5437542805193849,
            -0.7227658701097548,
            -0.41830997130803116
        ]
    },
    "scf_eigenvalues_b": {
        "dims": [
            8
        ],
        "size": 8,
        "vals": [
            -20.574171649872756,
            -11.248613611415468,
            -1.0070406166968993,
            -0.9943943559544413,
            -0.695065650611085,
            -0.6874058250117849,
            -0.5234169362264942,
            -0.7062240255101129
        ]
    },
    "time": "2024-05-02 14:34:41",
    "wall_time": 60.897571086883545
}