{
    "calcinfo_nalpha": 19,
    "calcinfo_natom": 13,
    "calcinfo_nbeta": 19,
    "calcinfo_nmo": 38,
    "molecule": {
        "geometry": [
            [
                3.8845898790019127,
                -1.157030899438351,
                1.0475056463740503e-05
            ],
            [
                2.3264402889366926,
                1.2102696271840916,
                1.6748431306891837e-06
            ],
            [
                -0.19961886029298853,
                1.38758020587348,
                -1.288311322551352e-05
            ],
            [
                -1.9984904709579203,
                -0.7075265592396421,
                -2.0296886836842145e-05
            ],
            [
                -4.504320576981472,
                -0.3759339788852452,
                1.618575003252321e-05
            ],
            [
                5.111894381401194,
                -1.2123633621792294,
                1.6575218899537407
            ],
            [
                5.111925516364127,
                -1.2123489853022453,
                -1.6574783675170284
            ],
            [
                2.742619397126435,
                -2.8649807740812365,
                -9.67755867261188e-06
            ],
            [
                3.3895407547834373,
                2.9623095316556793,
                5.802243475710608e-06
            ],
            [
                -1.0313295079333487,
                3.2609905357292748,
                -1.676294118446315e-05
            ],
            [
                -1.2571608401931422,
                -2.6139498762480544,
                -5.699890875886723e-05
            ],
            [
                -5.791431031126909,
                -1.9610088005593305,
                1.130112409637015e-05
            ],
            [
                -5.327660228659146,
                1.4972013580191397,
                5.187970694395913e-05
            ]
        ],
        "symbols": [
            "C",
            "C",
            "C",
            "C",
            "C",
            "H",
            "H",
            "H",
            "H",
            "H",
            "H",
            "H",
            "H"
        ]
    },
    "parameters": {
        "charge": 0.0,
        "conv_only_dens": false,
        "dconv": 0.0001,
        "derivatives": false,
        "dipole": false,
        "econv": 1e-05,
        "ginitial_hessian": false,
        "gmaxiter": 20,
        "gopt": false,
        "gprec": 0.0001,
        "gtest": false,
        "gtol": 0.0001,
        "gval": 1e-05,
        "k": -1,
        "l": 55.791,
        "lo": 0.0021467,
        "loadbalparts": 2,
        "maxiter": 25,
        "maxrotn": 0.25,
        "maxsub": 10,
        "nalpha": 19,
        "nbeta": 19,
        "nio": 1,
        "nmo_alpha": 19,
        "nmo_beta": 19,
        "no_compute": false,
        "noiter": true,
        "nopen": 0,
        "npt_plot": 101,
        "nv_factor": 1,
        "nvalpha": 0,
        "nvbeta": 0,
        "orbitalshift": 0.0,
        "plot_cell": [],
        "plotcoul": false,
        "plotdens": false,
        "plothi": -1,
        "plotlo": 0,
        "print_level": 3,
        "protocol": [
            1e-06
        ],
        "psp_calc": false,
        "pure_ae": true,
        "restart": true,
        "restartao": false,
        "save": true,
        "smear": 0.0,
        "spin_restricted": true,
        "vnucextra": 2
    },
    "precision": {
        "dconv": 0.0001,
        "econv": 1e-05,
        "eprec": 0.0001,
        "k": 8,
        "thresh": 1e-06
    },
    "return_energy": -195.07195413530675,
    "scf_e_data": {
        "e_coulomb": [
            247.74701445563625
        ],
        "e_kinetic": [
            193.82596589316046
        ],
        "e_local": [
            0.0
        ],
        "e_nrep": [
            155.81513780642135
        ],
        "e_nuclear": [
            -762.6616999457269
        ],
        "e_pcm": [
            0.0
        ],
        "e_tot": [
            -195.07195413530675
        ],
        "e_xc": [
            -29.798372344797844
        ],
        "iterations": 1
    },
    "scf_eigenvalues_a": {
        "dims": [
            19
        ],
        "size": 19,
        "vals": [
            -11.21501580906143,
            -11.21351826206146,
            -11.224891736435112,
            -11.217118859463234,
            -11.225162264208745,
            -0.8522659862004829,
            -0.8484818177851756,
            -0.659254617336842,
            -0.7660748668829767,
            -0.6872380927351758,
            -0.6824323432807253,
            -0.7251702651695546,
            -0.6810200398872532,
            -0.6592550263630553,
            -0.6803874782336035,
            -0.6631691834690657,
            -0.6777619096416654,
            -0.37957039719024643,
            -0.38147541427580434
        ]
    },
    "time": "2024-05-02 17:21:09",
    "wall_time": 11.123008012771606
}