{
    "calcinfo_nalpha": 22,
    "calcinfo_natom": 6,
    "calcinfo_nbeta": 22,
    "calcinfo_nmo": 44,
    "molecule": {
        "geometry": [
            [
                -0.0002709602777017297,
                -0.0002428861046891896,
                4.389044873223128
            ],
            [
                0.0009826181958274166,
                0.0009052060774621273,
                -0.00016089868329034624
            ],
            [
                1.417221725631755,
                -1.4400967580059147,
                0.00014606869681221664
            ],
            [
                -1.9550465347022952,
                -0.505091633163889,
                -0.0006044870769666461
            ],
            [
                0.5408066930577653,
                1.9479257713902542,
                0.00015353493566031245
            ],
            [
                -0.0002512510847799983,
                -0.00023762075914746732,
                -4.38897015113229
            ]
        ],
        "symbols": [
            "Cl",
            "C",
            "H",
            "H",
            "H",
            "Cl"
        ]
    },
    "parameters": {
        "charge": -1.0,
        "conv_only_dens": false,
        "dconv": 0.0001,
        "derivatives": false,
        "dipole": false,
        "econv": 1e-05,
        "ginitial_hessian": false,
        "gmaxiter": 20,
        "gopt": false,
        "gprec": 0.0001,
        "gtest": false,
        "gtol": 0.0001,
        "gval": 1e-05,
        "k": -1,
        "l": 54.389,
        "lo": 0.00037839,
        "loadbalparts": 2,
        "maxiter": 25,
        "maxrotn": 0.25,
        "maxsub": 10,
        "nalpha": 22,
        "nbeta": 22,
        "nio": 1,
        "nmo_alpha": 22,
        "nmo_beta": 22,
        "no_compute": false,
        "noiter": false,
        "nopen": 0,
        "npt_plot": 101,
        "nv_factor": 1,
        "nvalpha": 0,
        "nvbeta": 0,
        "orbitalshift": 0.0,
        "plot_cell": [],
        "plotcoul": false,
        "plotdens": false,
        "plothi": -1,
        "plotlo": 0,
        "print_level": 3,
        "protocol": [
            0.0001,
            1e-06
        ],
        "psp_calc": false,
        "pure_ae": true,
        "restart": false,
        "restartao": false,
        "save": true,
        "smear": 0.0,
        "spin_restricted": true,
        "vnucextra": 2
    },
    "precision": {
        "dconv": 0.0001,
        "econv": 1e-05,
        "eprec": 0.0001,
        "k": 8,
        "thresh": 1e-06
    },
    "return_energy": -958.7201154988119,
    "scf_e_data": {
        "e_coulomb": [
            551.2518329580199,
            542.8049614575589,
            545.4275629993966,
            545.5137534223654,
            545.4364028949856,
            545.4211982794809,
            545.4602749404092,
            545.4833087388208,
            545.4823052193456,
            545.4806316350952,
            545.4798630201697,
            545.4864254561769,
            545.4918473785332
        ],
        "e_kinetic": [
            960.996635390567,
            956.8525742987011,
            958.4682222461264,
            958.7594389769885,
            958.7795516511355,
            958.7513372927405,
            958.7417927500669,
            958.7487092289745,
            958.752068285188,
            958.7531696407109,
            958.7544131966031,
            958.7328976749263,
            958.7312381300806
        ],
        "e_local": [
            0.0,
            0.0,
            0.0,
            0.0,
            0.0,
            0.0,
            0.0,
            0.0,
            0.0,
            0.0,
            0.0,
            0.0,
            0.0
        ],
        "e_nrep": [
            110.27956364161341,
            110.27956364161341,
            110.27956364161341,
            110.27956364161341,
            110.27956364161341,
            110.27956364161341,
            110.27956364161341,
            110.27956364161341,
            110.27956364161341,
            110.27956364161341,
            110.27956364161341,
            110.27956364161341,
            110.27956364161341
        ],
        "e_nuclear": [
            -2519.176131354048,
            -2507.336286598029,
            -2511.395215906576,
            -2511.7458800737404,
            -2511.682781599832,
            -2511.6365311790373,
            -2511.662603728305,
            -2511.6907446015925,
            -2511.693336677323,
            -2511.6929175017317,
            -2511.6929635730994,
            -2511.680786779052,
            -2511.684136182041
        ],
        "e_pcm": [
            0.0,
            0.0,
            0.0,
            0.0,
            0.0,
            0.0,
            0.0,
            0.0,
            0.0,
            0.0,
            0.0,
            0.0,
            0.0
        ],
        "e_tot": [
            -958.4706454705778,
            -958.6826457869319,
            -958.7043962473646,
            -958.7122639653966,
            -958.7154154375388,
            -958.7165860452668,
            -958.7170246689237,
            -958.717139990728,
            -958.7171454756632,
            -958.7171952286989,
            -958.716810133406,
            -958.720105894056,
            -958.7201154988119
        ],
        "e_xc": [
            -61.82254610673028,
            -61.283458586776426,
            -61.484529227924966,
            -61.519139932623304,
            -61.52815202544117,
            -61.53215408006443,
            -61.53605227270828,
            -61.537976998544025,
            -61.53774594448744,
            -61.53764264438666,
            -61.53768641869286,
            -61.53820588772066,
            -61.53862846699786
        ],
        "iterations": 13
    },
    "scf_eigenvalues_a": {
        "dims": [
            22
        ],
        "size": 22,
        "vals": [
            -104.58539856827531,
            -104.5853591401985,
            -11.16769895334983,
            -10.310837799163629,
            -10.313369155296272,
            -7.7792647924785925,
            -7.781784425672139,
            -7.778279242589381,
            -7.7793367690934545,
            -7.7786085983652065,
            -7.778863694872591,
            -0.7613436905861941,
            -0.7613287511456401,
            -0.5904107991640597,
            -0.5904085483934656,
            -0.5904197295366196,
            -0.32050957735393437,
            -0.23737582407177227,
            -0.23737593174901495,
            -0.23741120449223807,
            -0.23741120858382647,
            -0.32043372228919775
        ]
    },
    "time": "2024-05-03 15:17:49",
    "wall_time": 123.74933815002441
}