{
    "calcinfo_nalpha": 18,
    "calcinfo_natom": 6,
    "calcinfo_nbeta": 18,
    "calcinfo_nmo": 36,
    "molecule": {
        "geometry": [
            [
                -5.005018954776318,
                8.548079739339537e-10,
                0.0
            ],
            [
                -2.3435787469627,
                6.873658870198777e-10,
                0.0
            ],
            [
                -1.6750687011306722,
                -0.9682200807999811,
                -1.6770063517372167
            ],
            [
                -1.6750687011306722,
                -0.9682200807999811,
                1.6770063517372167
            ],
            [
                -1.6750687009479281,
                1.936440144638622,
                0.0
            ],
            [
                3.772461716351314,
                3.0258077111846965e-10,
                0.0
            ]
        ],
        "symbols": [
            "F",
            "C",
            "H",
            "H",
            "H",
            "Cl"
        ]
    },
    "parameters": {
        "charge": -1.0,
        "conv_only_dens": false,
        "dconv": 0.0001,
        "derivatives": false,
        "dipole": false,
        "econv": 1e-05,
        "ginitial_hessian": false,
        "gmaxiter": 20,
        "gopt": false,
        "gprec": 0.0001,
        "gtest": false,
        "gtol": 0.0001,
        "gval": 1e-05,
        "k": -1,
        "l": 55.005,
        "lo": 0.00037839,
        "loadbalparts": 2,
        "maxiter": 25,
        "maxrotn": 0.25,
        "maxsub": 10,
        "nalpha": 18,
        "nbeta": 18,
        "nio": 1,
        "nmo_alpha": 18,
        "nmo_beta": 18,
        "no_compute": false,
        "noiter": false,
        "nopen": 0,
        "npt_plot": 101,
        "nv_factor": 1,
        "nvalpha": 0,
        "nvbeta": 0,
        "orbitalshift": 0.0,
        "plot_cell": [],
        "plotcoul": false,
        "plotdens": false,
        "plothi": -1,
        "plotlo": 0,
        "print_level": 3,
        "protocol": [
            0.0001,
            1e-06
        ],
        "psp_calc": false,
        "pure_ae": true,
        "restart": false,
        "restartao": false,
        "save": true,
        "smear": 0.0,
        "spin_restricted": true,
        "vnucextra": 2
    },
    "precision": {
        "dconv": 0.0001,
        "econv": 1e-05,
        "eprec": 0.0001,
        "k": 8,
        "thresh": 1e-06
    },
    "return_energy": -598.6975341364439,
    "scf_e_data": {
        "e_coulomb": [
            366.40344780755436,
            356.88741950036416,
            360.00219328688524,
            360.8192539523112,
            360.6339404784303,
            360.5680929939722,
            360.567712281325,
            360.5790830740955,
            360.5881595416147,
            360.58785390113235,
            360.5872373649122,
            360.5876263863546,
            360.59388992207
        ],
        "e_kinetic": [
            601.4557376363829,
            596.348655116265,
            598.1711768133915,
            598.7190487942627,
            598.6450907096587,
            598.6237369605035,
            598.6307957196475,
            598.632846967248,
            598.6347043763732,
            598.6348807677364,
            598.6361957213961,
            598.6291445333139,
            598.6332980344285
        ],
        "e_local": [
            0.0,
            0.0,
            0.0,
            0.0,
            0.0,
            0.0,
            0.0,
            0.0,
            0.0,
            0.0,
            0.0,
            0.0,
            0.0
        ],
        "e_nrep": [
            79.90971342577299,
            79.90971342577299,
            79.90971342577299,
            79.90971342577299,
            79.90971342577299,
            79.90971342577299,
            79.90971342577299,
            79.90971342577299,
            79.90971342577299,
            79.90971342577299,
            79.90971342577299,
            79.90971342577299,
            79.90971342577299
        ],
        "e_nuclear": [
            -1601.7095967859007,
            -1588.0107891171929,
            -1592.7420644215758,
            -1594.0347740572142,
            -1593.7840439802922,
            -1593.6984985583335,
            -1593.7029829892836,
            -1593.7153893266204,
            -1593.7258391392422,
            -1593.7257473914665,
            -1593.7257881772684,
            -1593.721979933292,
            -1593.731783462215
        ],
        "e_pcm": [
            0.0,
            0.0,
            0.0,
            0.0,
            0.0,
            0.0,
            0.0,
            0.0,
            0.0,
            0.0,
            0.0,
            0.0,
            0.0
        ],
        "e_tot": [
            -598.4233443930585,
            -598.6410647021022,
            -598.6860814113685,
            -598.6932567950703,
            -598.6942747953019,
            -598.6948505637639,
            -598.6950496219462,
            -598.6951352122514,
            -598.6951448562722,
            -598.6951651103295,
            -598.6944689879954,
            -598.6975249682158,
            -598.6975341364439
        ],
        "e_xc": [
            -44.4826464768681,
            -43.776063627311444,
            -44.02710051584243,
            -44.106498910202916,
            -44.09897542887172,
            -44.09789538567907,
            -44.1002880594081,
            -44.10138935274753,
            -44.10188306079089,
            -44.10186581350479,
            -44.101827322808255,
            -44.10202938036534,
            -44.10265205650047
        ],
        "iterations": 13
    },
    "scf_eigenvalues_a": {
        "dims": [
            18
        ],
        "size": 18,
        "vals": [
            -104.51693575354457,
            -26.13125299882475,
            -11.140561206093022,
            -10.2412653281248,
            -7.710945450214524,
            -7.709223283264695,
            -7.711048392233998,
            -1.0432159021128427,
            -0.7518638348066702,
            -0.54694763193443,
            -0.9650732398976372,
            -0.5469486138669692,
            -0.5469507320692488,
            -0.49348635849121303,
            -0.49348403647827777,
            -0.17130372237419467,
            -0.16874932284848976,
            -0.1687490458605354
        ]
    },
    "time": "2024-05-03 15:06:39",
    "wall_time": 88.6026291847229
}