{
    "calcinfo_nalpha": 10,
    "calcinfo_natom": 7,
    "calcinfo_nbeta": 8,
    "calcinfo_nmo": 18,
    "molecule": {
        "geometry": [
            [
                -5.681979521541536e-05,
                -0.021024924004038305,
                2.266871780891879
            ],
            [
                2.7945076170656802e-05,
                0.2454043675877129,
                -2.646968578131621
            ],
            [
                1.7632211552757355,
                -0.969298787238248,
                2.69600179040121
            ],
            [
                -1.6783489182901343,
                -1.1175519607992144,
                2.68324175154944
            ],
            [
                -0.08651991321176317,
                1.9328201877967883,
                2.872831908408967
            ],
            [
                0.0018911982567513166,
                0.23979929847751805,
                -0.35701740444759067
            ],
            [
                -9.821879249159309e-05,
                -1.6774497673266036,
                -2.967508684341951
            ]
        ],
        "symbols": [
            "C",
            "N",
            "H",
            "H",
            "H",
            "H",
            "H"
        ]
    },
    "parameters": {
        "charge": 0.0,
        "conv_only_dens": false,
        "dconv": 0.0001,
        "derivatives": false,
        "dipole": false,
        "econv": 1e-05,
        "ginitial_hessian": false,
        "gmaxiter": 20,
        "gopt": false,
        "gprec": 0.0001,
        "gtest": false,
        "gtol": 0.0001,
        "gval": 1e-05,
        "k": -1,
        "l": 52.968,
        "lo": 0.0016603,
        "loadbalparts": 2,
        "maxiter": 25,
        "maxrotn": 0.25,
        "maxsub": 10,
        "nalpha": 10,
        "nbeta": 8,
        "nio": 1,
        "nmo_alpha": 10,
        "nmo_beta": 8,
        "no_compute": false,
        "noiter": true,
        "nopen": 2,
        "npt_plot": 101,
        "nv_factor": 1,
        "nvalpha": 0,
        "nvbeta": 0,
        "orbitalshift": 0.0,
        "plot_cell": [],
        "plotcoul": false,
        "plotdens": false,
        "plothi": -1,
        "plotlo": 0,
        "print_level": 3,
        "protocol": [
            1e-06
        ],
        "psp_calc": false,
        "pure_ae": true,
        "restart": true,
        "restartao": false,
        "save": true,
        "smear": 0.0,
        "spin_restricted": false,
        "vnucextra": 2
    },
    "precision": {
        "dconv": 0.0001,
        "econv": 1e-05,
        "eprec": 0.0001,
        "k": 8,
        "thresh": 1e-06
    },
    "return_energy": -95.60033682215197,
    "scf_e_data": {
        "e_coulomb": [
            79.05917330906937
        ],
        "e_kinetic": [
            95.09502723324158
        ],
        "e_local": [
            0.0
        ],
        "e_nrep": [
            33.459542399191626
        ],
        "e_nuclear": [
            -289.2518259986185
        ],
        "e_pcm": [
            0.0
        ],
        "e_tot": [
            -95.60033682215197
        ],
        "e_xc": [
            -13.962253765036074
        ],
        "iterations": 1
    },
    "scf_eigenvalues_a": {
        "dims": [
            10
        ],
        "size": 10,
        "vals": [
            -15.602300089954628,
            -11.236424678675426,
            -0.8863610747769695,
            -0.6969921211085612,
            -0.695396389762807,
            -0.6969306466421226,
            -0.7630626601533379,
            -0.6379833635982659,
            -0.5216555928150943,
            -0.5137915406235671
        ]
    },
    "scf_eigenvalues_b": {
        "dims": [
            8
        ],
        "size": 8,
        "vals": [
            -15.549956834986482,
            -11.216558794600129,
            -0.8042680034169045,
            -0.6749825511352178,
            -0.6734816921812207,
            -0.6748680355701165,
            -0.6258553212382293,
            -0.5711073641873297
        ]
    },
    "time": "2024-05-02 17:29:20",
    "wall_time": 8.069369077682495
}