{
    "calcinfo_nalpha": 9,
    "calcinfo_natom": 2,
    "calcinfo_nbeta": 9,
    "calcinfo_nmo": 18,
    "molecule": {
        "geometry": [
            [
                0.0,
                0.0,
                1.318280093465807
            ],
            [
                0.0,
                0.0,
                -1.318280093465807
            ]
        ],
        "symbols": [
            "F",
            "F"
        ]
    },
    "parameters": {
        "charge": 0.0,
        "conv_only_dens": false,
        "dconv": 0.0001,
        "derivatives": false,
        "dipole": false,
        "econv": 1e-05,
        "ginitial_hessian": false,
        "gmaxiter": 20,
        "gopt": false,
        "gprec": 0.0001,
        "gtest": false,
        "gtol": 0.0001,
        "gval": 1e-05,
        "k": -1,
        "l": 51.318,
        "lo": 0.0010921,
        "loadbalparts": 2,
        "maxiter": 25,
        "maxrotn": 0.25,
        "maxsub": 10,
        "nalpha": 9,
        "nbeta": 9,
        "nio": 1,
        "nmo_alpha": 9,
        "nmo_beta": 9,
        "no_compute": false,
        "noiter": false,
        "nopen": 0,
        "npt_plot": 101,
        "nv_factor": 1,
        "nvalpha": 0,
        "nvbeta": 0,
        "orbitalshift": 0.0,
        "plot_cell": [],
        "plotcoul": false,
        "plotdens": false,
        "plothi": -1,
        "plotlo": 0,
        "print_level": 3,
        "protocol": [
            0.0001,
            1e-06
        ],
        "psp_calc": false,
        "pure_ae": true,
        "restart": false,
        "restartao": false,
        "save": true,
        "smear": 0.0,
        "spin_restricted": true,
        "vnucextra": 2
    },
    "precision": {
        "dconv": 0.0001,
        "econv": 1e-05,
        "eprec": 0.0001,
        "k": 8,
        "thresh": 1e-06
    },
    "return_energy": -198.7753491087867,
    "scf_e_data": {
        "e_coulomb": [
            129.42630453473868,
            129.79606056090483,
            129.7842091843832,
            129.78915262244425,
            129.7952325514839,
            129.79547864778647,
            129.79521391825713,
            129.79506727378987,
            129.7959659485815,
            129.7969403765203
        ],
        "e_kinetic": [
            198.0130946881488,
            198.3865946994608,
            198.5298983302459,
            198.59198702852507,
            198.60234756329734,
            198.59849125698034,
            198.59674592024774,
            198.59726890535916,
            198.60721930694157,
            198.6119314253758
        ],
        "e_local": [
            0.0,
            0.0,
            0.0,
            0.0,
            0.0,
            0.0,
            0.0,
            0.0,
            0.0,
            0.0
        ],
        "e_nrep": [
            30.72184750474689,
            30.72184750474689,
            30.72184750474689,
            30.72184750474689,
            30.72184750474689,
            30.72184750474689,
            30.72184750474689,
            30.72184750474689,
            30.72184750474689,
            30.72184750474689
        ],
        "e_nuclear": [
            -536.8769984386178,
            -537.7138029656537,
            -537.8488935518042,
            -537.9124066150678,
            -537.927072967125,
            -537.9232026363884,
            -537.921188983218,
            -537.9212116996031,
            -537.9328728185611,
            -537.938328279655
        ],
        "e_pcm": [
            0.0,
            0.0,
            0.0,
            0.0,
            0.0,
            0.0,
            0.0,
            0.0,
            0.0,
            0.0
        ],
        "e_tot": [
            -198.63154019671714,
            -198.76629861198955,
            -198.77352872517787,
            -198.77428305748316,
            -198.77436332268377,
            -198.77437521322503,
            -198.77437519829664,
            -198.77402985215844,
            -198.77534636623028,
            -198.7753491087867
        ],
        "e_xc": [
            -19.915788485733778,
            -19.9569984114484,
            -19.960590192749763,
            -19.96486359813162,
            -19.966717975086908,
            -19.966989986350328,
            -19.966993558330326,
            -19.967001836451274,
            -19.967506307939146,
            -19.9677401357747
        ],
        "iterations": 10
    },
    "scf_eigenvalues_a": {
        "dims": [
            9
        ],
        "size": 9,
        "vals": [
            -26.425053886427513,
            -26.425054007821416,
            -1.5321221483608785,
            -1.5321218789820996,
            -0.9625305232569081,
            -0.7392788748319363,
            -0.739278898518763,
            -0.739278984800797,
            -0.7392789840526053
        ]
    },
    "time": "2024-05-02 14:46:06",
    "wall_time": 30.23508095741272
}