{
    "calcinfo_nalpha": 1,
    "calcinfo_natom": 2,
    "calcinfo_nbeta": 1,
    "calcinfo_nmo": 2,
    "molecule": {
        "geometry": [
            [
                0.0,
                0.0,
                0.7009720448625718
            ],
            [
                0.0,
                0.0,
                -0.7009720448625718
            ]
        ],
        "symbols": [
            "H",
            "H"
        ]
    },
    "parameters": {
        "charge": 0.0,
        "conv_only_dens": false,
        "dconv": 0.0001,
        "derivatives": false,
        "dipole": false,
        "econv": 1e-05,
        "ginitial_hessian": false,
        "gmaxiter": 20,
        "gopt": false,
        "gprec": 0.0001,
        "gtest": false,
        "gtol": 0.0001,
        "gval": 1e-05,
        "k": -1,
        "l": 50.701,
        "lo": 0.042529,
        "loadbalparts": 2,
        "maxiter": 25,
        "maxrotn": 0.25,
        "maxsub": 10,
        "nalpha": 1,
        "nbeta": 1,
        "nio": 1,
        "nmo_alpha": 1,
        "nmo_beta": 1,
        "no_compute": false,
        "noiter": false,
        "nopen": 0,
        "npt_plot": 101,
        "nv_factor": 1,
        "nvalpha": 0,
        "nvbeta": 0,
        "orbitalshift": 0.0,
        "plot_cell": [],
        "plotcoul": false,
        "plotdens": false,
        "plothi": -1,
        "plotlo": 0,
        "print_level": 3,
        "protocol": [
            0.0001,
            1e-06
        ],
        "psp_calc": false,
        "pure_ae": true,
        "restart": false,
        "restartao": false,
        "save": true,
        "smear": 0.0,
        "spin_restricted": true,
        "vnucextra": 2
    },
    "precision": {
        "dconv": 0.0001,
        "econv": 1e-05,
        "eprec": 0.0001,
        "k": 8,
        "thresh": 1e-06
    },
    "return_energy": -1.133488453580541,
    "scf_e_data": {
        "e_coulomb": [
            1.3409491259482478,
            1.322093758554197,
            1.3168349401882842,
            1.3164169529992984,
            1.3164000999581427,
            1.316397985320432,
            1.3163626513042863
        ],
        "e_kinetic": [
            1.2049432649649003,
            1.144357782555374,
            1.1261284496416575,
            1.124671789046618,
            1.1246549690309817,
            1.1246778013198793,
            1.1245929617204804
        ],
        "e_local": [
            0.0,
            0.0,
            0.0,
            0.0,
            0.0,
            0.0,
            0.0
        ],
        "e_nrep": [
            0.7132952072261696,
            0.7132952072261696,
            0.7132952072261696,
            0.7132952072261696,
            0.7132952072261696,
            0.7132952072261696,
            0.7132952072261696
        ],
        "e_nuclear": [
            -3.7131025677368417,
            -3.651527971011875,
            -3.631266935532817,
            -3.6296057942424516,
            -3.6295805041068365,
            -3.629583699673403,
            -3.6295579388001453
        ],
        "e_pcm": [
            0.0,
            0.0,
            0.0,
            0.0,
            0.0,
            0.0,
            0.0
        ],
        "e_tot": [
            -1.1243896830024114,
            -1.1328282538466254,
            -1.1334259600356043,
            -1.1334304729010678,
            -1.1334304292956592,
            -1.1334117078849721,
            -1.133488453580541
        ],
        "e_xc": [
            -0.6704747134048874,
            -0.6610470311704906,
            -0.6584176215588982,
            -0.6582086279307023,
            -0.6582002014041166,
            -0.6581990020780497,
            -0.6581813350313318
        ],
        "iterations": 7
    },
    "scf_eigenvalues_a": {
        "dims": [
            1
        ],
        "size": 1,
        "vals": [
            -0.5943011722952838
        ]
    },
    "time": "2024-05-02 14:46:24",
    "wall_time": 3.234523057937622
}