{
    "calcinfo_nalpha": 5,
    "calcinfo_natom": 1,
    "calcinfo_nbeta": 4,
    "calcinfo_nmo": 9,
    "molecule": {
        "geometry": [
            [
                0.0,
                0.0,
                0.0
            ]
        ],
        "symbols": [
            "F"
        ]
    },
    "parameters": {
        "charge": 0.0,
        "conv_only_dens": false,
        "dconv": 0.0001,
        "derivatives": false,
        "dipole": false,
        "econv": 1e-05,
        "ginitial_hessian": false,
        "gmaxiter": 20,
        "gopt": false,
        "gprec": 0.0001,
        "gtest": false,
        "gtol": 0.0001,
        "gval": 1e-05,
        "k": -1,
        "l": 50.0,
        "lo": 0.0010921,
        "loadbalparts": 2,
        "maxiter": 25,
        "maxrotn": 0.25,
        "maxsub": 10,
        "nalpha": 5,
        "nbeta": 4,
        "nio": 1,
        "nmo_alpha": 5,
        "nmo_beta": 4,
        "no_compute": false,
        "noiter": false,
        "nopen": 1,
        "npt_plot": 101,
        "nv_factor": 1,
        "nvalpha": 0,
        "nvbeta": 0,
        "orbitalshift": 0.0,
        "plot_cell": [],
        "plotcoul": false,
        "plotdens": false,
        "plothi": -1,
        "plotlo": 0,
        "print_level": 3,
        "protocol": [
            0.0001,
            1e-06
        ],
        "psp_calc": false,
        "pure_ae": true,
        "restart": false,
        "restartao": false,
        "save": true,
        "smear": 0.0,
        "spin_restricted": false,
        "vnucextra": 2
    },
    "precision": {
        "dconv": 0.0001,
        "econv": 1e-05,
        "eprec": 0.0001,
        "k": 8,
        "thresh": 1e-06
    },
    "return_energy": -99.41620780843162,
    "scf_e_data": {
        "e_coulomb": [
            49.832640477242684,
            49.826396319618624,
            49.87418060348889,
            49.868558911156,
            49.87883215824422,
            49.87797455480139,
            49.87705877283092,
            49.87701159344929,
            49.87776910388898
        ],
        "e_kinetic": [
            99.02740155488085,
            99.20254555822444,
            99.37605589396966,
            99.40001454895446,
            99.4122101547033,
            99.4100731174925,
            99.40731986092804,
            99.40736808781523,
            99.4133928741744
        ],
        "e_local": [
            0.0,
            0.0,
            0.0,
            0.0,
            0.0,
            0.0,
            0.0,
            0.0,
            0.0
        ],
        "e_nrep": [
            0.0,
            0.0,
            0.0,
            0.0,
            0.0,
            0.0,
            0.0,
            0.0,
            0.0
        ],
        "e_nuclear": [
            -238.19554884253571,
            -238.41029915384493,
            -238.62337899841458,
            -238.64177845556836,
            -238.66272961864058,
            -238.65986897937432,
            -238.6563478370606,
            -238.65636215509812,
            -238.6630641349136
        ],
        "e_pcm": [
            0.0,
            0.0,
            0.0,
            0.0,
            0.0,
            0.0,
            0.0,
            0.0,
            0.0
        ],
        "e_tot": [
            -99.35753754252376,
            -99.4129034231322,
            -99.41571351907251,
            -99.41594118572402,
            -99.41597241350561,
            -99.41597691325762,
            -99.41597338729198,
            -99.41597307337388,
            -99.41620780843162
        ],
        "e_xc": [
            -10.022030732111592,
            -10.031546147130335,
            -10.042571018116487,
            -10.04273619026612,
            -10.04428510781255,
            -10.044155606177215,
            -10.044004183990367,
            -10.04399059954026,
            -10.0443056515814
        ],
        "iterations": 9
    },
    "scf_eigenvalues_a": {
        "dims": [
            5
        ],
        "size": 5,
        "vals": [
            -26.405762919764697,
            -1.6731485798967407,
            -0.7315648613316084,
            -0.7315646227066015,
            -0.8453570502831029
        ]
    },
    "scf_eigenvalues_b": {
        "dims": [
            4
        ],
        "size": 4,
        "vals": [
            -26.357285524106103,
            -1.4783298060682126,
            -0.6798655278331447,
            -0.6798654889359113
        ]
    },
    "time": "2024-05-02 14:45:32",
    "wall_time": 25.033167123794556
}