{
    "calcinfo_nalpha": 7,
    "calcinfo_natom": 2,
    "calcinfo_nbeta": 7,
    "calcinfo_nmo": 14,
    "molecule": {
        "geometry": [
            [
                0.0,
                0.0,
                1.0366200794278997
            ],
            [
                0.0,
                0.0,
                -1.0366200794278997
            ]
        ],
        "symbols": [
            "N",
            "N"
        ]
    },
    "parameters": {
        "charge": 0.0,
        "conv_only_dens": false,
        "dconv": 0.0001,
        "derivatives": false,
        "dipole": false,
        "econv": 1e-05,
        "ginitial_hessian": false,
        "gmaxiter": 20,
        "gopt": false,
        "gprec": 0.0001,
        "gtest": false,
        "gtol": 0.0001,
        "gval": 1e-05,
        "k": -1,
        "l": 51.037,
        "lo": 0.0016603,
        "loadbalparts": 2,
        "maxiter": 25,
        "maxrotn": 0.25,
        "maxsub": 10,
        "nalpha": 7,
        "nbeta": 7,
        "nio": 1,
        "nmo_alpha": 7,
        "nmo_beta": 7,
        "no_compute": false,
        "noiter": false,
        "nopen": 0,
        "npt_plot": 101,
        "nv_factor": 1,
        "nvalpha": 0,
        "nvbeta": 0,
        "orbitalshift": 0.0,
        "plot_cell": [],
        "plotcoul": false,
        "plotdens": false,
        "plothi": -1,
        "plotlo": 0,
        "print_level": 3,
        "protocol": [
            0.0001,
            1e-06
        ],
        "psp_calc": false,
        "pure_ae": true,
        "restart": false,
        "restartao": false,
        "save": true,
        "smear": 0.0,
        "spin_restricted": true,
        "vnucextra": 2
    },
    "precision": {
        "dconv": 0.0001,
        "econv": 1e-05,
        "eprec": 0.0001,
        "k": 8,
        "thresh": 1e-06
    },
    "return_energy": -109.46003804395686,
    "scf_e_data": {
        "e_coulomb": [
            75.20415247707912,
            74.8404883370704,
            75.13772210615848,
            75.08244091921637,
            75.09111661209698,
            75.09376751928694,
            75.09369928257982,
            75.09363508288305,
            75.09186151511308
        ],
        "e_kinetic": [
            109.1233883436582,
            108.77908836493782,
            109.09867921084857,
            109.09932407542374,
            109.12117847686902,
            109.12244223037018,
            109.11990743968802,
            109.1202547096405,
            109.11394245897534
        ],
        "e_local": [
            0.0,
            0.0,
            0.0,
            0.0,
            0.0,
            0.0,
            0.0,
            0.0,
            0.0
        ],
        "e_nrep": [
            23.634502636222624,
            23.634502636222624,
            23.634502636222624,
            23.634502636222624,
            23.634502636222624,
            23.634502636222624,
            23.634502636222624,
            23.634502636222624,
            23.634502636222624
        ],
        "e_nuclear": [
            -303.6827654692528,
            -303.1532590364212,
            -303.7447157387103,
            -303.6975164861452,
            -303.72674497838386,
            -303.7303508196128,
            -303.7278298400833,
            -303.72780867975376,
            -303.7210770875647
        ],
        "e_pcm": [
            0.0,
            0.0,
            0.0,
            0.0,
            0.0,
            0.0,
            0.0,
            0.0,
            0.0
        ],
        "e_tot": [
            -109.34771761681215,
            -109.45089909418546,
            -109.45850998998783,
            -109.45929334685674,
            -109.45939008246752,
            -109.459383212047,
            -109.4593665999471,
            -109.45905212928479,
            -109.46003804395686
        ],
        "e_xc": [
            -13.62699560451932,
            -13.551719395995077,
            -13.584698204507216,
            -13.578044491574236,
            -13.57944282927231,
            -13.579744778313945,
            -13.579646118354244,
            -13.579635878277216,
            -13.579267566703209
        ],
        "iterations": 9
    },
    "scf_eigenvalues_a": {
        "dims": [
            7
        ],
        "size": 7,
        "vals": [
            -14.065524926335428,
            -14.065524957183712,
            -1.0359222215762194,
            -0.45448502477107766,
            -0.4279124217419046,
            -0.42791242146841735,
            -0.45448502084707876
        ]
    },
    "time": "2024-05-03 21:49:22",
    "wall_time": 16.660844087600708
}