{
    "calcinfo_nalpha": 6,
    "calcinfo_natom": 3,
    "calcinfo_nbeta": 5,
    "calcinfo_nmo": 11,
    "molecule": {
        "geometry": [
            [
                -2.1267988646584244,
                -0.31678886020833724,
                0.0
            ],
            [
                0.6242985588416745,
                0.011673293013203452,
                0.0
            ],
            [
                -3.4918881649166496,
                0.21172922308950615,
                0.0
            ]
        ],
        "symbols": [
            "H",
            "F",
            "H"
        ]
    },
    "parameters": {
        "charge": 0.0,
        "conv_only_dens": false,
        "dconv": 0.0001,
        "derivatives": false,
        "dipole": false,
        "econv": 1e-05,
        "ginitial_hessian": false,
        "gmaxiter": 20,
        "gopt": false,
        "gprec": 0.0001,
        "gtest": false,
        "gtol": 0.0001,
        "gval": 1e-05,
        "k": -1,
        "l": 53.492,
        "lo": 0.0010921,
        "loadbalparts": 2,
        "maxiter": 25,
        "maxrotn": 0.25,
        "maxsub": 10,
        "nalpha": 6,
        "nbeta": 5,
        "nio": 1,
        "nmo_alpha": 6,
        "nmo_beta": 5,
        "no_compute": false,
        "noiter": false,
        "nopen": 1,
        "npt_plot": 101,
        "nv_factor": 1,
        "nvalpha": 0,
        "nvbeta": 0,
        "orbitalshift": 0.0,
        "plot_cell": [],
        "plotcoul": false,
        "plotdens": false,
        "plothi": -1,
        "plotlo": 0,
        "print_level": 3,
        "protocol": [
            0.0001,
            1e-06
        ],
        "psp_calc": false,
        "pure_ae": true,
        "restart": false,
        "restartao": false,
        "save": true,
        "smear": 0.0,
        "spin_restricted": false,
        "vnucextra": 2
    },
    "precision": {
        "dconv": 0.0001,
        "econv": 1e-05,
        "eprec": 0.0001,
        "k": 8,
        "thresh": 1e-06
    },
    "return_energy": -100.86236943938816,
    "scf_e_data": {
        "e_coulomb": [
            57.928601119860375,
            55.71808927842788,
            56.95136702148204,
            56.81288885567288,
            56.8334946806484,
            56.82410756793027,
            56.81542895442858,
            56.801313090486545,
            56.805021563053636,
            56.78883994286315,
            56.78729800618346,
            56.78745960281939,
            56.78529501988979,
            56.78536094660792,
            56.785883662615824,
            56.7840221649418,
            56.78441112747651,
            56.78463494913826,
            56.78521414438671,
            56.78534016137128,
            56.786028681064835,
            56.78571928712631,
            56.78550962171152,
            56.785418854099376,
            56.78526185457413,
            56.78520543588684,
            56.785278874193544,
            56.78670833455516
        ],
        "e_kinetic": [
            100.85303956739827,
            99.29877753434991,
            100.48975284931265,
            100.4580982208083,
            100.5219748678573,
            100.53482441074829,
            100.53638362386775,
            100.53548438722797,
            100.53538942102834,
            100.53466367759275,
            100.53375771505807,
            100.5352571793129,
            100.53470845674076,
            100.53452123552202,
            100.5367061470027,
            100.5362112441218,
            100.53537870590455,
            100.5355929633887,
            100.53546701640362,
            100.53551402496211,
            100.53539061765717,
            100.53552300735923,
            100.53545648361128,
            100.53553453380319,
            100.53555223860761,
            100.5357606062592,
            100.5392726001713,
            100.54190037590158
        ],
        "e_local": [
            0.0,
            0.0,
            0.0,
            0.0,
            0.0,
            0.0,
            0.0,
            0.0,
            0.0,
            0.0,
            0.0,
            0.0,
            0.0,
            0.0,
            0.0,
            0.0,
            0.0,
            0.0,
            0.0,
            0.0,
            0.0,
            0.0,
            0.0,
            0.0,
            0.0,
            0.0,
            0.0,
            0.0
        ],
        "e_nrep": [
            6.1154025111126105,
            6.1154025111126105,
            6.1154025111126105,
            6.1154025111126105,
            6.1154025111126105,
            6.1154025111126105,
            6.1154025111126105,
            6.1154025111126105,
            6.1154025111126105,
            6.1154025111126105,
            6.1154025111126105,
            6.1154025111126105,
            6.1154025111126105,
            6.1154025111126105,
            6.1154025111126105,
            6.1154025111126105,
            6.1154025111126105,
            6.1154025111126105,
            6.1154025111126105,
            6.1154025111126105,
            6.1154025111126105,
            6.1154025111126105,
            6.1154025111126105,
            6.1154025111126105,
            6.1154025111126105,
            6.1154025111126105,
            6.1154025111126105,
            6.1154025111126105
        ],
        "e_nuclear": [
            -254.5941113447542,
            -251.16672540265506,
            -253.4478652836671,
            -253.29316931142566,
            -253.37428509459806,
            -253.3774629258114,
            -253.37040722589902,
            -253.35524787201945,
            -253.35880017274977,
            -253.34041196462115,
            -253.33912364667992,
            -253.3402113644389,
            -253.33810316918567,
            -253.33810168909517,
            -253.34073230175574,
            -253.3385617299414,
            -253.33809611842366,
            -253.33833397195977,
            -253.33889372312805,
            -253.33906507287188,
            -253.33960497273654,
            -253.33942868162575,
            -253.33920446250858,
            -253.3392024721899,
            -253.339041600594,
            -253.33907414598178,
            -253.34313321078062,
            -253.34696160572898
        ],
        "e_pcm": [
            0.0,
            0.0,
            0.0,
            0.0,
            0.0,
            0.0,
            0.0,
            0.0,
            0.0,
            0.0,
            0.0,
            0.0,
            0.0,
            0.0,
            0.0,
            0.0,
            0.0,
            0.0,
            0.0,
            0.0,
            0.0,
            0.0,
            0.0,
            0.0,
            0.0,
            0.0,
            0.0,
            0.0
        ],
        "e_tot": [
            -100.7696439593931,
            -100.84257013749418,
            -100.85881212869097,
            -100.85990031799068,
            -100.86108847168366,
            -100.86116915665026,
            -100.86139742207854,
            -100.8614562384307,
            -100.86172161449004,
            -100.86077152144998,
            -100.86173750759694,
            -100.86133434280515,
            -100.8617161015744,
            -100.8618996229735,
            -100.8619029470795,
            -100.86178472243589,
            -100.86192133303209,
            -100.86174069625346,
            -100.86189744127564,
            -100.86193749538101,
            -100.86192800567875,
            -100.8619101369659,
            -100.86193467538328,
            -100.86193038708227,
            -100.86187237277214,
            -100.86175231447507,
            -100.86236724531697,
            -100.86236943938816
        ],