{
    "calcinfo_nalpha": 8,
    "calcinfo_natom": 3,
    "calcinfo_nbeta": 7,
    "calcinfo_nmo": 15,
    "molecule": {
        "geometry": [
            [
                -1.2087516137277465,
                0.20151191532087545,
                0.0
            ],
            [
                0.8207989516547314,
                -0.41734661116881566,
                0.0
            ],
            [
                2.7156686345111067,
                1.5108428709355821,
                0.0
            ]
        ],
        "symbols": [
            "N",
            "N",
            "H"
        ]
    },
    "parameters": {
        "charge": 0.0,
        "conv_only_dens": false,
        "dconv": 0.0001,
        "derivatives": false,
        "dipole": false,
        "econv": 1e-05,
        "ginitial_hessian": false,
        "gmaxiter": 20,
        "gopt": false,
        "gprec": 0.0001,
        "gtest": false,
        "gtol": 0.0001,
        "gval": 1e-05,
        "k": -1,
        "l": 52.716,
        "lo": 0.0016603,
        "loadbalparts": 2,
        "maxiter": 25,
        "maxrotn": 0.25,
        "maxsub": 10,
        "nalpha": 8,
        "nbeta": 7,
        "nio": 1,
        "nmo_alpha": 8,
        "nmo_beta": 7,
        "no_compute": false,
        "noiter": false,
        "nopen": 1,
        "npt_plot": 101,
        "nv_factor": 1,
        "nvalpha": 0,
        "nvbeta": 0,
        "orbitalshift": 0.0,
        "plot_cell": [],
        "plotcoul": false,
        "plotdens": false,
        "plothi": -1,
        "plotlo": 0,
        "print_level": 3,
        "protocol": [
            0.0001,
            1e-06
        ],
        "psp_calc": false,
        "pure_ae": true,
        "restart": false,
        "restartao": false,
        "save": true,
        "smear": 0.0,
        "spin_restricted": false,
        "vnucextra": 2
    },
    "precision": {
        "dconv": 0.0001,
        "econv": 1e-05,
        "eprec": 0.0001,
        "k": 8,
        "thresh": 1e-06
    },
    "return_energy": -109.45657063758034,
    "scf_e_data": {
        "e_coulomb": [
            79.9299164298904,
            78.96424011847047,
            79.08403320359521,
            78.97667578120135,
            78.91363489394521,
            78.87194892760061,
            78.85094576188442,
            78.8384639904861,
            78.8364362522354,
            78.83492526908036,
            78.83095616815277,
            78.82127570365795,
            78.82327884906994,
            78.82647397807237,
            78.82925120025625,
            78.83499445667259,
            78.84187764232632,
            78.84612078909548,
            78.84824260110102,
            78.84954013788568,
            78.84929998620639,
            78.84825517073432,
            78.84817397947253,
            78.84770716645563
        ],
        "e_kinetic": [
            109.77484170729502,
            109.04463019050755,
            109.21358964558121,
            109.2148840188726,
            109.22909670772414,
            109.25479031948865,
            109.29715437262976,
            109.29251208242852,
            109.29715767968932,
            109.30785320673036,
            109.31962125378675,
            109.31506668224418,
            109.3165561978585,
            109.3205813703477,
            109.32401065058497,
            109.32943835994183,
            109.3305050023034,
            109.33275354889494,
            109.3351204089139,
            109.33792883382199,
            109.33892013562634,
            109.3390811825681,
            109.33944773523064,
            109.33160448764062
        ],
        "e_local": [
            0.0,
            0.0,
            0.0,
            0.0,
            0.0,
            0.0,
            0.0,
            0.0,
            0.0,
            0.0,
            0.0,
            0.0,
            0.0,
            0.0,
            0.0,
            0.0,
            0.0,
            0.0,
            0.0,
            0.0,
            0.0,
            0.0,
            0.0,
            0.0
        ],
        "e_nrep": [
            27.37486665666924,
            27.37486665666924,
            27.37486665666924,
            27.37486665666924,
            27.37486665666924,
            27.37486665666924,
            27.37486665666924,
            27.37486665666924,
            27.37486665666924,
            27.37486665666924,
            27.37486665666924,
            27.37486665666924,
            27.37486665666924,
            27.37486665666924,
            27.37486665666924,
            27.37486665666924,
            27.37486665666924,
            27.37486665666924,
            27.37486665666924,
            27.37486665666924,
            27.37486665666924,
            27.37486665666924,
            27.37486665666924,
            27.37486665666924
        ],
        "e_nuclear": [
            -312.9185476568195,
            -311.45125983207424,
            -311.72531571912293,
            -311.61952901196724,
            -311.5658305339916,
            -311.5410499547971,
            -311.5479895535109,
            -311.53143192377524,
            -311.5348207532985,
            -311.5430577141402,
            -311.54889877092967,
            -311.5345445237583,
            -311.53620216091133,
            -311.5419692109118,
            -311.5468573700713,
            -311.55578020027787,
            -311.5619179387586,
            -311.5671354562641,
            -311.57096304462,
            -311.57467093323294,
            -311.5754399024329,
            -311.5744554850938,
            -311.5744840158027,
            -311.5676475533737
        ],
        "e_pcm": [
            0.0,
            0.0,
            0.0,
            0.0,
            0.0,
            0.0,
            0.0,
            0.0,
            0.0,
            0.0,
            0.0,
            0.0,
            0.0,
            0.0,
            0.0,
            0.0,
            0.0,
            0.0,
            0.0,
            0.0,
            0.0,
            0.0,
            0.0,
            0.0
        ],
        "e_tot": [
            -109.27533732538592,
            -109.4188977092229,
            -109.43636310207413,
            -109.44291088721923,
            -109.44767069908599,
            -109.45140176564766,
            -109.45379687434703,
            -109.4543480438955,
            -109.45464516673886,
            -109.45491149689639,
            -109.45514746313694,
            -109.45520521449342,
            -109.45539069971298,
            -109.45554028608689,
            -109.45560260923943,
            -109.45570482447431,
            -109.45576740411227,
            -109.45580774424218,
            -109.4558194186265,
            -109.45582766974721,
            -109.45582291759666,
            -109.45583705199354,
            -109.4554670618434,
            -109.45657063758034
        ],
        "e_xc": [
            -13.436414462421073,
            -13.35137484279591,
            -13.383536888796865,
            -13.389808331995168,
            -13.399438423433,
            -13.41195771460909,
            -13.428774112019582,
            -13.428758849704113,
            -13.428285002034315,
            -13.429498915236112,
            -13.43169277081602,
            -13.43186973330646,
            -13.433890242399352,
            -13.435493080264386,
            -13.4368737466786,
            -13.43922409748011,
            -13.441098766652615,
            -13.44241328263773,
            -13.443086040690662,
            -13.443492364891188,
            -13.443469793665722,
            -13.44358457687143,
            -13.443471417413122,
            -13.443101394972107
        ],
        "iterations": 24
    },
    "scf_eigenvalues_a": {
        "dims": [
            8
        ],
        "size": 8,