{
    "calcinfo_nalpha": 1,
    "calcinfo_natom": 1,
    "calcinfo_nbeta": 0,
    "calcinfo_nmo": 1,
    "molecule": {
        "geometry": [
            [
                0.0,
                0.0,
                0.0
            ]
        ],
        "symbols": [
            "H"
        ]
    },
    "parameters": {
        "charge": 0.0,
        "conv_only_dens": false,
        "dconv": 0.0001,
        "derivatives": false,
        "dipole": false,
        "econv": 1e-05,
        "ginitial_hessian": false,
        "gmaxiter": 20,
        "gopt": false,
        "gprec": 0.0001,
        "gtest": false,
        "gtol": 0.0001,
        "gval": 1e-05,
        "k": -1,
        "l": 50.0,
        "lo": 0.042529,
        "loadbalparts": 2,
        "maxiter": 25,
        "maxrotn": 0.25,
        "maxsub": 10,
        "nalpha": 1,
        "nbeta": 0,
        "nio": 1,
        "nmo_alpha": 1,
        "nmo_beta": 0,
        "no_compute": false,
        "noiter": false,
        "nopen": 1,
        "npt_plot": 101,
        "nv_factor": 1,
        "nvalpha": 0,
        "nvbeta": 0,
        "orbitalshift": 0.0,
        "plot_cell": [],
        "plotcoul": false,
        "plotdens": false,
        "plothi": -1,
        "plotlo": 0,
        "print_level": 3,
        "protocol": [
            0.0001,
            1e-06
        ],
        "psp_calc": false,
        "pure_ae": true,
        "restart": false,
        "restartao": false,
        "save": true,
        "smear": 0.0,
        "spin_restricted": false,
        "vnucextra": 2
    },
    "precision": {
        "dconv": 0.0001,
        "econv": 1e-05,
        "eprec": 0.0001,
        "k": 8,
        "thresh": 1e-06
    },
    "return_energy": -0.4999410227691472,
    "scf_e_data": {
        "e_coulomb": [
            0.3143395816324083,
            0.3070465872420798,
            0.30657592960069596,
            0.3067476311683079,
            0.3067752908720235,
            0.3067746983792963,
            0.30678965332899133
        ],
        "e_kinetic": [
            0.5098195503238648,
            0.49366066856357443,
            0.4936981842746184,
            0.4944381472963133,
            0.49455671593179684,
            0.4945572684627364,
            0.49459649984017806
        ],
        "e_local": [
            0.0,
            0.0,
            0.0,
            0.0,
            0.0,
            0.0,
            0.0
        ],
        "e_nrep": [
            0.0,
            0.0,
            0.0,
            0.0,
            0.0,
            0.0,
            0.0
        ],
        "e_nuclear": [
            -1.0080184302360002,
            -0.9930939053862926,
            -0.9930164121137712,
            -0.9937379541596965,
            -0.9938552243530625,
            -0.9938555498343529,
            -0.9939023740774295
        ],
        "e_pcm": [
            0.0,
            0.0,
            0.0,
            0.0,
            0.0,
            0.0,
            0.0
        ],
        "e_tot": [
            -0.4973894572805862,
            -0.4998343711010632,
            -0.4999331449945595,
            -0.4999342079850225,
            -0.49993418159165975,
            -0.4999345782947913,
            -0.4999410227691472
        ],
        "e_xc": [
            -0.3135301590008591,
            -0.3074477215204248,
            -0.30719084675610264,
            -0.30738203228994726,
            -0.3074109640424176,
            -0.3074109953024711,
            -0.30742480186088705
        ],
        "iterations": 7
    },
    "scf_eigenvalues_a": {
        "dims": [
            1
        ],
        "size": 1,
        "vals": [
            -0.27906740816362674
        ]
    },
    "time": "2024-05-03 21:24:37",
    "wall_time": 3.496774911880493
}