{
    "calcinfo_nalpha": 5,
    "calcinfo_natom": 4,
    "calcinfo_nbeta": 4,
    "calcinfo_nmo": 9,
    "molecule": {
        "geometry": [
            [
                0.0,
                0.0,
                0.0
            ],
            [
                0.0,
                1.7630827912750566,
                1.0179163260550508
            ],
            [
                0.0,
                -1.7630827912750566,
                1.0179163260550508
            ],
            [
                0.0,
                0.0,
                -2.0358326521101016
            ]
        ],
        "symbols": [
            "C",
            "H",
            "H",
            "H"
        ]
    },
    "parameters": {
        "charge": 0.0,
        "conv_only_dens": false,
        "dconv": 0.0001,
        "derivatives": false,
        "dipole": false,
        "econv": 1e-05,
        "ginitial_hessian": false,
        "gmaxiter": 20,
        "gopt": false,
        "gprec": 0.0001,
        "gtest": false,
        "gtol": 0.0001,
        "gval": 1e-05,
        "k": -1,
        "l": 52.036,
        "lo": 0.0021467,
        "loadbalparts": 2,
        "maxiter": 25,
        "maxrotn": 0.25,
        "maxsub": 10,
        "nalpha": 5,
        "nbeta": 4,
        "nio": 1,
        "nmo_alpha": 5,
        "nmo_beta": 4,
        "no_compute": false,
        "noiter": false,
        "nopen": 1,
        "npt_plot": 101,
        "nv_factor": 1,
        "nvalpha": 0,
        "nvbeta": 0,
        "orbitalshift": 0.0,
        "plot_cell": [],
        "plotcoul": false,
        "plotdens": false,
        "plothi": -1,
        "plotlo": 0,
        "print_level": 3,
        "protocol": [
            0.0001,
            1e-06
        ],
        "psp_calc": false,
        "pure_ae": true,
        "restart": false,
        "restartao": false,
        "save": true,
        "smear": 0.0,
        "spin_restricted": false,
        "vnucextra": 2
    },
    "precision": {
        "dconv": 0.0001,
        "econv": 1e-05,
        "eprec": 0.0001,
        "k": 8,
        "thresh": 1e-06
    },
    "return_energy": -39.58085663992718,
    "scf_e_data": {
        "e_coulomb": [
            29.91222824291788,
            28.565376996640243,
            28.609090336980117,
            28.58138319549724,
            28.56267791860677,
            28.565471066295824,
            28.56886183755079,
            28.569099003504363,
            28.569037878805254,
            28.568999893258788,
            28.570143462377015
        ],
        "e_kinetic": [
            40.385475876436296,
            39.454628840305226,
            39.51917101294987,
            39.535712093164754,
            39.54148411744225,
            39.54441940821179,
            39.546071696970074,
            39.546096208513504,
            39.545979752124,
            39.54607426519078,
            39.54759795937138
        ],
        "e_local": [
            0.0,
            0.0,
            0.0,
            0.0,
            0.0,
            0.0,
            0.0,
            0.0,
            0.0,
            0.0,
            0.0
        ],
        "e_nrep": [
            9.692373685832077,
            9.692373685832077,
            9.692373685832077,
            9.692373685832077,
            9.692373685832077,
            9.692373685832077,
            9.692373685832077,
            9.692373685832077,
            9.692373685832077,
            9.692373685832077,
            9.692373685832077
        ],
        "e_nuclear": [
            -113.12596123666418,
            -111.08981418676389,
            -111.18317004998022,
            -111.16555057842461,
            -111.14904417258319,
            -111.15382416191352,
            -111.15847112431395,
            -111.15866508249567,
            -111.15839589661438,
            -111.15840102321425,
            -111.16147893755992
        ],
        "e_pcm": [
            0.0,
            0.0,
            0.0,
            0.0,
            0.0,
            0.0,
            0.0,
            0.0,
            0.0,
            0.0,
            0.0
        ],
        "e_tot": [
            -39.48386891066333,
            -39.57227474794463,
            -39.57776699939329,
            -39.57966523357541,
            -39.580076099407734,
            -39.58017443239892,
            -39.58019399429037,
            -39.58023208081882,
            -39.58023628687005,
            -39.58017661426432,
            -39.58085663992718
        ],
        "e_xc": [
            -6.34798547918539,
            -6.194840083958299,
            -6.215231985175139,
            -6.223583629644872,
            -6.227567648705644,
            -6.228614430825083,
            -6.229030090329359,
            -6.229135896173087,
            -6.229231707017,
            -6.229223435331715,
            -6.229492809947731
        ],
        "iterations": 11
    },
    "scf_eigenvalues_a": {
        "dims": [
            5
        ],
        "size": 5,
        "vals": [
            -11.227283336293532,
            -0.7057111206127953,
            -0.7057145816899173,
            -0.705711120860582,
            -0.38465802609396604
        ]
    },
    "scf_eigenvalues_b": {
        "dims": [
            4
        ],
        "size": 4,
        "vals": [
            -11.203973488797818,
            -0.6665068866861683,
            -0.6665142269664557,
            -0.6665068877687741
        ]
    },
    "time": "2024-05-02 14:35:12",
    "wall_time": 28.838649034500122
}