{
    "calcinfo_nalpha": 10,
    "calcinfo_natom": 7,
    "calcinfo_nbeta": 9,
    "calcinfo_nmo": 19,
    "molecule": {
        "geometry": [
            [
                0.07420799229210404,
                0.6202486931031364,
                -0.9156456050988843
            ],
            [
                -0.2245045099981023,
                -0.22844697772519865,
                1.541840396014045
            ],
            [
                1.2532106304442439,
                -1.1473402172534826,
                2.038050060721122
            ],
            [
                1.9141004020526002,
                1.4422108096571515,
                -1.3370996035089038
            ],
            [
                -1.494519847605512,
                1.8355309698384092,
                -1.426469174188314
            ],
            [
                -0.10173294957190282,
                -1.2851690332654597,
                -2.503720191551725
            ],
            [
                -0.22027010908723535,
                -2.7391488657938465,
                -3.611610628991238
            ]
        ],
        "symbols": [
            "C",
            "O",
            "H",
            "H",
            "H",
            "H",
            "H"
        ]
    },
    "parameters": {
        "charge": 0.0,
        "conv_only_dens": false,
        "dconv": 0.0001,
        "derivatives": false,
        "dipole": false,
        "econv": 1e-05,
        "ginitial_hessian": false,
        "gmaxiter": 20,
        "gopt": false,
        "gprec": 0.0001,
        "gtest": false,
        "gtol": 0.0001,
        "gval": 1e-05,
        "k": -1,
        "l": 53.612,
        "lo": 0.001329,
        "loadbalparts": 2,
        "maxiter": 25,
        "maxrotn": 0.25,
        "maxsub": 10,
        "nalpha": 10,
        "nbeta": 9,
        "nio": 1,
        "nmo_alpha": 10,
        "nmo_beta": 9,
        "no_compute": false,
        "noiter": false,
        "nopen": 1,
        "npt_plot": 101,
        "nv_factor": 1,
        "nvalpha": 0,
        "nvbeta": 0,
        "orbitalshift": 0.0,
        "plot_cell": [],
        "plotcoul": false,
        "plotdens": false,
        "plothi": -1,
        "plotlo": 0,
        "print_level": 3,
        "protocol": [
            0.0001,
            1e-06
        ],
        "psp_calc": false,
        "pure_ae": true,
        "restart": false,
        "restartao": false,
        "save": true,
        "smear": 0.0,
        "spin_restricted": false,
        "vnucextra": 2
    },
    "precision": {
        "dconv": 0.0001,
        "econv": 1e-05,
        "eprec": 0.0001,
        "k": 8,
        "thresh": 1e-06
    },
    "return_energy": -115.56951363267294,
    "scf_e_data": {
        "e_coulomb": [
            102.68352467112247,
            99.82544774468971,
            100.2306437464286,
            100.05898439682147,
            99.98590366276227,
            100.00273689706248,
            100.01759482451585,
            100.01788424175483,
            100.01571359840628,
            100.0188656687069,
            100.02435517261428,
            100.02631075071665,
            100.02615186774335,
            100.02613659479688
        ],
        "e_kinetic": [
            117.15158609922497,
            115.11332372624562,
            115.49821581253568,
            115.45463735450338,
            115.44773754198485,
            115.4677649851701,
            115.47721650313221,
            115.47842533262892,
            115.47484086793239,
            115.47562811365029,
            115.47677465844257,
            115.47667915638468,
            115.47730035982036,
            115.47682556627578
        ],
        "e_local": [
            0.0,
            0.0,
            0.0,
            0.0,
            0.0,
            0.0,
            0.0,
            0.0,
            0.0,
            0.0,
            0.0,
            0.0,
            0.0,
            0.0
        ],
        "e_nrep": [
            44.04861231157512,
            44.04861231157512,
            44.04861231157512,
            44.04861231157512,
            44.04861231157512,
            44.04861231157512,
            44.04861231157512,
            44.04861231157512,
            44.04861231157512,
            44.04861231157512,
            44.04861231157512,
            44.04861231157512,
            44.04861231157512,
            44.04861231157512
        ],
        "e_nuclear": [
            -363.9238140142703,
            -359.48625510864105,
            -360.221675972688,
            -360.0076838729094,
            -359.9205768103269,
            -359.95061256386896,
            -359.97227278372935,
            -359.97337427651655,
            -359.9686890699144,
            -359.9725314143731,
            -359.9789653462784,
            -359.9806718860805,
            -359.98067335772106,
            -359.98159592238017
        ],
        "e_pcm": [
            0.0,
            0.0,
            0.0,
            0.0,
            0.0,
            0.0,
            0.0,
            0.0,
            0.0,
            0.0,
            0.0,
            0.0,
            0.0,
            0.0
        ],
        "e_tot": [
            -115.35207255309334,
            -115.53869869799698,
            -115.55830051641232,
            -115.56524399501467,
            -115.56759840268748,
            -115.56820275596596,
            -115.56836563318035,
            -115.56830691591918,
            -115.5684022484869,
            -115.56842589107129,
            -115.56842020100868,
            -115.5684506786269,
            -115.56798936026078,
            -115.56951363267294
        ],
        "e_xc": [
            -15.311981620745588,
            -15.039827371866394,
            -15.114096414263724,
            -15.11979418500523,
            -15.129275108682798,
            -15.136704385904704,
            -15.139516488674174,
            -15.139854525361496,
            -15.13887995648631,
            -15.139000570630465,
            -15.139196997362244,
            -15.139381011222873,
            -15.139380541678555,
            -15.139492182940566
        ],
        "iterations": 14
    },
    "scf_eigenvalues_a": {
        "dims": [
            10
        ],
        "size": 10,
        "vals": [
            -20.576611424108393,
            -11.29522592267767,
            -0.9911640008180114,
            -0.7203180313915554,
            -1.0038763899603578,
            -0.7155670483805281,
            -0.5846060329668259,
            -0.7220503892639045,
            -0.5368249654115043,
            -0.5096092972752532
        ]
    },
    "scf_eigenvalues_b": {
        "dims": [
            9
        ],
        "size": 9,
        "vals": [
            -20.57396618817711,
            -11.277044163269863,
            -0.9895401784432929,
            -0.7046601695262311,
            -0.9992151315039708,
            -0.6991739881706569,
            -0.5864022628352339,
            -0.7083988035612534,
            -0.5372271422893924
        ]
    },
    "time": "2024-05-02 15:26:01",
    "wall_time": 70.41438508033752
}