{
    "calcinfo_nalpha": 9,
    "calcinfo_natom": 3,
    "calcinfo_nbeta": 9,
    "calcinfo_nmo": 18,
    "molecule": {
        "geometry": [
            [
                0.0,
                0.0,
                0.1937336816943671
            ],
            [
                0.0,
                -1.8259501435721122,
                -1.549869453554939
            ],
            [
                0.0,
                1.8259501435721122,
                -1.549869453554939
            ]
        ],
        "symbols": [
            "S",
            "H",
            "H"
        ]
    },
    "parameters": {
        "charge": 0.0,
        "conv_only_dens": false,
        "dconv": 0.0001,
        "derivatives": false,
        "dipole": false,
        "econv": 1e-05,
        "ginitial_hessian": false,
        "gmaxiter": 20,
        "gopt": false,
        "gprec": 0.0001,
        "gtest": false,
        "gtol": 0.0001,
        "gval": 1e-05,
        "k": -1,
        "l": 51.826,
        "lo": 0.00041862,
        "loadbalparts": 2,
        "maxiter": 25,
        "maxrotn": 0.25,
        "maxsub": 10,
        "nalpha": 9,
        "nbeta": 9,
        "nio": 1,
        "nmo_alpha": 9,
        "nmo_beta": 9,
        "no_compute": false,
        "noiter": false,
        "nopen": 0,
        "npt_plot": 101,
        "nv_factor": 1,
        "nvalpha": 0,
        "nvbeta": 0,
        "orbitalshift": 0.0,
        "plot_cell": [],
        "plotcoul": false,
        "plotdens": false,
        "plothi": -1,
        "plotlo": 0,
        "print_level": 3,
        "protocol": [
            0.0001,
            1e-06
        ],
        "psp_calc": false,
        "pure_ae": true,
        "restart": false,
        "restartao": false,
        "save": true,
        "smear": 0.0,
        "spin_restricted": true,
        "vnucextra": 2
    },
    "precision": {
        "dconv": 0.0001,
        "econv": 1e-05,
        "eprec": 0.0001,
        "k": 8,
        "thresh": 1e-06
    },
    "return_energy": -399.24285900288544,
    "scf_e_data": {
        "e_coulomb": [
            192.02634476280662,
            190.39364165100247,
            190.94977415182927,
            190.89232836849533,
            190.9228797767049,
            190.92092276251913,
            190.91636116817457,
            190.9141278594866,
            190.9139814977455,
            190.90900439725124,
            190.91122253776774
        ],
        "e_kinetic": [
            399.18546011433494,
            398.10284192539655,
            398.60551095051807,
            398.68320771422566,
            398.76204217915904,
            398.7649861810494,
            398.7475334073467,
            398.7378848226234,
            398.7384728556983,
            398.71554656162493,
            398.71220770890807
        ],
        "e_local": [
            0.0,
            0.0,
            0.0,
            0.0,
            0.0,
            0.0,
            0.0,
            0.0,
            0.0,
            0.0,
            0.0
        ],
        "e_nrep": [
            12.948468333999308,
            12.948468333999308,
            12.948468333999308,
            12.948468333999308,
            12.948468333999308,
            12.948468333999308,
            12.948468333999308,
            12.948468333999308,
            12.948468333999308,
            12.948468333999308,
            12.948468333999308
        ],
        "e_nuclear": [
            -977.0122946502687,
            -974.5022964937917,
            -975.5239399333707,
            -975.5481592290994,
            -975.6544257836454,
            -975.6550850759197,
            -975.6334295211387,
            -975.6217340004439,
            -975.6217706003869,
            -975.5958320802108,
            -975.5946232326919
        ],
        "e_pcm": [
            0.0,
            0.0,
            0.0,
            0.0,
            0.0,
            0.0,
            0.0,
            0.0,
            0.0,
            0.0,
            0.0
        ],
        "e_tot": [
            -399.1409994553545,
            -399.23070151995984,
            -399.23789436041665,
            -399.2406415330749,
            -399.24172880328825,
            -399.2420203861808,
            -399.2420513061762,
            -399.24202681613497,
            -399.2416094730325,
            -399.2428529573629,
            -399.24285900288544
        ],
        "e_xc": [
            -26.288978016226622,
            -26.173356936566414,
            -26.21770786339252,
            -26.21648672069582,
            -26.220693309506167,
            -26.221312587828898,
            -26.220984694558034,
            -26.220773831800393,
            -26.220761560088736,
            -26.220040170027602,
            -26.220134350868662
        ],
        "iterations": 11
    },
    "scf_eigenvalues_a": {
        "dims": [
            9
        ],
        "size": 9,
        "vals": [
            -88.04468175084207,
            -7.3275033428336656,
            -5.701868883679158,
            -6.047470611482343,
            -5.690715057947958,
            -0.49424923458176706,
            -0.4942486045878749,
            -0.4384777839681453,
            -0.23341255205194789
        ]
    },
    "time": "2024-05-03 21:25:31",
    "wall_time": 31.422471046447754
}