{
    "calcinfo_nalpha": 13,
    "calcinfo_natom": 10,
    "calcinfo_nbeta": 12,
    "calcinfo_nmo": 25,
    "molecule": {
        "geometry": [
            [
                0.8922008830950569,
                1.220638917063489,
                -8.17982420567367e-05
            ],
            [
                2.6127697412008533,
                -0.6876444591947463,
                -3.331500371864745e-06
            ],
            [
                0.4385000117836774,
                2.200728185360407,
                -1.73338117293147
            ],
            [
                0.43906296056882366,
                2.2010799244717165,
                1.7331990768102983
            ],
            [
                3.263799633152296,
                -1.5303207464634472,
                1.7433110156410945
            ],
            [
                3.2634396979374185,
                -1.5309325030182022,
                -1.743149247370842
            ],
            [
                -3.0462706595907436,
                -0.45767163251102777,
                6.63790782104155e-05
            ],
            [
                -4.148290493760399,
                1.2636096471710745,
                -0.0023987075067210713
            ],
            [
                -3.0035807748943464,
                -1.5299616063250288,
                -1.735959359381954
            ],
            [
                -3.0051308230184626,
                -1.5261398533428085,
                1.7384908987249037
            ]
        ],
        "symbols": [
            "C",
            "C",
            "H",
            "H",
            "H",
            "H",
            "C",
            "H",
            "H",
            "H"
        ]
    },
    "parameters": {
        "charge": 0.0,
        "conv_only_dens": false,
        "dconv": 0.0001,
        "derivatives": false,
        "dipole": false,
        "econv": 1e-05,
        "ginitial_hessian": false,
        "gmaxiter": 20,
        "gopt": false,
        "gprec": 0.0001,
        "gtest": false,
        "gtol": 0.0001,
        "gval": 1e-05,
        "k": -1,
        "l": 54.148,
        "lo": 0.0021467,
        "loadbalparts": 2,
        "maxiter": 25,
        "maxrotn": 0.25,
        "maxsub": 10,
        "nalpha": 13,
        "nbeta": 12,
        "nio": 1,
        "nmo_alpha": 13,
        "nmo_beta": 12,
        "no_compute": false,
        "noiter": false,
        "nopen": 1,
        "npt_plot": 101,
        "nv_factor": 1,
        "nvalpha": 0,
        "nvbeta": 0,
        "orbitalshift": 0.0,
        "plot_cell": [],
        "plotcoul": false,
        "plotdens": false,
        "plothi": -1,
        "plotlo": 0,
        "print_level": 3,
        "protocol": [
            0.0001,
            1e-06
        ],
        "psp_calc": false,
        "pure_ae": true,
        "restart": false,
        "restartao": false,
        "save": true,
        "smear": 0.0,
        "spin_restricted": false,
        "vnucextra": 2
    },
    "precision": {
        "dconv": 0.0001,
        "econv": 1e-05,
        "eprec": 0.0001,
        "k": 8,
        "thresh": 1e-06
    },
    "return_energy": -118.29758390598585,
    "scf_e_data": {
        "e_coulomb": [
            130.59447585754216,
            124.68599026538432,
            126.39517659705109,
            126.62541017279729,
            126.59077139810881,
            126.56928407683544,
            126.57237635648995,
            126.57269202491838,
            126.56858020968316,
            126.56987504038847,
            126.57049833736131,
            126.57099547182419,
            126.56817900725875,
            126.57095319628802,
            126.57053620339443,
            126.57209257153616,
            126.57201360807375,
            126.57205010975979,
            126.5726968197788,
            126.57279917004772,
            126.57271860583441,
            126.57302726684087,
            126.57305230611644,
            126.57297023746372,
            126.57283140428511,
            126.57254105556696,
            126.572377733576,
            126.57504894966426
        ],
        "e_kinetic": [
            119.6497665864162,
            116.57501877703574,
            117.48499166888061,
            117.7169508688814,
            117.74205638173942,
            117.74148095100344,
            117.74809268341282,
            117.74887259373017,
            117.74811483215927,
            117.7488668149902,
            117.7488797797044,
            117.74839540520786,
            117.74604965516266,
            117.74832661781731,
            117.74841217353898,
            117.7489125917923,
            117.74877953842122,
            117.74878903553848,
            117.74893910705714,
            117.74888341197293,
            117.74882575242253,
            117.74893148814417,
            117.74884856968254,
            117.74876095351934,
            117.74873378331868,
            117.74947722173192,
            117.7532717456081,
            117.75702697083275
        ],
        "e_local": [
            0.0,
            0.0,
            0.0,
            0.0,
            0.0,
            0.0,
            0.0,
            0.0,
            0.0,
            0.0,
            0.0,
            0.0,
            0.0,
            0.0,
            0.0,
            0.0,
            0.0,
            0.0,
            0.0,
            0.0,
            0.0,
            0.0,
            0.0,
            0.0,
            0.0,
            0.0,
            0.0,
            0.0
        ],
        "e_nrep": [
            70.26835319795907,
            70.26835319795907,
            70.26835319795907,
            70.26835319795907,
            70.26835319795907,
            70.26835319795907,
            70.26835319795907,
            70.26835319795907,
            70.26835319795907,
            70.26835319795907,
            70.26835319795907,
            70.26835319795907,
            70.26835319795907,
            70.26835319795907,
            70.26835319795907,
            70.26835319795907,
            70.26835319795907,
            70.26835319795907,
            70.26835319795907,
            70.26835319795907,
            70.26835319795907,
            70.26835319795907,
            70.26835319795907,
            70.26835319795907,
            70.26835319795907,
            70.26835319795907,
            70.26835319795907,
            70.26835319795907
        ],
        "e_nuclear": [
            -419.6105216251772,
            -411.4043083998507,
            -413.87176084293554,
            -414.2986626890008,
            -414.2870568370682,
            -414.2656644557251,
            -414.2734550105361,
            -414.2744931393143,
            -414.2692557806358,
            -414.2712639697617,
            -414.27198069597205,
            -414.27197675755593,
            -414.2672713814385,
            -414.2719726895662,
            -414.27162289310667,
            -414.2735093719991,
            -414.2733239543197,
            -414.2733795047471,
            -414.2740875698105,
            -414.2741490498733,
            -414.2740396001908,
            -414.2744281192888,
            -414.27437843670003,
            -414.2742026285826,
            -414.2740681898385,
            -414.2741088205994,
            -414.27956461551344,
            -414.28557799422924
        ],
        "e_pcm": [
            0.0,
            0.0,
            0.0,
            0.0,
            0.0,
            0.0,
            0.0,
            0.0,
            0.0,
            0.0,
            0.0,
            0.0,
            0.0,
            0.0,
            0.0,
            0.0,
            0.0,
            0.0,
            0.0,
            0.0,
            0.0,
            0.0,
            0.0,
            0.0,
            0.0,
            0.0,
            0.0,
            0.0
        ],