{
    "calcinfo_nalpha": 5,
    "calcinfo_natom": 5,
    "calcinfo_nbeta": 5,
    "calcinfo_nmo": 10,
    "molecule": {
        "geometry": [
            [
                0.0,
                0.0,
                0.0
            ],
            [
                1.1864400805788302,
                -1.1864400805788302,
                1.1864400805788302
            ],
            [
                -1.1864400805788302,
                1.1864400805788302,
                1.1864400805788302
            ],
            [
                -1.1864400805788302,
                -1.1864400805788302,
                -1.1864400805788302
            ],
            [
                1.1864400805788302,
                1.1864400805788302,
                -1.1864400805788302
            ]
        ],
        "symbols": [
            "C",
            "H",
            "H",
            "H",
            "H"
        ]
    },
    "parameters": {
        "charge": 0.0,
        "conv_only_dens": false,
        "dconv": 0.0001,
        "derivatives": false,
        "dipole": false,
        "econv": 1e-05,
        "ginitial_hessian": false,
        "gmaxiter": 20,
        "gopt": false,
        "gprec": 0.0001,
        "gtest": false,
        "gtol": 0.0001,
        "gval": 1e-05,
        "k": -1,
        "l": 51.186,
        "lo": 0.0021467,
        "loadbalparts": 2,
        "maxiter": 25,
        "maxrotn": 0.25,
        "maxsub": 10,
        "nalpha": 5,
        "nbeta": 5,
        "nio": 1,
        "nmo_alpha": 5,
        "nmo_beta": 5,
        "no_compute": false,
        "noiter": false,
        "nopen": 0,
        "npt_plot": 101,
        "nv_factor": 1,
        "nvalpha": 0,
        "nvbeta": 0,
        "orbitalshift": 0.0,
        "plot_cell": [],
        "plotcoul": false,
        "plotdens": false,
        "plothi": -1,
        "plotlo": 0,
        "print_level": 3,
        "protocol": [
            0.0001,
            1e-06
        ],
        "psp_calc": false,
        "pure_ae": true,
        "restart": false,
        "restartao": false,
        "save": true,
        "smear": 0.0,
        "spin_restricted": true,
        "vnucextra": 2
    },
    "precision": {
        "dconv": 0.0001,
        "econv": 1e-05,
        "eprec": 0.0001,
        "k": 8,
        "thresh": 1e-06
    },
    "return_energy": -40.467743862932714,
    "scf_e_data": {
        "e_coulomb": [
            34.78850600277138,
            31.89533921622158,
            32.712396849177836,
            32.86391024748022,
            32.84338509921622,
            32.8175424985995,
            32.81669868627658,
            32.817418828050464,
            32.81736907011133,
            32.81579737805862
        ],
        "e_kinetic": [
            41.381619502342716,
            39.572865610616496,
            40.10178892750334,
            40.258083375378014,
            40.27868417346694,
            40.26822701279502,
            40.26843882872408,
            40.26875458003581,
            40.26881825226547,
            40.26893865139723
        ],
        "e_local": [
            0.0,
            0.0,
            0.0,
            0.0,
            0.0,
            0.0,
            0.0,
            0.0,
            0.0,
            0.0
        ],
        "e_nrep": [
            13.466947944236333,
            13.466947944236333,
            13.466947944236333,
            13.466947944236333,
            13.466947944236333,
            13.466947944236333,
            13.466947944236333,
            13.466947944236333,
            13.466947944236333,
            13.466947944236333
        ],
        "e_nuclear": [
            -122.92657895405874,
            -118.68480014753993,
            -119.9432988176925,
            -120.22284005446598,
            -120.21973523115824,
            -120.18559989122018,
            -120.18479414983165,
            -120.18574359313979,
            -120.18574428248479,
            -120.18503384515014
        ],
        "e_pcm": [
            0.0,
            0.0,
            0.0,
            0.0,
            0.0,
            0.0,
            0.0,
            0.0,
            0.0,
            0.0
        ],
        "e_tot": [
            -40.33826171942566,
            -40.433240454745594,
            -40.463843854869445,
            -40.46659674893367,
            -40.467071010895886,
            -40.46713652225287,
            -40.46714456338068,
            -40.46716060744576,
            -40.467146652399215,
            -40.467743862932714
        ],
        "e_xc": [
            -7.048756214717341,
            -6.683593078280076,
            -6.801678758094464,
            -6.832698261562252,
            -6.836352996657139,
            -6.8342540866635515,
            -6.834435872786016,
            -6.834538366628588,
            -6.834537636527562,
            -6.834393991474755
        ],
        "iterations": 10
    },
    "scf_eigenvalues_a": {
        "dims": [
            5
        ],
        "size": 5,
        "vals": [
            -9.854418695698026,
            -0.4195310122450552,
            -0.4195309968260167,
            -0.41953100144549427,
            -0.4195310116994073
        ]
    },
    "time": "2024-05-03 21:08:29",
    "wall_time": 13.220755815505981
}