{
    "calcinfo_nalpha": 10,
    "calcinfo_natom": 3,
    "calcinfo_nbeta": 9,
    "calcinfo_nmo": 19,
    "molecule": {
        "geometry": [
            [
                0.0,
                0.0,
                2.8077602093993086
            ],
            [
                0.0,
                0.0,
                0.0
            ],
            [
                0.0,
                0.0,
                -2.8077602093993086
            ]
        ],
        "symbols": [
            "H",
            "Cl",
            "H"
        ]
    },
    "parameters": {
        "charge": 0.0,
        "conv_only_dens": false,
        "dconv": 0.0001,
        "derivatives": false,
        "dipole": false,
        "econv": 1e-05,
        "ginitial_hessian": false,
        "gmaxiter": 20,
        "gopt": false,
        "gprec": 0.0001,
        "gtest": false,
        "gtol": 0.0001,
        "gval": 1e-05,
        "k": -1,
        "l": 52.808,
        "lo": 0.00037839,
        "loadbalparts": 2,
        "maxiter": 25,
        "maxrotn": 0.25,
        "maxsub": 10,
        "nalpha": 10,
        "nbeta": 9,
        "nio": 1,
        "nmo_alpha": 10,
        "nmo_beta": 9,
        "no_compute": false,
        "noiter": false,
        "nopen": 1,
        "npt_plot": 101,
        "nv_factor": 1,
        "nvalpha": 0,
        "nvbeta": 0,
        "orbitalshift": 0.0,
        "plot_cell": [],
        "plotcoul": false,
        "plotdens": false,
        "plothi": -1,
        "plotlo": 0,
        "print_level": 3,
        "protocol": [
            0.0001,
            1e-06
        ],
        "psp_calc": false,
        "pure_ae": true,
        "restart": false,
        "restartao": false,
        "save": true,
        "smear": 0.0,
        "spin_restricted": false,
        "vnucextra": 2
    },
    "precision": {
        "dconv": 0.0001,
        "econv": 1e-05,
        "eprec": 0.0001,
        "k": 8,
        "thresh": 1e-06
    },
    "return_energy": -461.1287933985744,
    "scf_e_data": {
        "e_coulomb": [
            216.31698008065507,
            215.64846544317072,
            216.00602877171036,
            215.91708724290532,
            216.020774613041,
            216.00144569991386,
            216.00422109653712,
            216.0049197222548,
            216.00470999719704,
            216.00545504416965,
            216.00685014412556
        ],
        "e_kinetic": [
            460.5764415091318,
            460.05669056517445,
            460.4789954979273,
            460.5398826481844,
            460.64008352142224,
            460.56450450003865,
            460.5503132870945,
            460.55235087045685,
            460.55259628094745,
            460.5357783048545,
            460.53257645031886
        ],
        "e_local": [
            0.0,
            0.0,
            0.0,
            0.0,
            0.0,
            0.0,
            0.0,
            0.0,
            0.0,
            0.0,
            0.0
        ],
        "e_nrep": [
            12.28737407293799,
            12.28737407293799,
            12.28737407293799,
            12.28737407293799,
            12.28737407293799,
            12.28737407293799,
            12.28737407293799,
            12.28737407293799,
            12.28737407293799,
            12.28737407293799,
            12.28737407293799
        ],
        "e_nuclear": [
            -1121.4993915924747,
            -1120.4335915289303,
            -1121.1920386392437,
            -1121.1716089092988,
            -1121.3687421978316,
            -1121.2759423244725,
            -1121.264494312633,
            -1121.2672267753044,
            -1121.2672747792276,
            -1121.2521548076331,
            -1121.250312980085
        ],
        "e_pcm": [
            0.0,
            0.0,
            0.0,
            0.0,
            0.0,
            0.0,
            0.0,
            0.0,
            0.0,
            0.0,
            0.0
        ],
        "e_tot": [
            -461.0391925956867,
            -461.11419373890504,
            -461.12222137897203,
            -461.1256381581539,
            -461.12752480380686,
            -461.1279254789602,
            -461.1279859145803,
            -461.12800493301216,
            -461.1280153763509,
            -461.12878983505874,
            -461.1287933985744
        ],
        "e_xc": [
            -28.720596665936988,
            -28.673132291257986,
            -28.702581082304036,
            -28.698373212882835,
            -28.707014813376468,
            -28.705307427378255,
            -28.705400058516958,
            -28.705422823357495,
            -28.705420948205813,
            -28.705242449387747,
            -28.705281085871803
        ],
        "iterations": 11
    },
    "scf_eigenvalues_a": {
        "dims": [
            10
        ],
        "size": 10,
        "vals": [
            -100.68341991861831,
            -9.198181612231988,
            -7.025319554305302,
            -7.013349843785061,
            -7.014876330842174,
            -0.6874844590753666,
            -0.4045432787751768,
            -0.30731751019895404,
            -0.30731750883588527,
            -0.4045428362612622
        ]
    },
    "scf_eigenvalues_b": {
        "dims": [
            9
        ],
        "size": 9,
        "vals": [
            -100.68407789633531,
            -9.198823253958935,
            -7.025493418716774,
            -7.011436810220886,
            -7.014013374036317,
            -0.6136978228376861,
            -0.6136977062532583,
            -0.3017960907935766,
            -0.3017960889074134
        ]
    },
    "time": "2024-05-03 22:22:54",
    "wall_time": 69.58090114593506
}