{
    "calcinfo_nalpha": 7,
    "calcinfo_natom": 2,
    "calcinfo_nbeta": 7,
    "calcinfo_nmo": 14,
    "molecule": {
        "geometry": [
            [
                0.0,
                0.0,
                0.9148504953917245
            ],
            [
                0.0,
                0.0,
                -1.2198006605222993
            ]
        ],
        "symbols": [
            "O",
            "C"
        ]
    },
    "parameters": {
        "charge": 0.0,
        "conv_only_dens": false,
        "dconv": 0.0001,
        "derivatives": false,
        "dipole": false,
        "econv": 1e-05,
        "ginitial_hessian": false,
        "gmaxiter": 20,
        "gopt": false,
        "gprec": 0.0001,
        "gtest": false,
        "gtol": 0.0001,
        "gval": 1e-05,
        "k": -1,
        "l": 51.22,
        "lo": 0.001329,
        "loadbalparts": 2,
        "maxiter": 25,
        "maxrotn": 0.25,
        "maxsub": 10,
        "nalpha": 7,
        "nbeta": 7,
        "nio": 1,
        "nmo_alpha": 7,
        "nmo_beta": 7,
        "no_compute": false,
        "noiter": false,
        "nopen": 0,
        "npt_plot": 101,
        "nv_factor": 1,
        "nvalpha": 0,
        "nvbeta": 0,
        "orbitalshift": 0.0,
        "plot_cell": [],
        "plotcoul": false,
        "plotdens": false,
        "plothi": -1,
        "plotlo": 0,
        "print_level": 3,
        "protocol": [
            0.0001,
            1e-06
        ],
        "psp_calc": false,
        "pure_ae": true,
        "restart": false,
        "restartao": false,
        "save": true,
        "smear": 0.0,
        "spin_restricted": true,
        "vnucextra": 2
    },
    "precision": {
        "dconv": 0.0001,
        "econv": 1e-05,
        "eprec": 0.0001,
        "k": 8,
        "thresh": 1e-06
    },
    "return_energy": -113.24245035072381,
    "scf_e_data": {
        "e_coulomb": [
            77.03170795775391,
            75.72304641658478,
            76.4253901543791,
            76.34085289719116,
            76.33344223699265,
            76.33707620389495,
            76.33347927480665,
            76.33340383505694,
            76.33219710144937
        ],
        "e_kinetic": [
            113.34569801957076,
            112.26473857281334,
            112.8869207294627,
            112.87951397498512,
            112.89637739639423,
            112.89807487660224,
            112.89198457306007,
            112.8922410927729,
            112.89146693928488
        ],
        "e_local": [
            0.0,
            0.0,
            0.0,
            0.0,
            0.0,
            0.0,
            0.0,
            0.0,
            0.0
        ],
        "e_nrep": [
            22.486109670433322,
            22.486109670433322,
            22.486109670433322,
            22.486109670433322,
            22.486109670433322,
            22.486109670433322,
            22.486109670433322,
            22.486109670433322,
            22.486109670433322
        ],
        "e_nuclear": [
            -312.09843358525376,
            -310.0111659336796,
            -311.26550537114315,
            -311.1865680484589,
            -311.19683034575144,
            -311.2017887171178,
            -311.19269939010127,
            -311.19269404959806,
            -311.19162379366117
        ],
        "e_pcm": [
            0.0,
            0.0,
            0.0,
            0.0,
            0.0,
            0.0,
            0.0,
            0.0,
            0.0
        ],
        "e_tot": [
            -113.11219850771924,
            -113.22807844241747,
            -113.23936040623086,
            -113.24139960297141,
            -113.24170163306478,
            -113.2417564747462,
            -113.24180124161366,
            -113.24161243865886,
            -113.24245035072381
        ],
        "e_xc": [
            -13.877280570223473,
            -13.690807168569314,
            -13.772275589362827,
            -13.761308097122075,
            -13.760800591133549,
            -13.761228508558933,
            -13.760675369812446,
            -13.760672987323979,
            -13.760600268230235
        ],
        "iterations": 9
    },
    "scf_eigenvalues_a": {
        "dims": [
            7
        ],
        "size": 7,
        "vals": [
            -18.846580952621807,
            -9.986491700795835,
            -1.037332478104064,
            -0.5564272707767004,
            -0.43541872561650496,
            -0.4354187240996996,
            -0.35880881252161734
        ]
    },
    "time": "2024-05-03 21:14:48",
    "wall_time": 16.340476989746094
}