{
    "calcinfo_nalpha": 9,
    "calcinfo_natom": 5,
    "calcinfo_nbeta": 8,
    "calcinfo_nmo": 17,
    "molecule": {
        "geometry": [
            [
                2.792221741846619,
                -0.3957026735159067,
                0.0008579386760379731
            ],
            [
                1.1423008449708492,
                0.6371091496802541,
                -0.00014942663607792308
            ],
            [
                -0.6179711595192164,
                -0.8684732970648884,
                8.752237840296605e-05
            ],
            [
                -2.401229148171091,
                0.2639644274684861,
                -0.0015340208231391923
            ],
            [
                -4.061300391836958,
                1.7512872777398631,
                0.0011094119508259183
            ]
        ],
        "symbols": [
            "H",
            "N",
            "N",
            "H",
            "H"
        ]
    },
    "parameters": {
        "charge": 0.0,
        "conv_only_dens": false,
        "dconv": 0.0001,
        "derivatives": false,
        "dipole": false,
        "econv": 1e-05,
        "ginitial_hessian": false,
        "gmaxiter": 20,
        "gopt": false,
        "gprec": 0.0001,
        "gtest": false,
        "gtol": 0.0001,
        "gval": 1e-05,
        "k": -1,
        "l": 54.061,
        "lo": 0.0016603,
        "loadbalparts": 2,
        "maxiter": 25,
        "maxrotn": 0.25,
        "maxsub": 10,
        "nalpha": 9,
        "nbeta": 8,
        "nio": 1,
        "nmo_alpha": 9,
        "nmo_beta": 8,
        "no_compute": false,
        "noiter": false,
        "nopen": 1,
        "npt_plot": 101,
        "nv_factor": 1,
        "nvalpha": 0,
        "nvbeta": 0,
        "orbitalshift": 0.0,
        "plot_cell": [],
        "plotcoul": false,
        "plotdens": false,
        "plothi": -1,
        "plotlo": 0,
        "print_level": 3,
        "protocol": [
            0.0001,
            1e-06
        ],
        "psp_calc": false,
        "pure_ae": true,
        "restart": false,
        "restartao": false,
        "save": true,
        "smear": 0.0,
        "spin_restricted": false,
        "vnucextra": 2
    },
    "precision": {
        "dconv": 0.0001,
        "econv": 1e-05,
        "eprec": 0.0001,
        "k": 8,
        "thresh": 1e-06
    },
    "return_energy": -110.53067508691792,
    "scf_e_data": {
        "e_coulomb": [
            88.78527355119547,
            87.87878300343102,
            88.00625042211273,
            87.93801438797568,
            87.98770104947921,
            88.07266135594693,
            88.09929325206615,
            88.12985962666986,
            88.17495465960872,
            88.18015941728096,
            88.17966348799709,
            88.18714537343855,
            88.17897999284689,
            88.1848771321229,
            88.18261441701736,
            88.18256728092084,
            88.18991190685982,
            88.21740366090324,
            88.1874147902381,
            88.18417735809373,
            88.18946594255033,
            88.19398874416702,
            88.2013537746598,
            88.20506894657038,
            88.21360871996274,
            88.21348568471728,
            88.20542399941361,
            88.20337056379213,
            88.19773437346706,
            88.19610107972028
        ],
        "e_kinetic": [
            111.01442432544967,
            110.25182946255201,
            110.36616252680422,
            110.33633138713836,
            110.36274536375882,
            110.38649659893326,
            110.3869107954215,
            110.38897172242295,
            110.3952792634118,
            110.38638451460363,
            110.38155910190518,
            110.38422109309413,
            110.38606715322919,
            110.38685702517039,
            110.3870673963921,
            110.39131360777347,
            110.40962355595937,
            110.45532631644649,
            110.39731000311238,
            110.38413271179645,
            110.38638361463268,
            110.39347044938404,
            110.39862899967888,
            110.40802714559862,
            110.41248994320962,
            110.41302241494833,
            110.40174300392144,
            110.39924238299379,
            110.39640599708947,
            110.39652796315049
        ],
        "e_local": [
            0.0,
            0.0,
            0.0,
            0.0,
            0.0,
            0.0,
            0.0,
            0.0,
            0.0,
            0.0,
            0.0,
            0.0,
            0.0,
            0.0,
            0.0,
            0.0,
            0.0,
            0.0,
            0.0,
            0.0,
            0.0,
            0.0,
            0.0,
            0.0,
            0.0,
            0.0,
            0.0,
            0.0,
            0.0,
            0.0
        ],
        "e_nrep": [
            35.77410127760275,
            35.77410127760275,
            35.77410127760275,
            35.77410127760275,
            35.77410127760275,
            35.77410127760275,
            35.77410127760275,
            35.77410127760275,
            35.77410127760275,
            35.77410127760275,
            35.77410127760275,
            35.77410127760275,
            35.77410127760275,
            35.77410127760275,
            35.77410127760275,
            35.77410127760275,
            35.77410127760275,
            35.77410127760275,
            35.77410127760275,
            35.77410127760275,
            35.77410127760275,
            35.77410127760275,
            35.77410127760275,
            35.77410127760275,
            35.77410127760275,
            35.77410127760275,
            35.77410127760275,
            35.77410127760275,
            35.77410127760275,
            35.77410127760275
        ],
        "e_nuclear": [
            -331.8011174363482,
            -330.35618322003177,
            -330.58421116064665,
            -330.4833838449906,
            -330.53782036821383,
            -330.6373257718386,
            -330.6612095900491,
            -330.69351280088915,
            -330.74177961648206,
            -330.73788037935884,
            -330.73309185433516,
            -330.7417888873341,
            -330.73650839368565,
            -330.7417977930686,
            -330.73945695402256,
            -330.74222417937284,
            -330.7627423900625,
            -330.81823558540407,
            -330.7523601888331,
            -330.73958537712906,
            -330.746470593456,
            -330.7544562253628,
            -330.7653752300257,
            -330.7739061881422,
            -330.78591989094207,
            -330.7859372495738,
            -330.7692255520731,
            -330.76520482117604,
            -330.7576046760904,
            -330.756432028865
        ],
        "e_pcm": [
            0.0,
            0.0,
            0.0,
            0.0,
            0.0,
            0.0,
            0.0,
            0.0,
            0.0,
            0.0,
            0.0,
            0.0,
            0.0,
            0.0,
            0.0,
            0.0,
            0.0,
            0.0,
            0.0,
            0.0,
            0.0,
            0.0,
            0.0,
            0.0,
            0.0,
            0.0,
            0.0,
            0.0,
            0.0,
            0.0
        ],