{
    "calcinfo_nalpha": 9,
    "calcinfo_natom": 7,
    "calcinfo_nbeta": 8,
    "calcinfo_nmo": 17,
    "molecule": {
        "geometry": [
            [
                -0.41377130962778147,
                -1.0731317230988258,
                -9.563524128292905e-05
            ],
            [
                0.07924050552847191,
                1.419448320647378,
                6.677967317240313e-05
            ],
            [
                2.8946194080100858,
                -2.823032859454424,
                0.0009242204538530863
            ],
            [
                -0.7721926808651021,
                -2.0819030631413167,
                -1.7397785924708467
            ],
            [
                -0.7731065852844805,
                -2.0825203037073883,
                1.7389916765257725
            ],
            [
                0.32836588924277826,
                2.4549997051321797,
                1.742978051326437
            ],
            [
                0.3294987934925755,
                2.4545569358796344,
                -1.7429422224265523
            ]
        ],
        "symbols": [
            "C",
            "C",
            "H",
            "H",
            "H",
            "H",
            "H"
        ]
    },
    "parameters": {
        "charge": 0.0,
        "conv_only_dens": false,
        "dconv": 0.0001,
        "derivatives": false,
        "dipole": false,
        "econv": 1e-05,
        "ginitial_hessian": false,
        "gmaxiter": 20,
        "gopt": false,
        "gprec": 0.0001,
        "gtest": false,
        "gtol": 0.0001,
        "gval": 1e-05,
        "k": -1,
        "l": 52.895,
        "lo": 0.0021467,
        "loadbalparts": 2,
        "maxiter": 25,
        "maxrotn": 0.25,
        "maxsub": 10,
        "nalpha": 9,
        "nbeta": 8,
        "nio": 1,
        "nmo_alpha": 9,
        "nmo_beta": 8,
        "no_compute": false,
        "noiter": false,
        "nopen": 1,
        "npt_plot": 101,
        "nv_factor": 1,
        "nvalpha": 0,
        "nvbeta": 0,
        "orbitalshift": 0.0,
        "plot_cell": [],
        "plotcoul": false,
        "plotdens": false,
        "plothi": -1,
        "plotlo": 0,
        "print_level": 3,
        "protocol": [
            0.0001,
            1e-06
        ],
        "psp_calc": false,
        "pure_ae": true,
        "restart": false,
        "restartao": false,
        "save": true,
        "smear": 0.0,
        "spin_restricted": false,
        "vnucextra": 2
    },
    "precision": {
        "dconv": 0.0001,
        "econv": 1e-05,
        "eprec": 0.0001,
        "k": 8,
        "thresh": 1e-06
    },
    "return_energy": -78.56377913746147,
    "scf_e_data": {
        "e_coulomb": [
            77.5303791098399,
            73.72931812795449,
            74.17438656687109,
            74.16203855138176,
            74.0299724442239,
            74.07850905725793,
            74.12899309421176,
            74.11740812174227,
            74.12361561259601,
            74.12835859306385,
            74.14286471618112,
            74.14096897109862,
            74.14335431461743,
            74.14103251992381,
            74.142143882196,
            74.14279778771547,
            74.14266451219655,
            74.14358996692951
        ],
        "e_kinetic": [
            79.96969297106193,
            78.01845244812543,
            78.32308563953,
            78.46434961280565,
            78.45904709848787,
            78.48911346525438,
            78.50442237799177,
            78.49398231715601,
            78.49700586788362,
            78.50289659479745,
            78.51674103614923,
            78.520041417393,
            78.52633324804808,
            78.52514732677918,
            78.52419198463178,
            78.52470560723022,
            78.52507538988212,
            78.52842404846189
        ],
        "e_local": [
            0.0,
            0.0,
            0.0,
            0.0,
            0.0,
            0.0,
            0.0,
            0.0,
            0.0,
            0.0,
            0.0,
            0.0,
            0.0,
            0.0,
            0.0,
            0.0,
            0.0,
            0.0
        ],
        "e_nrep": [
            36.85246400757819,
            36.85246400757819,
            36.85246400757819,
            36.85246400757819,
            36.85246400757819,
            36.85246400757819,
            36.85246400757819,
            36.85246400757819,
            36.85246400757819,
            36.85246400757819,
            36.85246400757819,
            36.85246400757819,
            36.85246400757819,
            36.85246400757819,
            36.85246400757819,
            36.85246400757819,
            36.85246400757819,
            36.85246400757819
        ],
        "e_nuclear": [
            -260.42697790850156,
            -255.19627535417192,
            -255.88990730926972,
            -255.9819968282054,
            -255.83637890535329,
            -255.90544176630837,
            -255.96731432278455,
            -255.94692967875596,
            -255.95447068170154,
            -255.9614715811671,
            -255.9844678197166,
            -255.98507871938247,
            -255.9915953864145,
            -255.9886223328283,
            -255.98911782480593,
            -255.98995732068343,
            -255.98995659769366,
            -255.99490409655658
        ],
        "e_pcm": [
            0.0,
            0.0,
            0.0,
            0.0,
            0.0,
            0.0,
            0.0,
            0.0,
            0.0,
            0.0,
            0.0,
            0.0,
            0.0,
            0.0,
            0.0,
            0.0,
            0.0,
            0.0
        ],
        "e_tot": [
            -78.29815408416704,
            -78.51148074783978,
            -78.53392643993207,
            -78.55127982076499,
            -78.55894588202912,
            -78.56116220546353,
            -78.56171150116508,
            -78.56209201512458,
            -78.56232801592645,
            -78.56258607576149,
            -78.5628487544794,
            -78.5629424575856,
            -78.5629801904676,
            -78.56299791444572,
            -78.56300884693906,
            -78.5630006107022,
            -78.56273913466383,
            -78.56377913746147
        ],
        "e_xc": [
            -12.22371226414551,
            -11.915439977325969,
            -11.993955344641652,
            -12.048135164325178,
            -12.064050526965808,
            -12.075806969245658,
            -12.080276658162262,
            -12.079016782845075,
            -12.080942822282733,
            -12.084833690033882,
            -12.09045069467135,
            -12.09133813427295,
            -12.09353637429679,
            -12.0930194358986,
            -12.09269089653909,
            -12.09301069254267,
            -12.09298644662702,
            -12.093353063874467
        ],
        "iterations": 18
    },
    "scf_eigenvalues_a": {
        "dims": [
            9
        ],
        "size": 9,
        "vals": [
            -11.221557167929145,
            -11.224542455963295,
            -0.852342774088017,
            -0.6828533695561441,
            -0.6828820672457043,
            -0.6968160425109737,
            -0.6968267850332781,
            -0.39806948889037064,
            -0.47209909589080246
        ]
    },
    "scf_eigenvalues_b": {
        "dims": [
            8
        ],
        "size": 8,
        "vals": [
            -11.233145008440633,
            -11.209883716227548,
            -0.8464590372631129,
            -0.6989608553109965,
            -0.6989910196828548,
            -0.6749065111242678,
            -0.6749159644604865,
            -0.4007548820930762
        ]
    },
    "time": "2024-05-02 14:28:05",
    "wall_time": 74.70909690856934
}