{
    "calcinfo_nalpha": 9,
    "calcinfo_natom": 1,
    "calcinfo_nbeta": 8,
    "calcinfo_nmo": 17,
    "molecule": {
        "geometry": [
            [
                0.0,
                0.0,
                0.0
            ]
        ],
        "symbols": [
            "Cl"
        ]
    },
    "parameters": {
        "charge": 0.0,
        "conv_only_dens": false,
        "dconv": 0.0001,
        "derivatives": false,
        "dipole": false,
        "econv": 1e-05,
        "ginitial_hessian": false,
        "gmaxiter": 20,
        "gopt": false,
        "gprec": 0.0001,
        "gtest": false,
        "gtol": 0.0001,
        "gval": 1e-05,
        "k": -1,
        "l": 50.0,
        "lo": 0.00037839,
        "loadbalparts": 2,
        "maxiter": 25,
        "maxrotn": 0.25,
        "maxsub": 10,
        "nalpha": 9,
        "nbeta": 8,
        "nio": 1,
        "nmo_alpha": 9,
        "nmo_beta": 8,
        "no_compute": false,
        "noiter": false,
        "nopen": 1,
        "npt_plot": 101,
        "nv_factor": 1,
        "nvalpha": 0,
        "nvbeta": 0,
        "orbitalshift": 0.0,
        "plot_cell": [],
        "plotcoul": false,
        "plotdens": false,
        "plothi": -1,
        "plotlo": 0,
        "print_level": 3,
        "protocol": [
            0.0001,
            1e-06
        ],
        "psp_calc": false,
        "pure_ae": true,
        "restart": false,
        "restartao": false,
        "save": true,
        "smear": 0.0,
        "spin_restricted": false,
        "vnucextra": 2
    },
    "precision": {
        "dconv": 0.0001,
        "econv": 1e-05,
        "eprec": 0.0001,
        "k": 8,
        "thresh": 1e-06
    },
    "return_energy": -459.97440872845345,
    "scf_e_data": {
        "e_coulomb": [
            202.8870361735936,
            202.75536621436083,
            202.93002612031435,
            202.9546593755796,
            202.98501300050242,
            202.9844966005982,
            202.98145851927075,
            202.98130163901595,
            202.98156940719593,
            202.98196633706192
        ],
        "e_kinetic": [
            459.02818073477874,
            458.9481389394381,
            459.2678918073706,
            459.4082146442895,
            459.47515191332457,
            459.4737713889708,
            459.46311847145853,
            459.46344561668116,
            459.4457949475371,
            459.44189959116767
        ],
        "e_local": [
            0.0,
            0.0,
            0.0,
            0.0,
            0.0,
            0.0,
            0.0,
            0.0,
            0.0,
            0.0
        ],
        "e_nrep": [
            0.0,
            0.0,
            0.0,
            0.0,
            0.0,
            0.0,
            0.0,
            0.0,
            0.0,
            0.0
        ],
        "e_nuclear": [
            -1093.841187519039,
            -1093.6972891224846,
            -1094.1799641437638,
            -1094.3424945074505,
            -1094.4369652216456,
            -1094.434996784733,
            -1094.421617269066,
            -1094.4216609006407,
            -1094.4052939648775,
            -1094.401809986482
        ],
        "e_pcm": [
            0.0,
            0.0,
            0.0,
            0.0,
            0.0,
            0.0,
            0.0,
            0.0,
            0.0,
            0.0
        ],
        "e_tot": [
            -459.92069109484396,
            -459.97121557869986,
            -459.9731461635193,
            -459.9735387625716,
            -459.9736517489146,
            -459.97366670838187,
            -459.97369325146565,
            -459.9735659637442,
            -459.97440394146116,
            -459.97440872845345
        ],
        "e_xc": [
            -27.994720484177286,
            -27.97743161001422,
            -27.991099947440418,
            -27.993918274990158,
            -27.99685144109603,
            -27.996937913217945,
            -27.996652973128917,
            -27.996652318800557,
            -27.99647433131663,
            -27.996464670200986
        ],
        "iterations": 10
    },
    "scf_eigenvalues_a": {
        "dims": [
            9
        ],
        "size": 9,
        "vals": [
            -100.70818166756405,
            -9.225093733050002,
            -7.03633427426751,
            -7.037173511464399,
            -7.057200302005974,
            -0.7721869618699553,
            -0.3162180885549457,
            -0.3159374172093967,
            -0.3662687434423364
        ]
    },
    "scf_eigenvalues_b": {
        "dims": [
            8
        ],
        "size": 8,
        "vals": [
            -100.69916404418106,
            -9.214849325578083,
            -7.029184422865228,
            -7.029476023144831,
            -7.038900184152769,
            -0.7304111934884094,
            -0.2965505571519951,
            -0.29654373815502
        ]
    },
    "time": "2024-05-03 21:09:26",
    "wall_time": 54.49778914451599
}