{
    "calcinfo_nalpha": 9,
    "calcinfo_natom": 7,
    "calcinfo_nbeta": 8,
    "calcinfo_nmo": 17,
    "molecule": {
        "geometry": [
            [
                -0.042320926509787034,
                1.2738955482806056e-05,
                -1.501588346938146
            ],
            [
                -0.0008696408123915291,
                0.0003199183128206313,
                1.314061863825236
            ],
            [
                -0.9090635943609575,
                1.6810884706284708,
                2.0851235971057522
            ],
            [
                0.09162200507730302,
                -1.7461977813799006,
                -2.5482501202596213
            ],
            [
                1.9362998167827414,
                -0.02518735109854634,
                2.0523217921756056
            ],
            [
                -0.9516181573487111,
                -1.6567617640836299,
                2.085930372704523
            ],
            [
                0.09190333378269593,
                1.7450624823237855,
                -2.5499667430487984
            ]
        ],
        "symbols": [
            "C",
            "C",
            "H",
            "H",
            "H",
            "H",
            "H"
        ]
    },
    "parameters": {
        "charge": 0.0,
        "conv_only_dens": false,
        "dconv": 0.0001,
        "derivatives": false,
        "dipole": false,
        "econv": 1e-05,
        "ginitial_hessian": false,
        "gmaxiter": 20,
        "gopt": false,
        "gprec": 0.0001,
        "gtest": false,
        "gtol": 0.0001,
        "gval": 1e-05,
        "k": -1,
        "l": 52.55,
        "lo": 0.0021467,
        "loadbalparts": 2,
        "maxiter": 25,
        "maxrotn": 0.25,
        "maxsub": 10,
        "nalpha": 9,
        "nbeta": 8,
        "nio": 1,
        "nmo_alpha": 9,
        "nmo_beta": 8,
        "no_compute": false,
        "noiter": true,
        "nopen": 1,
        "npt_plot": 101,
        "nv_factor": 1,
        "nvalpha": 0,
        "nvbeta": 0,
        "orbitalshift": 0.0,
        "plot_cell": [],
        "plotcoul": false,
        "plotdens": false,
        "plothi": -1,
        "plotlo": 0,
        "print_level": 3,
        "protocol": [
            1e-06
        ],
        "psp_calc": false,
        "pure_ae": true,
        "restart": true,
        "restartao": false,
        "save": true,
        "smear": 0.0,
        "spin_restricted": false,
        "vnucextra": 2
    },
    "precision": {
        "dconv": 0.0001,
        "econv": 1e-05,
        "eprec": 0.0001,
        "k": 8,
        "thresh": 1e-06
    },
    "return_energy": -79.05316191398695,
    "scf_e_data": {
        "e_coulomb": [
            74.4802164047354
        ],
        "e_kinetic": [
            78.58111813529896
        ],
        "e_local": [
            0.0
        ],
        "e_nrep": [
            36.98161618552092
        ],
        "e_nuclear": [
            -256.52149036459474
        ],
        "e_pcm": [
            0.0
        ],
        "e_tot": [
            -79.05316191398695
        ],
        "e_xc": [
            -12.574622274947503
        ],
        "iterations": 1
    },
    "scf_eigenvalues_a": {
        "dims": [
            9
        ],
        "size": 9,
        "vals": [
            -11.207808217569717,
            -11.221483314812005,
            -0.7375073549846298,
            -0.7001186219767177,
            -0.7001921638403248,
            -0.6517106391250417,
            -0.652262519337866,
            -0.652272547021475,
            -0.3817696751244515
        ]
    },
    "scf_eigenvalues_b": {
        "dims": [
            8
        ],
        "size": 8,
        "vals": [
            -11.211501770147134,
            -11.197696502235821,
            -0.7067345391858812,
            -0.6602338099276345,
            -0.6602688684359619,
            -0.6452443946265525,
            -0.6522024610674391,
            -0.6524174445038105
        ]
    },
    "time": "2024-05-02 17:20:12",
    "wall_time": 7.495368957519531
}