{
    "calcinfo_nalpha": 9,
    "calcinfo_natom": 1,
    "calcinfo_nbeta": 9,
    "calcinfo_nmo": 18,
    "molecule": {
        "geometry": [
            [
                0.0,
                0.0,
                0.0
            ]
        ],
        "symbols": [
            "Cl"
        ]
    },
    "parameters": {
        "charge": -1.0,
        "conv_only_dens": false,
        "dconv": 0.0001,
        "derivatives": false,
        "dipole": false,
        "econv": 1e-05,
        "ginitial_hessian": false,
        "gmaxiter": 20,
        "gopt": false,
        "gprec": 0.0001,
        "gtest": false,
        "gtol": 0.0001,
        "gval": 1e-05,
        "k": -1,
        "l": 50.0,
        "lo": 0.00037839,
        "loadbalparts": 2,
        "maxiter": 25,
        "maxrotn": 0.25,
        "maxsub": 10,
        "nalpha": 9,
        "nbeta": 9,
        "nio": 1,
        "nmo_alpha": 9,
        "nmo_beta": 9,
        "no_compute": false,
        "noiter": false,
        "nopen": 0,
        "npt_plot": 101,
        "nv_factor": 1,
        "nvalpha": 0,
        "nvbeta": 0,
        "orbitalshift": 0.0,
        "plot_cell": [],
        "plotcoul": false,
        "plotdens": false,
        "plothi": -1,
        "plotlo": 0,
        "print_level": 3,
        "protocol": [
            0.0001,
            1e-06
        ],
        "psp_calc": false,
        "pure_ae": true,
        "restart": false,
        "restartao": false,
        "save": true,
        "smear": 0.0,
        "spin_restricted": true,
        "vnucextra": 2
    },
    "precision": {
        "dconv": 0.0001,
        "econv": 1e-05,
        "eprec": 0.0001,
        "k": 8,
        "thresh": 1e-06
    },
    "return_energy": -459.5768170657687,
    "scf_e_data": {
        "e_coulomb": [
            213.5788712154469,
            206.2795773112032,
            208.60437580808303,
            209.37475289167008,
            209.29740137600763,
            209.3077897574039,
            209.310117337752,
            209.30994913737533,
            209.31046650434195,
            209.31246793013355
        ],
        "e_kinetic": [
            461.42812390027547,
            457.81198241020036,
            459.1526085878418,
            459.60736575541637,
            459.5746971047861,
            459.5890492467539,
            459.5932858202318,
            459.59362937612315,
            459.58015087363805,
            459.57829871187414
        ],
        "e_local": [
            0.0,
            0.0,
            0.0,
            0.0,
            0.0,
            0.0,
            0.0,
            0.0,
            0.0,
            0.0
        ],
        "e_nrep": [
            0.0,
            0.0,
            0.0,
            0.0,
            0.0,
            0.0,
            0.0,
            0.0,
            0.0,
            0.0
        ],
        "e_nuclear": [
            -1106.4368327762988,
            -1096.115004200512,
            -1099.6354308020377,
            -1100.8049151074242,
            -1100.700273936968,
            -1100.7240403384394,
            -1100.7303612184096,
            -1100.730410405929,
            -1100.7183489883166,
            -1100.7183561010088
        ],
        "e_pcm": [
            0.0,
            0.0,
            0.0,
            0.0,
            0.0,
            0.0,
            0.0,
            0.0,
            0.0,
            0.0
        ],
        "e_tot": [
            -459.4637611834385,
            -459.54679097047915,
            -459.5741591873602,
            -459.5760612009414,
            -459.57610212961447,
            -459.5761069218297,
            -459.5761150811798,
            -459.5759558977465,
            -459.57681414841676,
            -459.5768170657687
        ],
        "e_xc": [
            -28.033923522862104,
            -27.52334649137069,
            -27.695712781247266,
            -27.75326474060363,
            -27.74792667344023,
            -27.7489055875481,
            -27.749157020754012,
            -27.749124005315924,
            -27.749082538080213,
            -27.74922760676761
        ],
        "iterations": 10
    },
    "scf_eigenvalues_a": {
        "dims": [
            9
        ],
        "size": 9,
        "vals": [
            -104.5027344187236,
            -10.2276843066468,
            -7.694402075388062,
            -7.69432733639405,
            -7.697285243965766,
            -0.7345703166379072,
            -0.15192822294359143,
            -0.15192819284218784,
            -0.15192826929943726
        ]
    },
    "time": "2024-05-03 15:15:44",
    "wall_time": 33.98890995979309
}