{
    "calcinfo_nalpha": 8,
    "calcinfo_natom": 4,
    "calcinfo_nbeta": 8,
    "calcinfo_nmo": 16,
    "molecule": {
        "geometry": [
            [
                2.2095627420870763,
                -1.2545237550484738,
                0.0
            ],
            [
                1.1201840214686685,
                0.3535068339656744,
                0.0
            ],
            [
                -1.1201840214686685,
                -0.3535068339656744,
                0.0
            ],
            [
                -2.2095627420870763,
                1.2545237550484738,
                0.0
            ]
        ],
        "symbols": [
            "H",
            "N",
            "N",
            "H"
        ]
    },
    "parameters": {
        "charge": 0.0,
        "conv_only_dens": false,
        "dconv": 0.0001,
        "derivatives": false,
        "dipole": false,
        "econv": 1e-05,
        "ginitial_hessian": false,
        "gmaxiter": 20,
        "gopt": false,
        "gprec": 0.0001,
        "gtest": false,
        "gtol": 0.0001,
        "gval": 1e-05,
        "k": -1,
        "l": 52.21,
        "lo": 0.0016603,
        "loadbalparts": 2,
        "maxiter": 25,
        "maxrotn": 0.25,
        "maxsub": 10,
        "nalpha": 8,
        "nbeta": 8,
        "nio": 1,
        "nmo_alpha": 8,
        "nmo_beta": 8,
        "no_compute": false,
        "noiter": false,
        "nopen": 0,
        "npt_plot": 101,
        "nv_factor": 1,
        "nvalpha": 0,
        "nvbeta": 0,
        "orbitalshift": 0.0,
        "plot_cell": [],
        "plotcoul": false,
        "plotdens": false,
        "plothi": -1,
        "plotlo": 0,
        "print_level": 3,
        "protocol": [
            0.0001,
            1e-06
        ],
        "psp_calc": false,
        "pure_ae": true,
        "restart": false,
        "restartao": false,
        "save": true,
        "smear": 0.0,
        "spin_restricted": true,
        "vnucextra": 2
    },
    "precision": {
        "dconv": 0.0001,
        "econv": 1e-05,
        "eprec": 0.0001,
        "k": 8,
        "thresh": 1e-06
    },
    "return_energy": -110.04996010409857,
    "scf_e_data": {
        "e_coulomb": [
            86.09367391695477,
            84.52123728597148,
            84.69549823011201,
            84.60100072913929,
            84.5645243253761,
            84.56180784633388,
            84.55852062070716,
            84.55554194092068,
            84.55546775839956,
            84.55500226758399
        ],
        "e_kinetic": [
            110.91748792994902,
            109.72521007198405,
            109.90465953225795,
            109.87917121889143,
            109.86905175047241,
            109.86969983431128,
            109.8685420859481,
            109.8677609375865,
            109.86827835947018,
            109.86119861779544
        ],
        "e_local": [
            0.0,
            0.0,
            0.0,
            0.0,
            0.0,
            0.0,
            0.0,
            0.0,
            0.0,
            0.0
        ],
        "e_nrep": [
            32.32076550273235,
            32.32076550273235,
            32.32076550273235,
            32.32076550273235,
            32.32076550273235,
            32.32076550273235,
            32.32076550273235,
            32.32076550273235,
            32.32076550273235,
            32.32076550273235
        ],
        "e_nuclear": [
            -325.24953821404984,
            -322.79301308510276,
            -323.12705905482267,
            -323.0114413557551,
            -322.96539705891104,
            -322.9626121766561,
            -322.95815215639936,
            -322.9546382171601,
            -322.9546645825044,
            -322.9488188281714
        ],
        "e_pcm": [
            0.0,
            0.0,
            0.0,
            0.0,
            0.0,
            0.0,
            0.0,
            0.0,
            0.0,
            0.0
        ],
        "e_tot": [
            -109.88233849762804,
            -110.03368360861634,
            -110.04671239822176,
            -110.04866469039473,
            -110.04898581024594,
            -110.04906025060686,
            -110.04906673950694,
            -110.04907160236897,
            -110.04861232149702,
            -110.04996010409857
        ],
        "e_xc": [
            -13.96472763321431,
            -13.807883384201503,
            -13.840576608501367,
            -13.838160785402687,
            -13.837930329915768,
            -13.838721257328286,
            -13.838742792495161,
            -13.838501766448392,
            -13.83845935959473,
            -13.838107664038917
        ],
        "iterations": 10
    },
    "scf_eigenvalues_a": {
        "dims": [
            8
        ],
        "size": 8,
        "vals": [
            -15.625413624462158,
            -15.625413625069456,
            -1.1558024234438435,
            -0.8538639720635142,
            -0.8538639984826468,
            -0.596239776526676,
            -0.5200783533246418,
            -0.5962397286403851
        ]
    },
    "time": "2024-05-02 15:07:14",
    "wall_time": 23.650757789611816
}