{
    "calcinfo_nalpha": 14,
    "calcinfo_natom": 3,
    "calcinfo_nbeta": 12,
    "calcinfo_nmo": 26,
    "molecule": {
        "geometry": [
            [
                -1.5447186064295133,
                -0.022771633288438137,
                0.0
            ],
            [
                1.0834895053156965,
                0.8801519727880704,
                0.0
            ],
            [
                3.1470908504982535,
                -0.061629275860577946,
                0.0
            ]
        ],
        "symbols": [
            "Cl",
            "H",
            "O"
        ]
    },
    "parameters": {
        "charge": 0.0,
        "conv_only_dens": false,
        "dconv": 0.0001,
        "derivatives": false,
        "dipole": false,
        "econv": 1e-05,
        "ginitial_hessian": false,
        "gmaxiter": 20,
        "gopt": false,
        "gprec": 0.0001,
        "gtest": false,
        "gtol": 0.0001,
        "gval": 1e-05,
        "k": -1,
        "l": 53.147,
        "lo": 0.00037839,
        "loadbalparts": 2,
        "maxiter": 25,
        "maxrotn": 0.25,
        "maxsub": 10,
        "nalpha": 14,
        "nbeta": 12,
        "nio": 1,
        "nmo_alpha": 14,
        "nmo_beta": 12,
        "no_compute": false,
        "noiter": false,
        "nopen": 2,
        "npt_plot": 101,
        "nv_factor": 1,
        "nvalpha": 0,
        "nvbeta": 0,
        "orbitalshift": 0.0,
        "plot_cell": [],
        "plotcoul": false,
        "plotdens": false,
        "plothi": -1,
        "plotlo": 0,
        "print_level": 3,
        "protocol": [
            0.0001,
            1e-06
        ],
        "psp_calc": false,
        "pure_ae": true,
        "restart": false,
        "restartao": false,
        "save": true,
        "smear": 0.0,
        "spin_restricted": false,
        "vnucextra": 2
    },
    "precision": {
        "dconv": 0.0001,
        "econv": 1e-05,
        "eprec": 0.0001,
        "k": 8,
        "thresh": 1e-06
    },
    "return_energy": -534.8790035111683,
    "scf_e_data": {
        "e_coulomb": [
            277.46137924185604,
            276.31488532542045,
            277.3641962257497,
            277.81492720631246,
            277.89201835002257,
            278.18346095811,
            278.58942672814646,
            278.5765648057124,
            278.54281999578905,
            278.5386873596258,
            278.50643601434547,
            278.46609536468065,
            278.51375393183605,
            278.54373175455095,
            278.5339044354471,
            278.52819214321187,
            278.52815905596907,
            278.5285601155595,
            278.5251462077789,
            278.523913394239,
            278.5241947986773,
            278.52384959223764,
            278.52603389401037,
            278.52860488487494
        ],
        "e_kinetic": [
            534.5791612200994,
            533.4203254974033,
            534.412182631281,
            534.8151761808417,
            534.701215723263,
            534.7577454769894,
            534.9199589530524,
            534.9284992130524,
            534.9375474414337,
            534.9547005156112,
            534.9227761080217,
            534.879666117249,
            534.9292603918814,
            534.9594296301636,
            534.9521788219828,
            534.9458309756778,
            534.9458500133096,
            534.9443152928434,
            534.9467172149255,
            534.9479600063796,
            534.9479643136954,
            534.9490690705229,
            534.9346942704572,
            534.9340101266404
        ],
        "e_local": [
            0.0,
            0.0,
            0.0,
            0.0,
            0.0,
            0.0,
            0.0,
            0.0,
            0.0,
            0.0,
            0.0,
            0.0,
            0.0,
            0.0,
            0.0,
            0.0,
            0.0,
            0.0,
            0.0,
            0.0,
            0.0,
            0.0,
            0.0,
            0.0
        ],
        "e_nrep": [
            38.62983096913918,
            38.62983096913918,
            38.62983096913918,
            38.62983096913918,
            38.62983096913918,
            38.62983096913918,
            38.62983096913918,
            38.62983096913918,
            38.62983096913918,
            38.62983096913918,
            38.62983096913918,
            38.62983096913918,
            38.62983096913918,
            38.62983096913918,
            38.62983096913918,
            38.62983096913918,
            38.62983096913918,
            38.62983096913918,
            38.62983096913918,
            38.62983096913918,
            38.62983096913918,
            38.62983096913918,
            38.62983096913918,
            38.62983096913918
        ],
        "e_nuclear": [
            -1349.1782499034898,
            -1347.3416910924418,
            -1349.2847110262915,
            -1350.1139153437784,
            -1350.078336540433,
            -1350.4012560447397,
            -1350.9158935299808,
            -1350.922533818387,
            -1350.9019750284199,
            -1350.913946272222,
            -1350.8600617151617,
            -1350.785740786762,
            -1350.8716456704706,
            -1350.9247017181056,
            -1350.9092443353925,
            -1350.8987518320716,
            -1350.89876311378,
            -1350.8975134821274,
            -1350.8969594113369,
            -1350.8968327706875,
            -1350.8970351887751,
            -1350.8970594616874,
            -1350.8872833432595,
            -1350.8889259786442
        ],
        "e_pcm": [
            0.0,
            0.0,
            0.0,
            0.0,
            0.0,
            0.0,
            0.0,
            0.0,
            0.0,
            0.0,
            0.0,
            0.0,
            0.0,
            0.0,
            0.0,
            0.0,
            0.0,
            0.0,
            0.0,
            0.0,
            0.0,
            0.0,
            0.0,
            0.0
        ],
        "e_tot": [
            -534.4808833063737,
            -534.7133231153599,
            -534.7492621893173,
            -534.7853332043154,
            -534.8218632168429,
            -534.8486873447323,
            -534.8676874089603,
            -534.8730639761774,
            -534.8754973201646,
            -534.8762315493301,
            -534.8765959759377,
            -534.8746733820294,
            -534.8768800429812,
            -534.8770715068038,
            -534.8772147803578,
            -534.8772174012777,
            -534.8772171974233,
            -534.8771577241598,
            -534.8772443421626,
            -534.8773041456903,
            -534.8772947329137,
            -534.8765672880198,
            -534.8789980595097,
            -534.8790035111683
        ],
        "e_xc": [
            -35.97300483397861,
            -35.736673814881065,
            -35.87076098919575,
            -35.93135221683028,
            -35.966591718834756,
            -36.01846870423111,
            -36.09101052931746,
            -36.085425145694515,
            -36.08372069810676,
            -36.08550412148443,
            -36.075577352282366,
            -36.06452504633629,
            -36.07807966536727,
            -36.08536214255194,
            -36.08388467153444,
            -36.082319657234976,
            -36.08229412206124,
            -36.08235061957454,
            -36.08197932266929,
            -36.08217574476066,
            -36.08224962565046,
            -36.08225745823219,
            -36.08227384985702,
            -36.082523513178515
        ],
        "iterations": 24
    },
    "scf_eigenvalues_a": {
        "dims": [
            14
        ],
        "size": 14,