{
    "calcinfo_nalpha": 6,
    "calcinfo_natom": 3,
    "calcinfo_nbeta": 5,
    "calcinfo_nmo": 11,
    "molecule": {
        "geometry": [
            [
                0.0,
                0.0,
                2.149030157648196
            ],
            [
                0.0,
                0.0,
                0.0
            ],
            [
                0.0,
                0.0,
                -2.149030157648196
            ]
        ],
        "symbols": [
            "H",
            "F",
            "H"
        ]
    },
    "parameters": {
        "charge": 0.0,
        "conv_only_dens": false,
        "dconv": 0.0001,
        "derivatives": false,
        "dipole": false,
        "econv": 1e-05,
        "ginitial_hessian": false,
        "gmaxiter": 20,
        "gopt": false,
        "gprec": 0.0001,
        "gtest": false,
        "gtol": 0.0001,
        "gval": 1e-05,
        "k": -1,
        "l": 52.149,
        "lo": 0.0010921,
        "loadbalparts": 2,
        "maxiter": 25,
        "maxrotn": 0.25,
        "maxsub": 10,
        "nalpha": 6,
        "nbeta": 5,
        "nio": 1,
        "nmo_alpha": 6,
        "nmo_beta": 5,
        "no_compute": false,
        "noiter": false,
        "nopen": 1,
        "npt_plot": 101,
        "nv_factor": 1,
        "nvalpha": 0,
        "nvbeta": 0,
        "orbitalshift": 0.0,
        "plot_cell": [],
        "plotcoul": false,
        "plotdens": false,
        "plothi": -1,
        "plotlo": 0,
        "print_level": 3,
        "protocol": [
            0.0001,
            1e-06
        ],
        "psp_calc": false,
        "pure_ae": true,
        "restart": false,
        "restartao": false,
        "save": true,
        "smear": 0.0,
        "spin_restricted": false,
        "vnucextra": 2
    },
    "precision": {
        "dconv": 0.0001,
        "econv": 1e-05,
        "eprec": 0.0001,
        "k": 8,
        "thresh": 1e-06
    },
    "return_energy": -100.47908756735201,
    "scf_e_data": {
        "e_coulomb": [
            60.133886095930585,
            58.847956686699035,
            59.10029719873117,
            58.94339006215516,
            58.91867307731863,
            58.93239038834925,
            58.921277339271136,
            58.92523792017329,
            58.93111774374592,
            58.93603624589622,
            58.93629759042821,
            58.93658636840402,
            58.936539497843206,
            58.93702897261339,
            58.937130244046486
        ],
        "e_kinetic": [
            101.15615802981335,
            100.12878247762784,
            100.47991775209383,
            100.42533724684466,
            100.42764457043636,
            100.4340228781978,
            100.42994358352134,
            100.44186751931763,
            100.44905287113278,
            100.45312906803088,
            100.45203750322148,
            100.4518195844576,
            100.45188711447183,
            100.45707953434311,
            100.45883053130613
        ],
        "e_local": [
            0.0,
            0.0,
            0.0,
            0.0,
            0.0,
            0.0,
            0.0,
            0.0,
            0.0,
            0.0,
            0.0,
            0.0,
            0.0,
            0.0,
            0.0
        ],
        "e_nrep": [
            8.608534381967718,
            8.608534381967718,
            8.608534381967718,
            8.608534381967718,
            8.608534381967718,
            8.608534381967718,
            8.608534381967718,
            8.608534381967718,
            8.608534381967718,
            8.608534381967718,
            8.608534381967718,
            8.608534381967718,
            8.608534381967718,
            8.608534381967718,
            8.608534381967718
        ],
        "e_nuclear": [
            -259.53766977458054,
            -257.46210586696094,
            -258.03180977804845,
            -257.83522492006875,
            -257.810893180871,
            -257.82716295349485,
            -257.81072335433316,
            -257.82399544800273,
            -257.8355350176989,
            -257.8434756578065,
            -257.8425528656701,
            -257.8425190883286,
            -257.8425356749764,
            -257.8482666980445,
            -257.85004507354654
        ],
        "e_pcm": [
            0.0,
            0.0,
            0.0,
            0.0,
            0.0,
            0.0,
            0.0,
            0.0,
            0.0,
            0.0,
            0.0,
            0.0,
            0.0,
            0.0,
            0.0
        ],
        "e_tot": [
            -100.37372629636317,
            -100.46502385845538,
            -100.4731119051374,
            -100.47641253289902,
            -100.47801237534914,
            -100.47844214227011,
            -100.47868667456535,
            -100.47867117678175,
            -100.47877614778919,
            -100.47879828216213,
            -100.47879018082725,
            -100.47879797660843,
            -100.47877819078334,
            -100.47908687272825,
            -100.47908756735201
        ],
        "e_xc": [
            -10.734635029494303,
            -10.588191537789049,
            -10.630051459881662,
            -10.618449303797808,
            -10.62197122420085,
            -10.626226837290012,
            -10.62771862499237,
            -10.63031555023763,
            -10.631946126936718,
            -10.633022320250442,
            -10.633106790774558,
            -10.633219223109212,
            -10.633203510089725,
            -10.633463063607973,
            -10.63353765112582
        ],
        "iterations": 15
    },
    "scf_eigenvalues_a": {
        "dims": [
            6
        ],
        "size": 6,
        "vals": [
            -26.354560079080414,
            -1.465161602775816,
            -0.6502672019972955,
            -0.7081465812279042,
            -0.7081465836462599,
            -0.6479355684286205
        ]
    },
    "scf_eigenvalues_b": {
        "dims": [
            5
        ],
        "size": 5,
        "vals": [
            -26.364031684757002,
            -1.2370598903361967,
            -1.2369110669004533,
            -0.7059045511875115,
            -0.7059045480668336
        ]
    },
    "time": "2024-05-02 15:00:09",
    "wall_time": 51.04929995536804
}