{
    "calcinfo_nalpha": 11,
    "calcinfo_natom": 3,
    "calcinfo_nbeta": 11,
    "calcinfo_nmo": 22,
    "molecule": {
        "geometry": [
            [
                0.0,
                0.0,
                -2.259500480866557
            ],
            [
                0.0,
                0.0,
                -0.14193932779694293
            ],
            [
                0.0,
                0.0,
                2.1012598325805625
            ]
        ],
        "symbols": [
            "N",
            "N",
            "O"
        ]
    },
    "parameters": {
        "charge": 0.0,
        "conv_only_dens": false,
        "dconv": 0.0001,
        "derivatives": false,
        "dipole": false,
        "econv": 1e-05,
        "ginitial_hessian": false,
        "gmaxiter": 20,
        "gopt": false,
        "gprec": 0.0001,
        "gtest": false,
        "gtol": 0.0001,
        "gval": 1e-05,
        "k": -1,
        "l": 52.26,
        "lo": 0.001329,
        "loadbalparts": 2,
        "maxiter": 25,
        "maxrotn": 0.25,
        "maxsub": 10,
        "nalpha": 11,
        "nbeta": 11,
        "nio": 1,
        "nmo_alpha": 11,
        "nmo_beta": 11,
        "no_compute": false,
        "noiter": false,
        "nopen": 0,
        "npt_plot": 101,
        "nv_factor": 1,
        "nvalpha": 0,
        "nvbeta": 0,
        "orbitalshift": 0.0,
        "plot_cell": [],
        "plotcoul": false,
        "plotdens": false,
        "plothi": -1,
        "plotlo": 0,
        "print_level": 3,
        "protocol": [
            0.0001,
            1e-06
        ],
        "psp_calc": false,
        "pure_ae": true,
        "restart": false,
        "restartao": false,
        "save": true,
        "smear": 0.0,
        "spin_restricted": true,
        "vnucextra": 2
    },
    "precision": {
        "dconv": 0.0001,
        "econv": 1e-05,
        "eprec": 0.0001,
        "k": 8,
        "thresh": 1e-06
    },
    "return_energy": -184.58181466457992,
    "scf_e_data": {
        "e_coulomb": [
            147.6216349354899,
            147.31889067747284,
            148.02142106248397,
            147.92717753232222,
            148.01524502315334,
            148.02258308434477,
            148.03527211833284,
            148.03601422866814,
            148.03367026204612,
            148.03348128040759,
            148.03259024692582,
            148.03452227816263
        ],
        "e_kinetic": [
            183.92633058918491,
            183.25793572293202,
            183.96329771440082,
            183.97972699091125,
            184.0634737669269,
            184.06704219162995,
            184.06508200109693,
            184.06341879627573,
            184.06458391910485,
            184.06524125734384,
            184.0568629772254,
            184.05748868116694
        ],
        "e_local": [
            0.0,
            0.0,
            0.0,
            0.0,
            0.0,
            0.0,
            0.0,
            0.0,
            0.0,
            0.0,
            0.0,
            0.0
        ],
        "e_nrep": [
            60.94597089474697,
            60.94597089474697,
            60.94597089474697,
            60.94597089474697,
            60.94597089474697,
            60.94597089474697,
            60.94597089474697,
            60.94597089474697,
            60.94597089474697,
            60.94597089474697,
            60.94597089474697,
            60.94597089474697
        ],
        "e_nuclear": [
            -554.628368946592,
            -554.036848407637,
            -555.3821125198579,
            -555.321637893629,
            -555.4857141868611,
            -555.497534349327,
            -555.5080284397005,
            -555.5074323932079,
            -555.5064523612436,
            -555.5064497427334,
            -555.4994193346535,
            -555.5017945604816
        ],
        "e_pcm": [
            0.0,
            0.0,
            0.0,
            0.0,
            0.0,
            0.0,
            0.0,
            0.0,
            0.0,
            0.0,
            0.0,
            0.0
        ],
        "e_tot": [
            -184.31647407984624,
            -184.55640960662154,
            -184.57445109111697,
            -184.57885475103302,
            -184.57970247827723,
            -184.5801757816264,
            -184.5803329458099,
            -184.58037128825615,
            -184.58037090060148,
            -184.57990021819958,
            -184.58181109528488,
            -184.58181466457992
        ],
        "e_xc": [
            -22.182041552676026,
            -22.042358494136415,
            -22.123028242890886,
            -22.11009227538441,
            -22.11867797624339,
            -22.11823760302113,
            -22.1186295202861,
            -22.11834281473915,
            -22.118143615255768,
            -22.118143907964605,
            -22.11781587952958,
            -22.118001958174872
        ],
        "iterations": 12
    },
    "scf_eigenvalues_a": {
        "dims": [
            11
        ],
        "size": 11,
        "vals": [
            -18.843661848759382,
            -14.182392561578798,
            -14.058197772495753,
            -1.052623933213209,
            -1.0478754351804334,
            -0.6223207094170116,
            -0.45139738700307364,
            -0.45139738644558447,
            -0.448426546722164,
            -0.37173413431561153,
            -0.3717341349440222
        ]
    },
    "time": "2024-05-03 21:51:20",
    "wall_time": 38.5534029006958
}