{
    "calcinfo_nalpha": 2,
    "calcinfo_natom": 3,
    "calcinfo_nbeta": 1,
    "calcinfo_nmo": 3,
    "molecule": {
        "geometry": [
            [
                0.0,
                0.0,
                0.0
            ],
            [
                0.0,
                0.0,
                1.756450136007548
            ],
            [
                0.0,
                0.0,
                -1.756450136007548
            ]
        ],
        "symbols": [
            "H",
            "H",
            "H"
        ]
    },
    "parameters": {
        "charge": 0.0,
        "conv_only_dens": false,
        "dconv": 0.0001,
        "derivatives": false,
        "dipole": false,
        "econv": 1e-05,
        "ginitial_hessian": false,
        "gmaxiter": 20,
        "gopt": false,
        "gprec": 0.0001,
        "gtest": false,
        "gtol": 0.0001,
        "gval": 1e-05,
        "k": -1,
        "l": 51.756,
        "lo": 0.042529,
        "loadbalparts": 2,
        "maxiter": 25,
        "maxrotn": 0.25,
        "maxsub": 10,
        "nalpha": 2,
        "nbeta": 1,
        "nio": 1,
        "nmo_alpha": 2,
        "nmo_beta": 1,
        "no_compute": false,
        "noiter": false,
        "nopen": 1,
        "npt_plot": 101,
        "nv_factor": 1,
        "nvalpha": 0,
        "nvbeta": 0,
        "orbitalshift": 0.0,
        "plot_cell": [],
        "plotcoul": false,
        "plotdens": false,
        "plothi": -1,
        "plotlo": 0,
        "print_level": 3,
        "protocol": [
            0.0001,
            1e-06
        ],
        "psp_calc": false,
        "pure_ae": true,
        "restart": false,
        "restartao": false,
        "save": true,
        "smear": 0.0,
        "spin_restricted": false,
        "vnucextra": 2
    },
    "precision": {
        "dconv": 0.0001,
        "econv": 1e-05,
        "eprec": 0.0001,
        "k": 8,
        "thresh": 1e-06
    },
    "return_energy": -1.6053860391566788,
    "scf_e_data": {
        "e_coulomb": [
            2.2849796887864957,
            2.2729167462057545,
            2.271440186480101,
            2.2755533371445895,
            2.279305186925273,
            2.2792685264682144,
            2.279049165044865,
            2.2790446099104544,
            2.278934427055908
        ],
        "e_kinetic": [
            1.637417404789832,
            1.590010341169298,
            1.5837201974239057,
            1.5983676247949947,
            1.6098103950788811,
            1.6091749654787422,
            1.6085792621051644,
            1.6086016498625473,
            1.60833446211172
        ],
        "e_local": [
            0.0,
            0.0,
            0.0,
            0.0,
            0.0,
            0.0,
            0.0,
            0.0,
            0.0
        ],
        "e_nrep": [
            1.423325347386495,
            1.423325347386495,
            1.423325347386495,
            1.423325347386495,
            1.423325347386495,
            1.423325347386495,
            1.423325347386495,
            1.423325347386495,
            1.423325347386495
        ],
        "e_nuclear": [
            -6.003519061542727,
            -5.956712076415024,
            -5.945343877894307,
            -5.95695027935649,
            -5.967419305732463,
            -5.966874089548563,
            -5.966220458434714,
            -5.9662170498327685,
            -5.966072299376292
        ],
        "e_pcm": [
            0.0,
            0.0,
            0.0,
            0.0,
            0.0,
            0.0,
            0.0,
            0.0,
            0.0
        ],
        "e_tot": [
            -1.5837101269836322,
            -1.5994529382413967,
            -1.6038950951248496,
            -1.6050708242704201,
            -1.6052221723922087,
            -1.6052265534278412,
            -1.6052235551882112,
            -1.6052004993930489,
            -1.6053860391566788
        ],
        "e_xc": [
            -0.925913506403728,
            -0.9289932965879197,
            -0.9370369485210437,
            -0.94536685424001,
            -0.9502437960503949,
            -0.9501213032127296,
            -0.949956871290022,
            -0.949955056719777,
            -0.9499079763345091
        ],
        "iterations": 9
    },
    "scf_eigenvalues_a": {
        "dims": [
            2
        ],
        "size": 2,
        "vals": [
            -0.5532801215932394,
            -0.5532797476493556
        ]
    },
    "scf_eigenvalues_b": {
        "dims": [
            1
        ],
        "size": 1,
        "vals": [
            -0.5931250668563044
        ]
    },
    "time": "2024-05-02 15:26:10",
    "wall_time": 7.418884992599487
}