{
    "calcinfo_nalpha": 5,
    "calcinfo_natom": 4,
    "calcinfo_nbeta": 5,
    "calcinfo_nmo": 10,
    "molecule": {
        "geometry": [
            [
                0.21333241335317282,
                0.0,
                0.0
            ],
            [
                -0.4977756311574031,
                0.8863047243657558,
                1.5351248255088803
            ],
            [
                -0.4977756311574031,
                0.8863047243657558,
                -1.5351248255088803
            ],
            [
                -0.4977756311574031,
                -1.7726094487315116,
                0.0
            ]
        ],
        "symbols": [
            "N",
            "H",
            "H",
            "H"
        ]
    },
    "parameters": {
        "charge": 0.0,
        "conv_only_dens": false,
        "dconv": 0.0001,
        "derivatives": false,
        "dipole": false,
        "econv": 1e-05,
        "ginitial_hessian": false,
        "gmaxiter": 20,
        "gopt": false,
        "gprec": 0.0001,
        "gtest": false,
        "gtol": 0.0001,
        "gval": 1e-05,
        "k": -1,
        "l": 51.773,
        "lo": 0.0016603,
        "loadbalparts": 2,
        "maxiter": 25,
        "maxrotn": 0.25,
        "maxsub": 10,
        "nalpha": 5,
        "nbeta": 5,
        "nio": 1,
        "nmo_alpha": 5,
        "nmo_beta": 5,
        "no_compute": false,
        "noiter": false,
        "nopen": 0,
        "npt_plot": 101,
        "nv_factor": 1,
        "nvalpha": 0,
        "nvbeta": 0,
        "orbitalshift": 0.0,
        "plot_cell": [],
        "plotcoul": false,
        "plotdens": false,
        "plothi": -1,
        "plotlo": 0,
        "print_level": 3,
        "protocol": [
            0.0001,
            1e-06
        ],
        "psp_calc": false,
        "pure_ae": true,
        "restart": false,
        "restartao": false,
        "save": true,
        "smear": 0.0,
        "spin_restricted": true,
        "vnucextra": 2
    },
    "precision": {
        "dconv": 0.0001,
        "econv": 1e-05,
        "eprec": 0.0001,
        "k": 8,
        "thresh": 1e-06
    },
    "return_energy": -56.516896122176576,
    "scf_e_data": {
        "e_coulomb": [
            41.57710161269459,
            37.99609521744394,
            38.964408806674555,
            39.12418876867702,
            39.164174818049275,
            39.15979983295431,
            39.159586355098526,
            39.15855420669951,
            39.15850656451557,
            39.156039355587055
        ],
        "e_kinetic": [
            57.78622912423399,
            55.32351076347346,
            56.073870038261894,
            56.240346048471935,
            56.30325769160082,
            56.303963385345234,
            56.30978966845788,
            56.31027397380736,
            56.310468575423016,
            56.3064653224706
        ],
        "e_local": [
            0.0,
            0.0,
            0.0,
            0.0,
            0.0,
            0.0,
            0.0,
            0.0,
            0.0,
            0.0
        ],
        "e_nrep": [
            11.972307208710209,
            11.972307208710209,
            11.972307208710209,
            11.972307208710209,
            11.972307208710209,
            11.972307208710209,
            11.972307208710209,
            11.972307208710209,
            11.972307208710209,
            11.972307208710209
        ],
        "e_nuclear": [
            -159.4464445790274,
            -153.98463030797927,
            -155.60922079922562,
            -155.91334191972948,
            -156.00789005720594,
            -156.00393934814076,
            -156.0084899701905,
            -156.00782019505556,
            -156.00783091375934,
            -156.00242362530798
        ],
        "e_pcm": [
            0.0,
            0.0,
            0.0,
            0.0,
            0.0,
            0.0,
            0.0,
            0.0,
            0.0,
            0.0
        ],
        "e_tot": [
            -56.339052824732065,
            -56.47355029628609,
            -56.51228645637809,
            -56.515498638061686,
            -56.51620268775824,
            -56.51630513621808,
            -56.516349088125565,
            -56.516349449566206,
            -56.516213213316604,
            -56.516896122176576
        ],
        "e_xc": [
            -8.228246191343452,
            -7.7808331779344115,
            -7.9136517107991295,
            -7.938998744191375,
            -7.948052348912596,
            -7.948436215087083,
            -7.949542350201674,
            -7.949664643727731,
            -7.949664648206064,
            -7.9492843836364475
        ],
        "iterations": 10
    },
    "scf_eigenvalues_a": {
        "dims": [
            5
        ],
        "size": 5,
        "vals": [
            -13.95562948813079,
            -0.534438397921249,
            -0.5344402024505535,
            -0.5344383975331233,
            -0.2425965189204986
        ]
    },
    "time": "2024-05-03 21:55:23",
    "wall_time": 13.274834156036377
}