{
    "calcinfo_nalpha": 7,
    "calcinfo_natom": 2,
    "calcinfo_nbeta": 7,
    "calcinfo_nmo": 14,
    "molecule": {
        "geometry": [
            [
                0.0,
                0.0,
                1.0366200794278997
            ],
            [
                0.0,
                0.0,
                -1.0366200794278997
            ]
        ],
        "symbols": [
            "N",
            "N"
        ]
    },
    "parameters": {
        "charge": 0.0,
        "conv_only_dens": false,
        "dconv": 0.0001,
        "derivatives": false,
        "dipole": false,
        "econv": 1e-05,
        "ginitial_hessian": false,
        "gmaxiter": 20,
        "gopt": false,
        "gprec": 0.0001,
        "gtest": false,
        "gtol": 0.0001,
        "gval": 1e-05,
        "k": -1,
        "l": 51.037,
        "lo": 0.0016603,
        "loadbalparts": 2,
        "maxiter": 25,
        "maxrotn": 0.25,
        "maxsub": 10,
        "nalpha": 7,
        "nbeta": 7,
        "nio": 1,
        "nmo_alpha": 7,
        "nmo_beta": 7,
        "no_compute": false,
        "noiter": false,
        "nopen": 0,
        "npt_plot": 101,
        "nv_factor": 1,
        "nvalpha": 0,
        "nvbeta": 0,
        "orbitalshift": 0.0,
        "plot_cell": [],
        "plotcoul": false,
        "plotdens": false,
        "plothi": -1,
        "plotlo": 0,
        "print_level": 3,
        "protocol": [
            0.0001,
            1e-06
        ],
        "psp_calc": false,
        "pure_ae": true,
        "restart": false,
        "restartao": false,
        "save": true,
        "smear": 0.0,
        "spin_restricted": true,
        "vnucextra": 2
    },
    "precision": {
        "dconv": 0.0001,
        "econv": 1e-05,
        "eprec": 0.0001,
        "k": 8,
        "thresh": 1e-06
    },
    "return_energy": -108.99309768918455,
    "scf_e_data": {
        "e_coulomb": [
            75.20415247707909,
            74.70893098296878,
            74.81323012238124,
            74.78528251444959,
            74.7781068094341,
            74.78096332820941,
            74.78040751321168,
            74.78034460248502,
            74.78072085312157
        ],
        "e_kinetic": [
            109.12338834365771,
            108.67792909523975,
            108.79750128028844,
            108.79151042917832,
            108.78815059317984,
            108.78440403167012,
            108.78080004117943,
            108.78110245694393,
            108.77412111877221
        ],
        "e_local": [
            0.0,
            0.0,
            0.0,
            0.0,
            0.0,
            0.0,
            0.0,
            0.0,
            0.0
        ],
        "e_nrep": [
            23.634502636222624,
            23.634502636222624,
            23.634502636222624,
            23.634502636222624,
            23.634502636222624,
            23.634502636222624,
            23.634502636222624,
            23.634502636222624,
            23.634502636222624
        ],
        "e_nuclear": [
            -303.68276546925273,
            -302.91750452461054,
            -303.13291996558337,
            -303.09926784852837,
            -303.0877214067386,
            -303.08616297595427,
            -303.08206567640025,
            -303.082049786506,
            -303.07662343987994
        ],
        "e_pcm": [
            0.0,
            0.0,
            0.0,
            0.0,
            0.0,
            0.0,
            0.0,
            0.0,
            0.0
        ],
        "e_tot": [
            -108.84889533316705,
            -108.97949473984441,
            -108.99165726742139,
            -108.99245670793441,
            -108.99261428436525,
            -108.99269696529647,
            -108.99267485729278,
            -108.99221833421232,
            -108.99309768918455
        ],
        "e_xc": [
            -13.128173320873758,
            -13.08335292966502,
            -13.103971340730322,
            -13.104484439256556,
            -13.105652916463237,
            -13.106403985444379,
            -13.10631937150627,
            -13.10611824335789,
            -13.105818857421003
        ],
        "iterations": 9
    },
    "scf_eigenvalues_a": {
        "dims": [
            7
        ],
        "size": 7,
        "vals": [
            -15.663807565510403,
            -15.663807546423083,
            -1.4571580697376065,
            -0.7313174013472987,
            -0.6144705896479161,
            -0.6144705896425893,
            -0.7313174022687821
        ]
    },
    "time": "2024-05-02 15:05:09",
    "wall_time": 18.83412194252014
}