{
    "calcinfo_nalpha": 5,
    "calcinfo_natom": 3,
    "calcinfo_nbeta": 4,
    "calcinfo_nmo": 9,
    "molecule": {
        "geometry": [
            [
                0.0,
                0.0,
                0.2672364651596959
            ],
            [
                0.0,
                -1.5161501232030983,
                -0.9353276280589357
            ],
            [
                0.0,
                1.5161501232030983,
                -0.9353276280589357
            ]
        ],
        "symbols": [
            "N",
            "H",
            "H"
        ]
    },
    "parameters": {
        "charge": 0.0,
        "conv_only_dens": false,
        "dconv": 0.0001,
        "derivatives": false,
        "dipole": false,
        "econv": 1e-05,
        "ginitial_hessian": false,
        "gmaxiter": 20,
        "gopt": false,
        "gprec": 0.0001,
        "gtest": false,
        "gtol": 0.0001,
        "gval": 1e-05,
        "k": -1,
        "l": 51.516,
        "lo": 0.0016603,
        "loadbalparts": 2,
        "maxiter": 25,
        "maxrotn": 0.25,
        "maxsub": 10,
        "nalpha": 5,
        "nbeta": 4,
        "nio": 1,
        "nmo_alpha": 5,
        "nmo_beta": 4,
        "no_compute": false,
        "noiter": false,
        "nopen": 1,
        "npt_plot": 101,
        "nv_factor": 1,
        "nvalpha": 0,
        "nvbeta": 0,
        "orbitalshift": 0.0,
        "plot_cell": [],
        "plotcoul": false,
        "plotdens": false,
        "plothi": -1,
        "plotlo": 0,
        "print_level": 3,
        "protocol": [
            0.0001,
            1e-06
        ],
        "psp_calc": false,
        "pure_ae": true,
        "restart": false,
        "restartao": false,
        "save": true,
        "smear": 0.0,
        "spin_restricted": false,
        "vnucextra": 2
    },
    "precision": {
        "dconv": 0.0001,
        "econv": 1e-05,
        "eprec": 0.0001,
        "k": 8,
        "thresh": 1e-06
    },
    "return_energy": -55.836118670122026,
    "scf_e_data": {
        "e_coulomb": [
            35.53060974434191,
            33.43214563194081,
            34.25224490800456,
            34.32003111476858,
            34.31137638572319,
            34.309527044584954,
            34.3093475366061,
            34.30859739677212,
            34.3077037669802,
            34.307666671366576,
            34.307339108289355
        ],
        "e_kinetic": [
            56.33807092715975,
            54.82653401161015,
            55.517783866624065,
            55.631587230060326,
            55.64724999387084,
            55.6504555614014,
            55.65358207582931,
            55.65273845976647,
            55.65196336270061,
            55.65218005164013,
            55.64971835973397
        ],
        "e_local": [
            0.0,
            0.0,
            0.0,
            0.0,
            0.0,
            0.0,
            0.0,
            0.0,
            0.0,
            0.0,
            0.0
        ],
        "e_nrep": [
            7.564300123807067,
            7.564300123807067,
            7.564300123807067,
            7.564300123807067,
            7.564300123807067,
            7.564300123807067,
            7.564300123807067,
            7.564300123807067,
            7.564300123807067,
            7.564300123807067,
            7.564300123807067
        ],
        "e_nuclear": [
            -147.50874648217757,
            -144.25392419045173,
            -145.66973380083277,
            -145.839651832936,
            -145.84585751635183,
            -145.84658932571506,
            -145.84877548431325,
            -145.8471951206817,
            -145.84563314870502,
            -145.84563822533096,
            -145.84359897014127
        ],
        "e_pcm": [
            0.0,
            0.0,
            0.0,
            0.0,
            0.0,
            0.0,
            0.0,
            0.0,
            0.0,
            0.0,
            0.0
        ],
        "e_tot": [
            -55.73708755216439,
            -55.810798108669516,
            -55.833030242658374,
            -55.83519460812045,
            -55.835584889603986,
            -55.8356663963657,
            -55.83566197737055,
            -55.835673292993484,
            -55.83566801549508,
            -55.83548980855829,
            -55.836118670122026
        ],
        "e_xc": [
            -7.6613218652955375,
            -7.3798536855758154,
            -7.4976253402612905,
            -7.511461243820422,
            -7.512653876653262,
            -7.513359800444061,
            -7.514116229299783,
            -7.514114152657433,
            -7.514002120277935,
            -7.513998430041106,
            -7.5138772918111405
        ],
        "iterations": 11
    },
    "scf_eigenvalues_a": {
        "dims": [
            5
        ],
        "size": 5,
        "vals": [
            -14.019045925439997,
            -0.5820096347224855,
            -0.5820096028787285,
            -0.34792363314486185,
            -0.2727783388727645
        ]
    },
    "scf_eigenvalues_b": {
        "dims": [
            4
        ],
        "size": 4,
        "vals": [
            -13.98260134033508,
            -0.5525972152281582,
            -0.5525972139508954,
            -0.311609706603468
        ]
    },
    "time": "2024-05-03 21:55:08",
    "wall_time": 25.37165904045105
}