{
    "calcinfo_nalpha": 10,
    "calcinfo_natom": 7,
    "calcinfo_nbeta": 8,
    "calcinfo_nmo": 18,
    "molecule": {
        "geometry": [
            [
                -5.681979521541536e-05,
                -0.021024924004038305,
                2.266871780891879
            ],
            [
                2.7945076170656802e-05,
                0.2454043675877129,
                -2.646968578131621
            ],
            [
                1.7632211552757355,
                -0.969298787238248,
                2.69600179040121
            ],
            [
                -1.6783489182901343,
                -1.1175519607992144,
                2.68324175154944
            ],
            [
                -0.08651991321176317,
                1.9328201877967883,
                2.872831908408967
            ],
            [
                0.0018911982567513166,
                0.23979929847751805,
                -0.35701740444759067
            ],
            [
                -9.821879249159309e-05,
                -1.6774497673266036,
                -2.967508684341951
            ]
        ],
        "symbols": [
            "C",
            "N",
            "H",
            "H",
            "H",
            "H",
            "H"
        ]
    },
    "parameters": {
        "charge": 0.0,
        "conv_only_dens": false,
        "dconv": 0.0001,
        "derivatives": false,
        "dipole": false,
        "econv": 1e-05,
        "ginitial_hessian": false,
        "gmaxiter": 20,
        "gopt": false,
        "gprec": 0.0001,
        "gtest": false,
        "gtol": 0.0001,
        "gval": 1e-05,
        "k": -1,
        "l": 52.968,
        "lo": 0.0016603,
        "loadbalparts": 2,
        "maxiter": 25,
        "maxrotn": 0.25,
        "maxsub": 10,
        "nalpha": 10,
        "nbeta": 8,
        "nio": 1,
        "nmo_alpha": 10,
        "nmo_beta": 8,
        "no_compute": false,
        "noiter": false,
        "nopen": 2,
        "npt_plot": 101,
        "nv_factor": 1,
        "nvalpha": 0,
        "nvbeta": 0,
        "orbitalshift": 0.0,
        "plot_cell": [],
        "plotcoul": false,
        "plotdens": false,
        "plothi": -1,
        "plotlo": 0,
        "print_level": 3,
        "protocol": [
            0.0001,
            1e-06
        ],
        "psp_calc": false,
        "pure_ae": true,
        "restart": false,
        "restartao": false,
        "save": true,
        "smear": 0.0,
        "spin_restricted": false,
        "vnucextra": 2
    },
    "precision": {
        "dconv": 0.0001,
        "econv": 1e-05,
        "eprec": 0.0001,
        "k": 8,
        "thresh": 1e-06
    },
    "return_energy": -95.62679060835833,
    "scf_e_data": {
        "e_coulomb": [
            81.22689904399041,
            78.33914579484785,
            79.1513505130572,
            79.16555967964942,
            79.14766109414754,
            79.13428638221689,
            79.12756223268619,
            79.13188095053833,
            79.134679068933,
            79.13631341059403,
            79.13709726101222,
            79.13757550166697,
            79.13811678109032,
            79.13724452567749,
            79.13548609200664,
            79.1354151977223,
            79.136047689303,
            79.1370242172974,
            79.14125181338284,
            79.13329472126905,
            79.13381989874563,
            79.13250022902514,
            79.13398206196388,
            79.13505128846906,
            79.13541949709412,
            79.13527427012593,
            79.13738130092892,
            79.13884761509374
        ],
        "e_kinetic": [
            96.3597012094092,
            94.49020731566836,
            95.12887200240337,
            95.23363202814515,
            95.26568827912985,
            95.26546958914179,
            95.26605148199612,
            95.26615208376396,
            95.26559052193528,
            95.26593342456883,
            95.26563844874376,
            95.26547735497945,
            95.26584687338566,
            95.2653133978825,
            95.26522347366691,
            95.2653120664543,
            95.2653154638575,
            95.26540108173833,
            95.26713481208503,
            95.26463904051269,
            95.26442233651115,
            95.26418823610676,
            95.26424775654434,
            95.26459029896876,
            95.26461060043835,
            95.26513026104499,
            95.26460225907952,
            95.26579704036709
        ],
        "e_local": [
            0.0,
            0.0,
            0.0,
            0.0,
            0.0,
            0.0,
            0.0,
            0.0,
            0.0,
            0.0,
            0.0,
            0.0,
            0.0,
            0.0,
            0.0,
            0.0,
            0.0,
            0.0,
            0.0,
            0.0,
            0.0,
            0.0,
            0.0,
            0.0,
            0.0,
            0.0,
            0.0,
            0.0
        ],
        "e_nrep": [
            33.459542399191626,
            33.459542399191626,
            33.459542399191626,
            33.459542399191626,
            33.459542399191626,
            33.459542399191626,
            33.459542399191626,
            33.459542399191626,
            33.459542399191626,
            33.459542399191626,
            33.459542399191626,
            33.459542399191626,
            33.459542399191626,
            33.459542399191626,
            33.459542399191626,
            33.459542399191626,
            33.459542399191626,
            33.459542399191626,
            33.459542399191626,
            33.459542399191626,
            33.459542399191626,
            33.459542399191626,
            33.459542399191626,
            33.459542399191626,
            33.459542399191626,
            33.459542399191626,
            33.459542399191626,
            33.459542399191626
        ],
        "e_nuclear": [
            -292.3505389610037,
            -288.08751526563833,
            -289.4418628509633,
            -289.5524193538721,
            -289.56447414905085,
            -289.55107862057093,
            -289.54419985532695,
            -289.54868750285584,
            -289.5508119301559,
            -289.5524042015493,
            -289.55305340411473,
            -289.55337286547683,
            -289.55425503270885,
            -289.55282382752654,
            -289.551201327969,
            -289.5512582998639,
            -289.5518762588663,
            -289.55287437376205,
            -289.5576275289418,
            -289.54868794287506,
            -289.5490139216189,
            -289.54747292938464,
            -289.54900285572097,
            -289.55034395918005,
            -289.5507074917481,
            -289.5507163336033,
            -289.55346569043235,
            -289.5559188596923
        ],
        "e_pcm": [
            0.0,
            0.0,
            0.0,
            0.0,
            0.0,
            0.0,
            0.0,
            0.0,
            0.0,
            0.0,
            0.0,
            0.0,
            0.0,
            0.0,
            0.0,
            0.0,
            0.0,
            0.0,
            0.0,
            0.0,
            0.0,
            0.0,
            0.0,
            0.0,
            0.0,
            0.0,
            0.0,
            0.0
        ],