{
    "calcinfo_nalpha": 5,
    "calcinfo_natom": 3,
    "calcinfo_nbeta": 5,
    "calcinfo_nmo": 10,
    "molecule": {
        "geometry": [
            [
                0.0,
                0.0,
                0.22137281821364851
            ],
            [
                0.0,
                -1.4299701077759148,
                -0.8854912728545938
            ],
            [
                0.0,
                1.4299701077759148,
                -0.8854912728545938
            ]
        ],
        "symbols": [
            "O",
            "H",
            "H"
        ]
    },
    "parameters": {
        "charge": 0.0,
        "conv_only_dens": false,
        "dconv": 0.0001,
        "derivatives": false,
        "dipole": false,
        "econv": 1e-05,
        "ginitial_hessian": false,
        "gmaxiter": 20,
        "gopt": false,
        "gprec": 0.0001,
        "gtest": false,
        "gtol": 0.0001,
        "gval": 1e-05,
        "k": -1,
        "l": 51.43,
        "lo": 0.001329,
        "loadbalparts": 2,
        "maxiter": 25,
        "maxrotn": 0.25,
        "maxsub": 10,
        "nalpha": 5,
        "nbeta": 5,
        "nio": 1,
        "nmo_alpha": 5,
        "nmo_beta": 5,
        "no_compute": false,
        "noiter": false,
        "nopen": 0,
        "npt_plot": 101,
        "nv_factor": 1,
        "nvalpha": 0,
        "nvbeta": 0,
        "orbitalshift": 0.0,
        "plot_cell": [],
        "plotcoul": false,
        "plotdens": false,
        "plothi": -1,
        "plotlo": 0,
        "print_level": 3,
        "protocol": [
            0.0001,
            1e-06
        ],
        "psp_calc": false,
        "pure_ae": true,
        "restart": false,
        "restartao": false,
        "save": true,
        "smear": 0.0,
        "spin_restricted": true,
        "vnucextra": 2
    },
    "precision": {
        "dconv": 0.0001,
        "econv": 1e-05,
        "eprec": 0.0001,
        "k": 8,
        "thresh": 1e-06
    },
    "return_energy": -76.06728048361573,
    "scf_e_data": {
        "e_coulomb": [
            49.19608290488668,
            46.113978082383305,
            46.80534671883457,
            46.806397309609004,
            46.75664343244266,
            46.74699503996838,
            46.752575274872875,
            46.752307029247426,
            46.752259758508174,
            46.75135422284356
        ],
        "e_kinetic": [
            77.81529098529629,
            75.30768462909322,
            75.94732590928724,
            76.01053438811547,
            75.99255726335264,
            75.99538287043137,
            76.00126512203109,
            76.0008929029588,
            76.00102506790122,
            75.99958155126224
        ],
        "e_local": [
            0.0,
            0.0,
            0.0,
            0.0,
            0.0,
            0.0,
            0.0,
            0.0,
            0.0,
            0.0
        ],
        "e_nrep": [
            9.197728441593087,
            9.197728441593087,
            9.197728441593087,
            9.197728441593087,
            9.197728441593087,
            9.197728441593087,
            9.197728441593087,
            9.197728441593087,
            9.197728441593087,
            9.197728441593087
        ],
        "e_nuclear": [
            -202.87179496418085,
            -197.8268801158123,
            -199.07393298460588,
            -199.1335406669553,
            -199.0690223673961,
            -199.06113552770205,
            -199.0714100063194,
            -199.07091379387015,
            -199.07091775831594,
            -199.06907229086084
        ],
        "e_pcm": [
            0.0,
            0.0,
            0.0,
            0.0,
            0.0,
            0.0,
            0.0,
            0.0,
            0.0,
            0.0
        ],
        "e_tot": [
            -75.88839691284201,
            -76.04836504221366,
            -76.06377012661268,
            -76.06619397285561,
            -76.06681230423222,
            -76.06699530026839,
            -76.06700814560367,
            -76.0670127299642,
            -76.06692629347724,
            -76.06728048361573
        ],
        "e_xc": [
            -9.225704280437219,
            -8.840876079470991,
            -8.940238211721706,
            -8.94731344521787,
            -8.944719074224505,
            -8.945966124559181,
            -8.947166977781315,
            -8.947027309893372,
            -8.947021803163775,
            -8.946872408453777
        ],
        "iterations": 10
    },
    "scf_eigenvalues_a": {
        "dims": [
            5
        ],
        "size": 5,
        "vals": [
            -20.55920650361096,
            -0.972305999845082,
            -0.9723058131391109,
            -0.7158073105243279,
            -0.5106379289737157
        ]
    },
    "time": "2024-05-02 14:46:43",
    "wall_time": 17.513143062591553
}