{
    "calcinfo_nalpha": 9,
    "calcinfo_natom": 2,
    "calcinfo_nbeta": 9,
    "calcinfo_nmo": 18,
    "molecule": {
        "geometry": [
            [
                0.0,
                0.0,
                0.13379767677403542
            ],
            [
                0.0,
                0.0,
                -2.2745605051586013
            ]
        ],
        "symbols": [
            "Cl",
            "H"
        ]
    },
    "parameters": {
        "charge": 0.0,
        "conv_only_dens": false,
        "dconv": 0.0001,
        "derivatives": false,
        "dipole": false,
        "econv": 1e-05,
        "ginitial_hessian": false,
        "gmaxiter": 20,
        "gopt": false,
        "gprec": 0.0001,
        "gtest": false,
        "gtol": 0.0001,
        "gval": 1e-05,
        "k": -1,
        "l": 52.275,
        "lo": 0.00037839,
        "loadbalparts": 2,
        "maxiter": 25,
        "maxrotn": 0.25,
        "maxsub": 10,
        "nalpha": 9,
        "nbeta": 9,
        "nio": 1,
        "nmo_alpha": 9,
        "nmo_beta": 9,
        "no_compute": false,
        "noiter": false,
        "nopen": 0,
        "npt_plot": 101,
        "nv_factor": 1,
        "nvalpha": 0,
        "nvbeta": 0,
        "orbitalshift": 0.0,
        "plot_cell": [],
        "plotcoul": false,
        "plotdens": false,
        "plothi": -1,
        "plotlo": 0,
        "print_level": 3,
        "protocol": [
            0.0001,
            1e-06
        ],
        "psp_calc": false,
        "pure_ae": true,
        "restart": false,
        "restartao": false,
        "save": true,
        "smear": 0.0,
        "spin_restricted": true,
        "vnucextra": 2
    },
    "precision": {
        "dconv": 0.0001,
        "econv": 1e-05,
        "eprec": 0.0001,
        "k": 8,
        "thresh": 1e-06
    },
    "return_energy": -460.64417780077935,
    "scf_e_data": {
        "e_coulomb": [
            211.64707646329688,
            210.18253213607335,
            210.72781717145332,
            210.66033651757706,
            210.70324016176028,
            210.70012178757787,
            210.69538959690408,
            210.69245859145434,
            210.69228385952292,
            210.69207130204654,
            210.69386639144602
        ],
        "e_kinetic": [
            460.4111614029305,
            459.40114062743584,
            459.9315376793943,
            460.0127040097778,
            460.1202521738742,
            460.12476201395106,
            460.1050784135765,
            460.09554586366636,
            460.0959327500221,
            460.0770224114037,
            460.0743077267044
        ],
        "e_local": [
            0.0,
            0.0,
            0.0,
            0.0,
            0.0,
            0.0,
            0.0,
            0.0,
            0.0,
            0.0,
            0.0
        ],
        "e_nrep": [
            7.058750698933827,
            7.058750698933827,
            7.058750698933827,
            7.058750698933827,
            7.058750698933827,
            7.058750698933827,
            7.058750698933827,
            7.058750698933827,
            7.058750698933827,
            7.058750698933827,
            7.058750698933827
        ],
        "e_nuclear": [
            -1111.2073986563869,
            -1108.922145308834,
            -1109.9600165977008,
            -1109.9781861684437,
            -1110.1245066023928,
            -1110.1257676911305,
            -1110.1018525750135,
            -1110.0896941131307,
            -1110.0897042917866,
            -1110.071855339027,
            -1110.070849497843
        ],
        "e_pcm": [
            0.0,
            0.0,
            0.0,
            0.0,
            0.0,
            0.0,
            0.0,
            0.0,
            0.0,
            0.0,
            0.0
        ],
        "e_tot": [
            -460.5545363131307,
            -460.6357697445606,
            -460.6407090211026,
            -460.6424044486096,
            -460.6431385090669,
            -460.64332454720403,
            -460.64335018951556,
            -460.64335856236596,
            -460.6431446464192,
            -460.6441731135942,
            -460.64417780077935
        ],
        "e_xc": [
            -28.464126221905005,
            -28.3560478981696,
            -28.398797973183235,
            -28.396009506454533,
            -28.400874941242357,
            -28.401191356536348,
            -28.40071632391645,
            -28.400419603289727,
            -28.400407663111437,
            -28.400162186951277,
            -28.400253120020466
        ],
        "iterations": 11
    },
    "scf_eigenvalues_a": {
        "dims": [
            9
        ],
        "size": 9,
        "vals": [
            -100.66630632118566,
            -8.679326137577132,
            -7.5159690471815495,
            -6.998938977849907,
            -6.999081326239786,
            -0.6141876717380885,
            -0.598215665956725,
            -0.29606671621113545,
            -0.2960667665895036
        ]
    },
    "time": "2024-05-03 21:29:48",
    "wall_time": 29.957250118255615
}