{
    "calcinfo_nalpha": 6,
    "calcinfo_natom": 6,
    "calcinfo_nbeta": 5,
    "calcinfo_nmo": 11,
    "molecule": {
        "geometry": [
            [
                -1.739420302475064e-05,
                0.5004243141231279,
                0.0
            ],
            [
                -1.990723860228146,
                0.9762931219361861,
                0.0
            ],
            [
                0.9951473397820643,
                0.9770704432880682,
                1.72390013249191
            ],
            [
                0.9951473397820643,
                0.9770704432880682,
                -1.72390013249191
            ],
            [
                0.0005634756990591974,
                -2.112279876145002,
                0.0
            ],
            [
                -2.992981689312527e-05,
                -3.8207000171060876,
                0.0
            ]
        ],
        "symbols": [
            "C",
            "H",
            "H",
            "H",
            "H",
            "H"
        ]
    },
    "parameters": {
        "charge": 0.0,
        "conv_only_dens": false,
        "dconv": 0.0001,
        "derivatives": false,
        "dipole": false,
        "econv": 1e-05,
        "ginitial_hessian": false,
        "gmaxiter": 20,
        "gopt": false,
        "gprec": 0.0001,
        "gtest": false,
        "gtol": 0.0001,
        "gval": 1e-05,
        "k": -1,
        "l": 53.821,
        "lo": 0.0021467,
        "loadbalparts": 2,
        "maxiter": 25,
        "maxrotn": 0.25,
        "maxsub": 10,
        "nalpha": 6,
        "nbeta": 5,
        "nio": 1,
        "nmo_alpha": 6,
        "nmo_beta": 5,
        "no_compute": false,
        "noiter": true,
        "nopen": 1,
        "npt_plot": 101,
        "nv_factor": 1,
        "nvalpha": 0,
        "nvbeta": 0,
        "orbitalshift": 0.0,
        "plot_cell": [],
        "plotcoul": false,
        "plotdens": false,
        "plothi": -1,
        "plotlo": 0,
        "print_level": 3,
        "protocol": [
            1e-06
        ],
        "psp_calc": false,
        "pure_ae": true,
        "restart": true,
        "restartao": false,
        "save": true,
        "smear": 0.0,
        "spin_restricted": false,
        "vnucextra": 2
    },
    "precision": {
        "dconv": 0.0001,
        "econv": 1e-05,
        "eprec": 0.0001,
        "k": 8,
        "thresh": 1e-06
    },
    "return_energy": -40.93809224192542,
    "scf_e_data": {
        "e_coulomb": [
            34.719398795028475
        ],
        "e_kinetic": [
            40.65943342168535
        ],
        "e_local": [
            0.0
        ],
        "e_nrep": [
            15.328619009639162
        ],
        "e_nuclear": [
            -124.51337207995238
        ],
        "e_pcm": [
            0.0
        ],
        "e_tot": [
            -40.93809224192542
        ],
        "e_xc": [
            -7.1321713883260305
        ],
        "iterations": 1
    },
    "scf_eigenvalues_a": {
        "dims": [
            6
        ],
        "size": 6,
        "vals": [
            -11.236092233776567,
            -0.6952877622888125,
            -0.6952877668754607,
            -0.6952862334652112,
            -0.5372247534124269,
            -0.4999322516190765
        ]
    },
    "scf_eigenvalues_b": {
        "dims": [
            5
        ],
        "size": 5,
        "vals": [
            -11.21584739701759,
            -0.6726883655530254,
            -0.6726883744217288,
            -0.6726880498313865,
            -0.568554618859734
        ]
    },
    "time": "2024-05-02 17:26:50",
    "wall_time": 5.49736213684082
}