{
    "calcinfo_nalpha": 9,
    "calcinfo_natom": 8,
    "calcinfo_nbeta": 9,
    "calcinfo_nmo": 18,
    "molecule": {
        "geometry": [
            [
                1.387033547281017e-07,
                3.3897911176889065e-07,
                1.4420401098402895
            ],
            [
                -1.643751027693017e-06,
                3.508994215051855e-07,
                -1.4420401098393565
            ],
            [
                -1.794658471897716,
                -0.6825947683139626,
                -2.1888890635314078
            ],
            [
                -0.3095456913553757,
                -1.8949816538314497,
                2.188890353343805
            ],
            [
                1.4884723462378813,
                -1.2129276500819324,
                -2.1888910948038416
            ],
            [
                0.30619260221881495,
                1.8955203356432244,
                -2.1888903512692615
            ],
            [
                1.7958706014512138,
                0.679410881701926,
                2.188889062769113
            ],
            [
                -1.4863223563687809,
                1.2155687156109942,
                2.188891093485995
            ]
        ],
        "symbols": [
            "C",
            "C",
            "H",
            "H",
            "H",
            "H",
            "H",
            "H"
        ]
    },
    "parameters": {
        "charge": 0.0,
        "conv_only_dens": false,
        "dconv": 0.0001,
        "derivatives": false,
        "dipole": false,
        "econv": 1e-05,
        "ginitial_hessian": false,
        "gmaxiter": 20,
        "gopt": false,
        "gprec": 0.0001,
        "gtest": false,
        "gtol": 0.0001,
        "gval": 1e-05,
        "k": -1,
        "l": 52.189,
        "lo": 0.0021467,
        "loadbalparts": 2,
        "maxiter": 25,
        "maxrotn": 0.25,
        "maxsub": 10,
        "nalpha": 9,
        "nbeta": 9,
        "nio": 1,
        "nmo_alpha": 9,
        "nmo_beta": 9,
        "no_compute": false,
        "noiter": false,
        "nopen": 0,
        "npt_plot": 101,
        "nv_factor": 1,
        "nvalpha": 0,
        "nvbeta": 0,
        "orbitalshift": 0.0,
        "plot_cell": [],
        "plotcoul": false,
        "plotdens": false,
        "plothi": -1,
        "plotlo": 0,
        "print_level": 3,
        "protocol": [
            0.0001,
            1e-06
        ],
        "psp_calc": false,
        "pure_ae": true,
        "restart": false,
        "restartao": false,
        "save": true,
        "smear": 0.0,
        "spin_restricted": true,
        "vnucextra": 2
    },
    "precision": {
        "dconv": 0.0001,
        "econv": 1e-05,
        "eprec": 0.0001,
        "k": 8,
        "thresh": 1e-06
    },
    "return_energy": -79.26607089018441,
    "scf_e_data": {
        "e_coulomb": [
            83.83783073186629,
            79.9721368499223,
            80.33568375850196,
            80.26219359856012,
            80.18421799739886,
            80.16718140045867,
            80.1704570077691,
            80.17065558410985,
            80.17051655410353,
            80.17127657682123
        ],
        "e_kinetic": [
            81.0082935586511,
            78.88905610254574,
            79.13500640654924,
            79.18659714022222,
            79.19085247103003,
            79.19085806985741,
            79.19366405551578,
            79.1942899491062,
            79.194923535036,
            79.19772081028816
        ],
        "e_local": [
            0.0,
            0.0,
            0.0,
            0.0,
            0.0,
            0.0,
            0.0,
            0.0,
            0.0,
            0.0
        ],
        "e_nrep": [
            42.29530311878858,
            42.29530311878858,
            42.29530311878858,
            42.29530311878858,
            42.29530311878858,
            42.29530311878858,
            42.29530311878858,
            42.29530311878858,
            42.29530311878858,
            42.29530311878858
        ],
        "e_nuclear": [
            -273.4053531250391,
            -267.97489434368345,
            -268.53476676420337,
            -268.4951353714067,
            -268.4160005216304,
            -268.39874456639205,
            -268.4045771567284,
            -268.40542354139944,
            -268.4054781846365,
            -268.4104631603081
        ],
        "e_pcm": [
            0.0,
            0.0,
            0.0,
            0.0,
            0.0,
            0.0,
            0.0,
            0.0,
            0.0,
            0.0
        ],
        "e_tot": [
            -79.02612094814035,
            -79.24048794073644,
            -79.25716219150037,
            -79.2635733337592,
            -79.26457983039333,
            -79.26466909019389,
            -79.26468863960648,
            -79.26469137178087,
            -79.26427151308846,
            -79.26607089018441
        ],
        "e_xc": [
            -12.762195232407244,
            -12.422089668309612,
            -12.48838871113677,
            -12.512531819923382,
            -12.518952895980417,
            -12.519267112906522,
            -12.519535664951544,
            -12.519516482386063,
            -12.519536536380095,
            -12.519908235774277
        ],
        "iterations": 10
    },
    "scf_eigenvalues_a": {
        "dims": [
            9
        ],
        "size": 9,
        "vals": [
            -11.201942137391345,
            -11.201943518431449,
            -0.6463695191656633,
            -0.6463696640461781,
            -0.6463696750898092,
            -0.6463690876869642,
            -0.6728988292771487,
            -0.6463701782818304,
            -0.6463702239988925
        ]
    },
    "time": "2024-05-02 14:28:34",
    "wall_time": 27.366384029388428
}