{
    "calcinfo_nalpha": 5,
    "calcinfo_natom": 1,
    "calcinfo_nbeta": 3,
    "calcinfo_nmo": 8,
    "molecule": {
        "geometry": [
            [
                0.0,
                0.0,
                0.0
            ]
        ],
        "symbols": [
            "O"
        ]
    },
    "parameters": {
        "charge": 0.0,
        "conv_only_dens": false,
        "dconv": 0.0001,
        "derivatives": false,
        "dipole": false,
        "econv": 1e-05,
        "ginitial_hessian": false,
        "gmaxiter": 20,
        "gopt": false,
        "gprec": 0.0001,
        "gtest": false,
        "gtol": 0.0001,
        "gval": 1e-05,
        "k": -1,
        "l": 50.0,
        "lo": 0.001329,
        "loadbalparts": 2,
        "maxiter": 25,
        "maxrotn": 0.25,
        "maxsub": 10,
        "nalpha": 5,
        "nbeta": 3,
        "nio": 1,
        "nmo_alpha": 5,
        "nmo_beta": 3,
        "no_compute": false,
        "noiter": false,
        "nopen": 2,
        "npt_plot": 101,
        "nv_factor": 1,
        "nvalpha": 0,
        "nvbeta": 0,
        "orbitalshift": 0.0,
        "plot_cell": [],
        "plotcoul": false,
        "plotdens": false,
        "plothi": -1,
        "plotlo": 0,
        "print_level": 3,
        "protocol": [
            0.0001,
            1e-06
        ],
        "psp_calc": false,
        "pure_ae": true,
        "restart": false,
        "restartao": false,
        "save": true,
        "smear": 0.0,
        "spin_restricted": false,
        "vnucextra": 2
    },
    "precision": {
        "dconv": 0.0001,
        "econv": 1e-05,
        "eprec": 0.0001,
        "k": 8,
        "thresh": 1e-06
    },
    "return_energy": -75.01454983886948,
    "scf_e_data": {
        "e_coulomb": [
            36.42186856937299,
            36.35722422896833,
            36.508152677589266,
            36.48022958193416,
            36.502962941238216,
            36.50424602740431,
            36.50427440130866,
            36.50423784961627,
            36.503925172859695
        ],
        "e_kinetic": [
            74.31543430317848,
            74.50667097334252,
            74.77197222084098,
            74.7862887645702,
            74.82297765981727,
            74.82131487976332,
            74.82036445536787,
            74.82039604463102,
            74.81827426219635
        ],
        "e_local": [
            0.0,
            0.0,
            0.0,
            0.0,
            0.0,
            0.0,
            0.0,
            0.0,
            0.0
        ],
        "e_nrep": [
            0.0,
            0.0,
            0.0,
            0.0,
            0.0,
            0.0,
            0.0,
            0.0,
            0.0
        ],
        "e_nuclear": [
            -177.34930921629237,
            -177.52551208399413,
            -177.92080759203884,
            -177.91127545805955,
            -177.96734055720208,
            -177.96688497692276,
            -177.9659823652649,
            -177.96598746429683,
            -177.96390063930494
        ],
        "e_pcm": [
            0.0,
            0.0,
            0.0,
            0.0,
            0.0,
            0.0,
            0.0,
            0.0,
            0.0
        ],
        "e_tot": [
            -74.96823870896411,
            -75.01087224907693,
            -75.01377867998724,
            -75.01419568309893,
            -75.01428750679601,
            -75.01428341481274,
            -75.0142801032001,
            -75.01429061389558,
            -75.01454983886948
        ],
        "e_xc": [
            -8.356232365223201,
            -8.349255367393653,
            -8.373095986378647,
            -8.369438571543759,
            -8.372887550649425,
            -8.372959345057607,
            -8.372936594611726,
            -8.372937043846044,
            -8.372848634620594
        ],
        "iterations": 9
    },
    "scf_eigenvalues_a": {
        "dims": [
            5
        ],
        "size": 5,
        "vals": [
            -18.906263986532363,
            -0.9269663464123328,
            -0.3313716786093286,
            -0.4004545090440468,
            -0.40045555573016944
        ]
    },
    "scf_eigenvalues_b": {
        "dims": [
            3
        ],
        "size": 3,
        "vals": [
            -18.817021947937498,
            -0.7973300729492081,
            -0.2639065831121834
        ]
    },
    "time": "2024-05-03 21:55:45",
    "wall_time": 20.354465007781982
}