{
    "calcinfo_nalpha": 10,
    "calcinfo_natom": 8,
    "calcinfo_nbeta": 9,
    "calcinfo_nmo": 19,
    "molecule": {
        "geometry": [
            [
                0.023226336191866464,
                -1.1500560948682932e-05,
                2.3824703003505903
            ],
            [
                -0.25848026621368736,
                -9.726085703106661e-06,
                -2.4816901156462916
            ],
            [
                -0.9160352335475774,
                1.7168895510432207,
                2.9933001571021616
            ],
            [
                2.0358098006128857,
                -0.008640976384705018,
                2.765940749711474
            ],
            [
                -0.9310676946033922,
                -1.7080907280688427,
                2.994740155099432
            ],
            [
                -0.28665577050094354,
                -0.0001212381779738285,
                -0.08146224060881203
            ],
            [
                0.8839221900204424,
                1.52232035342056,
                -2.7976599068748693
            ],
            [
                0.8840305543631963,
                -1.5222198758666456,
                -2.797849907008884
            ]
        ],
        "symbols": [
            "C",
            "N",
            "H",
            "H",
            "H",
            "H",
            "H",
            "H"
        ]
    },
    "parameters": {
        "charge": 0.0,
        "conv_only_dens": false,
        "dconv": 0.0001,
        "derivatives": false,
        "dipole": false,
        "econv": 1e-05,
        "ginitial_hessian": false,
        "gmaxiter": 20,
        "gopt": false,
        "gprec": 0.0001,
        "gtest": false,
        "gtol": 0.0001,
        "gval": 1e-05,
        "k": -1,
        "l": 52.995,
        "lo": 0.0016603,
        "loadbalparts": 2,
        "maxiter": 25,
        "maxrotn": 0.25,
        "maxsub": 10,
        "nalpha": 10,
        "nbeta": 9,
        "nio": 1,
        "nmo_alpha": 10,
        "nmo_beta": 9,
        "no_compute": false,
        "noiter": true,
        "nopen": 1,
        "npt_plot": 101,
        "nv_factor": 1,
        "nvalpha": 0,
        "nvbeta": 0,
        "orbitalshift": 0.0,
        "plot_cell": [],
        "plotcoul": false,
        "plotdens": false,
        "plothi": -1,
        "plotlo": 0,
        "print_level": 3,
        "protocol": [
            1e-06
        ],
        "psp_calc": false,
        "pure_ae": true,
        "restart": true,
        "restartao": false,
        "save": true,
        "smear": 0.0,
        "spin_restricted": false,
        "vnucextra": 2
    },
    "precision": {
        "dconv": 0.0001,
        "econv": 1e-05,
        "eprec": 0.0001,
        "k": 8,
        "thresh": 1e-06
    },
    "return_energy": -96.26976357695536,
    "scf_e_data": {
        "e_coulomb": [
            85.42395195766301
        ],
        "e_kinetic": [
            95.69631089425604
        ],
        "e_local": [
            0.0
        ],
        "e_nrep": [
            39.42841335037984
        ],
        "e_nuclear": [
            -302.4453614077709
        ],
        "e_pcm": [
            0.0
        ],
        "e_tot": [
            -96.26976357695536
        ],
        "e_xc": [
            -14.373078371483338
        ],
        "iterations": 1
    },
    "scf_eigenvalues_a": {
        "dims": [
            10
        ],
        "size": 10,
        "vals": [
            -15.56557765800089,
            -11.223209606669371,
            -0.8312169741033855,
            -0.6787486043832152,
            -0.8312172764954271,
            -0.6385069406205888,
            -0.6811590314826382,
            -0.6787616266199059,
            -0.5169386858374314,
            -0.5436834047583587
        ]
    },
    "scf_eigenvalues_b": {
        "dims": [
            9
        ],
        "size": 9,
        "vals": [
            -15.540320568153753,
            -11.205327851704535,
            -0.7967420207385456,
            -0.6619790891163999,
            -0.7967427707619876,
            -0.5935572417220663,
            -0.6645224273024675,
            -0.6619937263125859,
            -0.5125741064236937
        ]
    },
    "time": "2024-05-02 17:30:02",
    "wall_time": 9.192018032073975
}