{
    "calcinfo_nalpha": 19,
    "calcinfo_natom": 13,
    "calcinfo_nbeta": 19,
    "calcinfo_nmo": 38,
    "molecule": {
        "geometry": [
            [
                -0.03808773509106596,
                -1.7099275056176182,
                2.455931863095123
            ],
            [
                -0.02534888459087786,
                0.9558585500681634,
                2.278909687918478
            ],
            [
                0.28969703255585155,
                2.2362307744492034,
                -1.5162299899015647e-06
            ],
            [
                -0.025364034981794018,
                0.9558488560236758,
                -2.278910661947076
            ],
            [
                -0.03807269165573686,
                -1.7099214799121654,
                -2.4559385043556112
            ],
            [
                -0.9745265503034038,
                -2.5087127732583543,
                -4.098427973980634
            ],
            [
                1.6500496381060739,
                -2.74839131068883,
                -1.9502776598753984
            ],
            [
                -0.7530641126519393,
                2.051457745117044,
                -3.8496216465999455
            ],
            [
                0.16233720089787662,
                4.276290944662477,
                -5.053780535919442e-06
            ],
            [
                -0.7530200328680589,
                2.05146396947436,
                3.849618936444693
            ],
            [
                -0.9745624570044827,
                -2.5086861532960376,
                4.09843264204593
            ],
            [
                -0.984185492451503,
                -2.2335494414755575,
                2.2898687170040993e-05
            ],
            [
                1.6500296888571768,
                -2.7484081506026614,
                1.9503126461731755
            ]
        ],
        "symbols": [
            "C",
            "C",
            "C",
            "C",
            "C",
            "H",
            "H",
            "H",
            "H",
            "H",
            "H",
            "H",
            "H"
        ]
    },
    "parameters": {
        "charge": 0.0,
        "conv_only_dens": false,
        "dconv": 0.0001,
        "derivatives": false,
        "dipole": false,
        "econv": 1e-05,
        "ginitial_hessian": false,
        "gmaxiter": 20,
        "gopt": false,
        "gprec": 0.0001,
        "gtest": false,
        "gtol": 0.0001,
        "gval": 1e-05,
        "k": -1,
        "l": 54.276,
        "lo": 0.0021467,
        "loadbalparts": 2,
        "maxiter": 25,
        "maxrotn": 0.25,
        "maxsub": 10,
        "nalpha": 19,
        "nbeta": 19,
        "nio": 1,
        "nmo_alpha": 19,
        "nmo_beta": 19,
        "no_compute": false,
        "noiter": false,
        "nopen": 0,
        "npt_plot": 101,
        "nv_factor": 1,
        "nvalpha": 0,
        "nvbeta": 0,
        "orbitalshift": 0.0,
        "plot_cell": [],
        "plotcoul": false,
        "plotdens": false,
        "plothi": -1,
        "plotlo": 0,
        "print_level": 3,
        "protocol": [
            0.0001,
            1e-06
        ],
        "psp_calc": false,
        "pure_ae": true,
        "restart": false,
        "restartao": false,
        "save": true,
        "smear": 0.0,
        "spin_restricted": true,
        "vnucextra": 2
    },
    "precision": {
        "dconv": 0.0001,
        "econv": 1e-05,
        "eprec": 0.0001,
        "k": 8,
        "thresh": 1e-06
    },
    "return_energy": -193.94817537958204,
    "scf_e_data": {
        "e_coulomb": [
            263.52447758790265,
            256.4390877680741,
            257.119249668173,
            256.91503289963515,
            256.7934605477206,
            256.76476925376477,
            256.7741345164285,
            256.7764116601908,
            256.7742065793468,
            256.7735318662587,
            256.77664358362676,
            256.78069800360794
        ],
        "e_kinetic": [
            196.7033325674292,
            193.33625059648065,
            193.68337434632576,
            193.72026156147558,
            193.7286458503141,
            193.73625376969244,
            193.74258129468285,
            193.74440931120938,
            193.74363467809604,
            193.74533402273855,
            193.75187072339997,
            193.75827168792813
        ],
        "e_local": [
            0.0,
            0.0,
            0.0,
            0.0,
            0.0,
            0.0,
            0.0,
            0.0,
            0.0,
            0.0,
            0.0,
            0.0
        ],
        "e_nrep": [
            164.93661767627714,
            164.93661767627714,
            164.93661767627714,
            164.93661767627714,
            164.93661767627714,
            164.93661767627714,
            164.93661767627714,
            164.93661767627714,
            164.93661767627714,
            164.93661767627714,
            164.93661767627714,
            164.93661767627714
        ],
        "e_nuclear": [
            -789.6583108107541,
            -780.0528058851843,
            -781.011513357744,
            -780.8277738429687,
            -780.707827995176,
            -780.6844320437185,
            -780.6994039488222,
            -780.7035289410255,
            -780.7008128864568,
            -780.7008846569637,
            -780.7141014430417,
            -780.7239856392681
        ],
        "e_pcm": [
            0.0,
            0.0,
            0.0,
            0.0,
            0.0,
            0.0,
            0.0,
            0.0,
            0.0,
            0.0,
            0.0,
            0.0
        ],
        "e_tot": [
            -193.54544921908195,
            -193.90708613644847,
            -193.93410727889295,
            -193.94253985256108,
            -193.94416433950846,
            -193.94444638843476,
            -193.94454884760216,
            -193.9446067103056,
            -193.9446100005348,
            -193.94370045748542,
            -193.9481674241198,
            -193.94817537958204
        ],
        "e_xc": [
            -29.051566239936886,
            -28.56623629209612,
            -28.661835611924836,
            -28.686678146980288,
            -28.695060418644317,
            -28.697655044450574,
            -28.69847838616842,
            -28.69851641695742,
            -28.69825604779793,
            -28.698299365796096,
            -28.699197964381963,
            -28.6997771081272
        ],
        "iterations": 12
    },
    "scf_eigenvalues_a": {
        "dims": [
            19
        ],
        "size": 19,
        "vals": [
            -11.218324599159839,
            -11.218324497708103,
            -11.21631939266571,
            -11.23233908882408,
            -11.23233928669313,
            -0.811023149772196,
            -0.7956251923503874,
            -0.6880648743710871,
            -0.8110204370841951,
            -0.687778305174938,
            -0.6827037242245875,
            -0.6880615966122186,
            -0.6738971166938628,
            -0.6738947518297291,
            -0.4451928738545641,
            -0.7956349939264129,
            -0.6877744356727986,
            -0.3984872004202644,
            -0.44513056348000324
        ]
    },
    "time": "2024-05-02 15:54:48",
    "wall_time": 105.18547987937927
}