{
    "calcinfo_nalpha": 13,
    "calcinfo_natom": 2,
    "calcinfo_nbeta": 13,
    "calcinfo_nmo": 26,
    "molecule": {
        "geometry": [
            [
                0.0,
                0.0,
                -2.0144216887083646
            ],
            [
                0.0,
                0.0,
                1.0664585410808987
            ]
        ],
        "symbols": [
            "F",
            "Cl"
        ]
    },
    "parameters": {
        "charge": 0.0,
        "conv_only_dens": false,
        "dconv": 0.0001,
        "derivatives": false,
        "dipole": false,
        "econv": 1e-05,
        "ginitial_hessian": false,
        "gmaxiter": 20,
        "gopt": false,
        "gprec": 0.0001,
        "gtest": false,
        "gtol": 0.0001,
        "gval": 1e-05,
        "k": -1,
        "l": 52.014,
        "lo": 0.00037839,
        "loadbalparts": 2,
        "maxiter": 25,
        "maxrotn": 0.25,
        "maxsub": 10,
        "nalpha": 13,
        "nbeta": 13,
        "nio": 1,
        "nmo_alpha": 13,
        "nmo_beta": 13,
        "no_compute": false,
        "noiter": false,
        "nopen": 0,
        "npt_plot": 101,
        "nv_factor": 1,
        "nvalpha": 0,
        "nvbeta": 0,
        "orbitalshift": 0.0,
        "plot_cell": [],
        "plotcoul": false,
        "plotdens": false,
        "plothi": -1,
        "plotlo": 0,
        "print_level": 3,
        "protocol": [
            0.0001,
            1e-06
        ],
        "psp_calc": false,
        "pure_ae": true,
        "restart": false,
        "restartao": false,
        "save": true,
        "smear": 0.0,
        "spin_restricted": true,
        "vnucextra": 2
    },
    "precision": {
        "dconv": 0.0001,
        "econv": 1e-05,
        "eprec": 0.0001,
        "k": 8,
        "thresh": 1e-06
    },
    "return_energy": -558.919842396312,
    "scf_e_data": {
        "e_coulomb": [
            301.62302280951536,
            301.7827763529501,
            301.87756496727724,
            301.76582152955876,
            301.78752542491543,
            301.7825296750986,
            301.77858578162204,
            301.77788422701485,
            301.77737174384833,
            301.776833079541,
            301.77657417055286,
            301.77801455788335,
            301.78101803169125
        ],
        "e_kinetic": [
            558.580864072996,
            558.5896356635474,
            558.8610008509079,
            558.8469676313114,
            558.8614544410569,
            558.8362434523177,
            558.8253776077574,
            558.8235121553115,
            558.8251591984985,
            558.8249544032337,
            558.8258514131761,
            558.8180752487542,
            558.8195391787443
        ],
        "e_local": [
            0.0,
            0.0,
            0.0,
            0.0,
            0.0,
            0.0,
            0.0,
            0.0,
            0.0,
            0.0,
            0.0,
            0.0,
            0.0
        ],
        "e_nrep": [
            49.661132075382696,
            49.661132075382696,
            49.661132075382696,
            49.661132075382696,
            49.661132075382696,
            49.661132075382696,
            49.661132075382696,
            49.661132075382696,
            49.661132075382696,
            49.661132075382696,
            49.661132075382696,
            49.661132075382696,
            49.661132075382696
        ],
        "e_nuclear": [
            -1431.0288261934672,
            -1431.3702614775414,
            -1431.7313089686713,
            -1431.616674305329,
            -1431.6488111100239,
            -1431.6184579646613,
            -1431.6035783360246,
            -1431.600516532777,
            -1431.601094709793,
            -1431.6005324780504,
            -1431.6005927985386,
            -1431.5963842906926,
            -1431.6005425881954
        ],
        "e_pcm": [
            0.0,
            0.0,
            0.0,
            0.0,
            0.0,
            0.0,
            0.0,
            0.0,
            0.0,
            0.0,
            0.0,
            0.0,
            0.0
        ],
        "e_tot": [
            -558.7556936908363,
            -558.9004007167562,
            -558.9127510011926,
            -558.9165870320439,
            -558.9178047095174,
            -558.9180910635521,
            -558.9181368943874,
            -558.9180893768635,
            -558.917872201825,
            -558.9180950870694,
            -558.9174434038089,
            -558.9198354439095,
            -558.919842396312
        ],
        "e_xc": [
            -37.591886455263165,
            -37.56368333109498,
            -37.58113992608918,
            -37.57383396296773,
            -37.57910554084866,
            -37.57953830168985,
            -37.57965402312509,
            -37.58010130179559,
            -37.58044050976165,
            -37.58048216717662,
            -37.580408264381965,
            -37.58067303523712,
            -37.58098909393488
        ],
        "iterations": 13
    },
    "scf_eigenvalues_a": {
        "dims": [
            13
        ],
        "size": 13,
        "vals": [
            -104.933691772397,
            -26.35332206338024,
            -10.653281725125357,
            -8.121848484706188,
            -8.119518425131101,
            -8.118154261984166,
            -1.3766804790379368,
            -1.0614949266793192,
            -1.0099457639542986,
            -0.6959825596538565,
            -0.6959886462586882,
            -0.5252818067827003,
            -0.5252818705735569
        ]
    },
    "time": "2024-05-02 14:44:43",
    "wall_time": 60.38384413719177
}