{
    "calcinfo_nalpha": 6,
    "calcinfo_natom": 4,
    "calcinfo_nbeta": 5,
    "calcinfo_nmo": 11,
    "molecule": {
        "geometry": [
            [
                0.5689283808317652,
                0.20418194397118697,
                0.0
            ],
            [
                0.8086950140468733,
                -1.6092313724935907,
                0.0
            ],
            [
                -1.9189908161609985,
                0.18966685306577735,
                0.0
            ],
            [
                -3.4411312445399957,
                -0.2138910323416831,
                0.0
            ]
        ],
        "symbols": [
            "O",
            "H",
            "H",
            "H"
        ]
    },
    "parameters": {
        "charge": 0.0,
        "conv_only_dens": false,
        "dconv": 0.0001,
        "derivatives": false,
        "dipole": false,
        "econv": 1e-05,
        "ginitial_hessian": false,
        "gmaxiter": 20,
        "gopt": false,
        "gprec": 0.0001,
        "gtest": false,
        "gtol": 0.0001,
        "gval": 1e-05,
        "k": -1,
        "l": 53.441,
        "lo": 0.001329,
        "loadbalparts": 2,
        "maxiter": 25,
        "maxrotn": 0.25,
        "maxsub": 10,
        "nalpha": 6,
        "nbeta": 5,
        "nio": 1,
        "nmo_alpha": 6,
        "nmo_beta": 5,
        "no_compute": false,
        "noiter": false,
        "nopen": 1,
        "npt_plot": 101,
        "nv_factor": 1,
        "nvalpha": 0,
        "nvbeta": 0,
        "orbitalshift": 0.0,
        "plot_cell": [],
        "plotcoul": false,
        "plotdens": false,
        "plothi": -1,
        "plotlo": 0,
        "print_level": 3,
        "protocol": [
            0.0001,
            1e-06
        ],
        "psp_calc": false,
        "pure_ae": true,
        "restart": false,
        "restartao": false,
        "save": true,
        "smear": 0.0,
        "spin_restricted": false,
        "vnucextra": 2
    },
    "precision": {
        "dconv": 0.0001,
        "econv": 1e-05,
        "eprec": 0.0001,
        "k": 8,
        "thresh": 1e-06
    },
    "return_energy": -76.52761076654012,
    "scf_e_data": {
        "e_coulomb": [
            50.51220295090003,
            48.09203636937101,
            48.61128407060608,
            48.53391921664036,
            48.42525579681969,
            48.39713479544119,
            48.37916291512404,
            48.34361070227023,
            48.33197654209647,
            48.33697018011999,
            48.33816012917149,
            48.33702781528895,
            48.33503295938171,
            48.33442699968202,
            48.333893069936295,
            48.33376390863066,
            48.333684626809756,
            48.33316171354442
        ],
        "e_kinetic": [
            77.69241930027806,
            75.8325894106198,
            76.38087881948488,
            76.43464256342239,
            76.45705423720662,
            76.50685460747368,
            76.52860289798275,
            76.52443837601041,
            76.53770915430894,
            76.53807458852005,
            76.5377780281325,
            76.53755421457922,
            76.53705697912669,
            76.54021250973261,
            76.53963147854711,
            76.53917555047305,
            76.53952468089486,
            76.53782863148884
        ],
        "e_local": [
            0.0,
            0.0,
            0.0,
            0.0,
            0.0,
            0.0,
            0.0,
            0.0,
            0.0,
            0.0,
            0.0,
            0.0,
            0.0,
            0.0,
            0.0,
            0.0,
            0.0,
            0.0
        ],
        "e_nrep": [
            10.737859791104752,
            10.737859791104752,
            10.737859791104752,
            10.737859791104752,
            10.737859791104752,
            10.737859791104752,
            10.737859791104752,
            10.737859791104752,
            10.737859791104752,
            10.737859791104752,
            10.737859791104752,
            10.737859791104752,
            10.737859791104752,
            10.737859791104752,
            10.737859791104752,
            10.737859791104752,
            10.737859791104752,
            10.737859791104752
        ],
        "e_nuclear": [
            -205.94244407516493,
            -202.0755171238816,
            -203.07227918679482,
            -203.0443250188158,
            -202.9498122321375,
            -202.95646669721094,
            -202.95574917891756,
            -202.9192942196107,
            -202.9199773757406,
            -202.92551499221702,
            -202.9260356079947,
            -202.9245884164767,
            -202.92254850570149,
            -202.9247923692463,
            -202.92380263834352,
            -202.92317767781137,
            -202.92318735030312,
            -202.92199767088226
        ],
        "e_pcm": [
            0.0,
            0.0,
            0.0,
            0.0,
            0.0,
            0.0,
            0.0,
            0.0,
            0.0,
            0.0,
            0.0,
            0.0,
            0.0,
            0.0,
            0.0,
            0.0,
            0.0,
            0.0
        ],
        "e_tot": [
            -76.35475210143915,
            -76.49207306739221,
            -76.5070452098222,
            -76.51439295052369,
            -76.52119997519105,
            -76.52443177542565,
            -76.52582278311873,
            -76.52653506758779,
            -76.52678406937308,
            -76.52686427023042,
            -76.52687671216799,
            -76.52688938830865,
            -76.52691588066101,
            -76.52693715775162,
            -76.52693956320637,
            -76.52694191916491,
            -76.52667932515287,
            -76.52761076654012
        ],
        "e_xc": [
            -9.354790068557069,
            -9.07904151460616,
            -9.164788704223083,
            -9.176489502875365,
            -9.191557568184615,
            -9.20981427223434,
            -9.21569920841271,
            -9.213149717362498,
            -9.214352181142665,
            -9.214253837758196,
            -9.21463905258203,
            -9.214742792804874,
            -9.214317104572666,
            -9.214644089024718,
            -9.214521264451008,
            -9.214563491561996,
            -9.214561073659105,
            -9.214463231795854
        ],
        "iterations": 18
    },
    "scf_eigenvalues_a": {
        "dims": [
            6
        ],
        "size": 6,
        "vals": [
            -20.63208109990712,
            -1.0804108429060202,
            -0.8276168155954147,
            -0.8339206731969,
            -0.5649466404319754,
            -0.5950097266229687
        ]
    },
    "scf_eigenvalues_b": {
        "dims": [
            5
        ],
        "size": 5,
        "vals": [
            -20.595443328023574,
            -1.0140130474745326,
            -0.6072556764845171,
            -0.87276247572981,
            -0.5233117504892579
        ]
    },
    "time": "2024-05-02 15:22:38",
    "wall_time": 49.79904294013977
}