{
    "calcinfo_nalpha": 12,
    "calcinfo_natom": 4,
    "calcinfo_nbeta": 11,
    "calcinfo_nmo": 23,
    "molecule": {
        "geometry": [
            [
                2.8510510059776437,
                2.3477000430282473,
                0.0
            ],
            [
                1.9964981735864484,
                -0.20205759440637608,
                0.0
            ],
            [
                -0.3224942891093397,
                -0.36319507405709706,
                0.0
            ],
            [
                -2.3665109101291217,
                0.25873231866034857,
                0.0
            ]
        ],
        "symbols": [
            "H",
            "O",
            "N",
            "N"
        ]
    },
    "parameters": {
        "charge": 0.0,
        "conv_only_dens": false,
        "dconv": 0.0001,
        "derivatives": false,
        "dipole": false,
        "econv": 1e-05,
        "ginitial_hessian": false,
        "gmaxiter": 20,
        "gopt": false,
        "gprec": 0.0001,
        "gtest": false,
        "gtol": 0.0001,
        "gval": 1e-05,
        "k": -1,
        "l": 52.851,
        "lo": 0.001329,
        "loadbalparts": 2,
        "maxiter": 25,
        "maxrotn": 0.25,
        "maxsub": 10,
        "nalpha": 12,
        "nbeta": 11,
        "nio": 1,
        "nmo_alpha": 12,
        "nmo_beta": 11,
        "no_compute": false,
        "noiter": true,
        "nopen": 1,
        "npt_plot": 101,
        "nv_factor": 1,
        "nvalpha": 0,
        "nvbeta": 0,
        "orbitalshift": 0.0,
        "plot_cell": [],
        "plotcoul": false,
        "plotdens": false,
        "plothi": -1,
        "plotlo": 0,
        "print_level": 3,
        "protocol": [
            1e-06
        ],
        "psp_calc": false,
        "pure_ae": true,
        "restart": true,
        "restartao": false,
        "save": true,
        "smear": 0.0,
        "spin_restricted": false,
        "vnucextra": 2
    },
    "precision": {
        "dconv": 0.0001,
        "econv": 1e-05,
        "eprec": 0.0001,
        "k": 8,
        "thresh": 1e-06
    },
    "return_energy": -185.00649570244443,
    "scf_e_data": {
        "e_coulomb": [
            152.50872009078887
        ],
        "e_kinetic": [
            184.03786904127946
        ],
        "e_local": [
            0.0
        ],
        "e_nrep": [
            65.68637624404778
        ],
        "e_nuclear": [
            -564.8392119208341
        ],
        "e_pcm": [
            0.0
        ],
        "e_tot": [
            -185.00649570244443
        ],
        "e_xc": [
            -22.400249157726382
        ],
        "iterations": 1
    },
    "scf_eigenvalues_a": {
        "dims": [
            12
        ],
        "size": 12,
        "vals": [
            -20.682183583100404,
            -15.778665102390011,
            -15.68824118822289,
            -1.380100936882179,
            -1.4527566147849726,
            -0.9440077619972591,
            -0.5216884459945779,
            -0.6458886398573775,
            -0.7797592387469434,
            -0.5878388601733,
            -0.6143576775589121,
            -0.6293435044651563
        ]
    },
    "scf_eigenvalues_b": {
        "dims": [
            11
        ],
        "size": 11,
        "vals": [
            -20.693870843687783,
            -15.789363758033776,
            -15.662860574846167,
            -1.362300148030179,
            -1.444193938774597,
            -0.8727628455831238,
            -0.6631170914938485,
            -0.6588544303087902,
            -0.7049872384898048,
            -0.8402704001074914,
            -0.62056750452146
        ]
    },
    "time": "2024-05-02 17:25:42",
    "wall_time": 10.671391010284424
}