{
    "calcinfo_nalpha": 10,
    "calcinfo_natom": 3,
    "calcinfo_nbeta": 9,
    "calcinfo_nmo": 19,
    "molecule": {
        "geometry": [
            [
                0.0,
                0.0,
                2.8077602093993086
            ],
            [
                0.0,
                0.0,
                0.0
            ],
            [
                0.0,
                0.0,
                -2.8077602093993086
            ]
        ],
        "symbols": [
            "H",
            "Cl",
            "H"
        ]
    },
    "parameters": {
        "charge": 0.0,
        "conv_only_dens": false,
        "dconv": 0.0001,
        "derivatives": false,
        "dipole": false,
        "econv": 1e-05,
        "ginitial_hessian": false,
        "gmaxiter": 20,
        "gopt": false,
        "gprec": 0.0001,
        "gtest": false,
        "gtol": 0.0001,
        "gval": 1e-05,
        "k": -1,
        "l": 52.808,
        "lo": 0.00037839,
        "loadbalparts": 2,
        "maxiter": 25,
        "maxrotn": 0.25,
        "maxsub": 10,
        "nalpha": 10,
        "nbeta": 9,
        "nio": 1,
        "nmo_alpha": 10,
        "nmo_beta": 9,
        "no_compute": false,
        "noiter": false,
        "nopen": 1,
        "npt_plot": 101,
        "nv_factor": 1,
        "nvalpha": 0,
        "nvbeta": 0,
        "orbitalshift": 0.0,
        "plot_cell": [],
        "plotcoul": false,
        "plotdens": false,
        "plothi": -1,
        "plotlo": 0,
        "print_level": 3,
        "protocol": [
            0.0001,
            1e-06
        ],
        "psp_calc": false,
        "pure_ae": true,
        "restart": false,
        "restartao": false,
        "save": true,
        "smear": 0.0,
        "spin_restricted": false,
        "vnucextra": 2
    },
    "precision": {
        "dconv": 0.0001,
        "econv": 1e-05,
        "eprec": 0.0001,
        "k": 8,
        "thresh": 1e-06
    },
    "return_energy": -461.1287934001222,
    "scf_e_data": {
        "e_coulomb": [
            216.31698008081332,
            215.64847014144775,
            216.00603557856275,
            215.91706581320364,
            216.02075240738628,
            216.00141621390512,
            216.00417067569487,
            216.00488996540793,
            216.00468025176954,
            216.00545461255592,
            216.0068482774277
        ],
        "e_kinetic": [
            460.5764415145504,
            460.05668712676095,
            460.4789945564796,
            460.53980014829244,
            460.63999562052237,
            460.5644183569105,
            460.5501995132303,
            460.5522507600566,
            460.5524971908967,
            460.535748874318,
            460.5325600507681
        ],
        "e_local": [
            0.0,
            0.0,
            0.0,
            0.0,
            0.0,
            0.0,
            0.0,
            0.0,
            0.0,
            0.0,
            0.0
        ],
        "e_nrep": [
            12.28737407293799,
            12.28737407293799,
            12.28737407293799,
            12.28737407293799,
            12.28737407293799,
            12.28737407293799,
            12.28737407293799,
            12.28737407293799,
            12.28737407293799,
            12.28737407293799,
            12.28737407293799
        ],
        "e_nuclear": [
            -1121.4993915942728,
            -1120.433591960279,
            -1121.1920429357172,
            -1121.1715062870494,
            -1121.3686335807556,
            -1121.2758295110266,
            -1121.2643336254544,
            -1121.2670982434604,
            -1121.2671465562642,
            -1121.2521254122419,
            -1121.2502950485587
        ],
        "e_pcm": [
            0.0,
            0.0,
            0.0,
            0.0,
            0.0,
            0.0,
            0.0,
            0.0,
            0.0,
            0.0,
            0.0
        ],
        "e_tot": [
            -461.0391925918903,
            -461.1141936066832,
            -461.12222111858716,
            -461.1256373139691,
            -461.1275239456983,
            -461.12792475078385,
            -461.12798434834,
            -461.12800303929237,
            -461.128012773372,
            -461.12878983059915,
            -461.1287934001222
        ],
        "e_xc": [
            -28.72059666591926,
            -28.673132987550918,
            -28.70258239085041,
            -28.698371061353775,
            -28.707012465789248,
            -28.705303883510858,
            -28.705394984748914,
            -28.70541959423452,
            -28.705417732712085,
            -28.70524197816919,
            -28.705280752697362
        ],
        "iterations": 11
    },
    "scf_eigenvalues_a": {
        "dims": [
            10
        ],
        "size": 10,
        "vals": [
            -100.6834204318954,
            -9.19817677599189,
            -7.025321913462665,
            -7.013351848113711,
            -7.01487700350371,
            -0.6874844722658606,
            -0.4045433233193034,
            -0.30731750645539435,
            -0.3073175038316234,
            -0.40454286022188124
        ]
    },
    "scf_eigenvalues_b": {
        "dims": [
            9
        ],
        "size": 9,
        "vals": [
            -100.68407848837833,
            -9.198816696723355,
            -7.025493742197572,
            -7.01143723078167,
            -7.014019563432477,
            -0.61369782961073,
            -0.6136977190538984,
            -0.3017960951675276,
            -0.30179609818003694
        ]
    },
    "time": "2024-05-03 21:31:00",
    "wall_time": 69.38050293922424
}