{
    "calcinfo_nalpha": 22,
    "calcinfo_natom": 6,
    "calcinfo_nbeta": 22,
    "calcinfo_nmo": 44,
    "molecule": {
        "geometry": [
            [
                0.0,
                -4.5065013798531535,
                0.0
            ],
            [
                0.0,
                -1.0702111343885576,
                0.0
            ],
            [
                -0.9685450765456218,
                -0.42401608961114756,
                1.677569282254942
            ],
            [
                -0.9685450765456218,
                -0.42401608961114756,
                -1.677569282254942
            ],
            [
                1.9370901530912437,
                -0.42401608961114756,
                0.0
            ],
            [
                0.0,
                4.9590493254510815,
                0.0
            ]
        ],
        "symbols": [
            "Cl",
            "C",
            "H",
            "H",
            "H",
            "Cl"
        ]
    },
    "parameters": {
        "charge": -1.0,
        "conv_only_dens": false,
        "dconv": 0.0001,
        "derivatives": false,
        "dipole": false,
        "econv": 1e-05,
        "ginitial_hessian": false,
        "gmaxiter": 20,
        "gopt": false,
        "gprec": 0.0001,
        "gtest": false,
        "gtol": 0.0001,
        "gval": 1e-05,
        "k": -1,
        "l": 54.959,
        "lo": 0.00037839,
        "loadbalparts": 2,
        "maxiter": 25,
        "maxrotn": 0.25,
        "maxsub": 10,
        "nalpha": 22,
        "nbeta": 22,
        "nio": 1,
        "nmo_alpha": 22,
        "nmo_beta": 22,
        "no_compute": false,
        "noiter": false,
        "nopen": 0,
        "npt_plot": 101,
        "nv_factor": 1,
        "nvalpha": 0,
        "nvbeta": 0,
        "orbitalshift": 0.0,
        "plot_cell": [],
        "plotcoul": false,
        "plotdens": false,
        "plothi": -1,
        "plotlo": 0,
        "print_level": 3,
        "protocol": [
            0.0001,
            1e-06
        ],
        "psp_calc": false,
        "pure_ae": true,
        "restart": false,
        "restartao": false,
        "save": true,
        "smear": 0.0,
        "spin_restricted": true,
        "vnucextra": 2
    },
    "precision": {
        "dconv": 0.0001,
        "econv": 1e-05,
        "eprec": 0.0001,
        "k": 8,
        "thresh": 1e-06
    },
    "return_energy": -958.7468000524848,
    "scf_e_data": {
        "e_coulomb": [
            547.3863567541753,
            537.9454394801338,
            540.9804652388048,
            541.9191413709202,
            541.700766326341,
            541.6355755315559,
            541.6397048906001,
            541.6535298912876,
            541.6665051544343,
            541.668063112431,
            541.6671814788824,
            541.6684290031908,
            541.677724146909
        ],
        "e_kinetic": [
            961.0337838820118,
            956.5136527524324,
            958.2127956461997,
            958.8568859440938,
            958.7588126730976,
            958.7402557558815,
            958.7420390434302,
            958.7402144991928,
            958.7422663979514,
            958.7438581375781,
            958.7454283200343,
            958.721117924756,
            958.7222953740401
        ],
        "e_local": [
            0.0,
            0.0,
            0.0,
            0.0,
            0.0,
            0.0,
            0.0,
            0.0,
            0.0,
            0.0,
            0.0,
            0.0,
            0.0
        ],
        "e_nrep": [
            107.04222545383321,
            107.04222545383321,
            107.04222545383321,
            107.04222545383321,
            107.04222545383321,
            107.04222545383321,
            107.04222545383321,
            107.04222545383321,
            107.04222545383321,
            107.04222545383321,
            107.04222545383321,
            107.04222545383321,
            107.04222545383321
        ],
        "e_nuclear": [
            -2512.020690661345,
            -2498.9213577538903,
            -2503.472309529927,
            -2504.977691513905,
            -2504.674374422004,
            -2504.5928447986644,
            -2504.597679934469,
            -2504.609235914615,
            -2504.6239800471085,
            -2504.6271661120973,
            -2504.6271611555794,
            -2504.6081321120955,
            -2504.617900418004
        ],
        "e_pcm": [
            0.0,
            0.0,
            0.0,
            0.0,
            0.0,
            0.0,
            0.0,
            0.0,
            0.0,
            0.0,
            0.0,
            0.0,
            0.0
        ],
        "e_tot": [
            -958.4681008213795,
            -958.6839473079058,
            -958.7300655642575,
            -958.7400872393812,
            -958.7420639554268,
            -958.7429536650629,
            -958.7433104286579,
            -958.7432822977089,
            -958.7433259172888,
            -958.7433243430096,
            -958.7426577185736,
            -958.746785224932,
            -958.7468000524848
        ],
        "e_xc": [
            -61.909776250055174,
            -61.26390724041484,
            -61.49324237316828,
            -61.5806484943235,
            -61.569493986694724,
            -61.56816560766929,
            -61.56959988205249,
            -61.570016227407585,
            -61.570342876399124,
            -61.57030493475479,
            -61.57033181574404,
            -61.57042549461661,
            -61.57114460926332
        ],
        "iterations": 13
    },
    "scf_eigenvalues_a": {
        "dims": [
            22
        ],
        "size": 22,
        "vals": [
            -104.6931255430651,
            -104.52096661291168,
            -11.136299683135608,
            -9.427954041779518,
            -10.244691206269977,
            -8.88321438462637,
            -7.885881302350228,
            -7.885879743776393,
            -7.714955147250755,
            -7.71388605333949,
            -7.715317503645025,
            -0.7921920579285833,
            -0.7561479364063635,
            -0.5575090497289026,
            -0.5575091999315749,
            -0.5575105011367565,
            -0.6110812651956032,
            -0.17301801619792823,
            -0.17301733236882555,
            -0.17558609013719106,
            -0.33269785574691735,
            -0.3327824740818657
        ]
    },
    "time": "2024-05-03 15:14:08",
    "wall_time": 120.87757706642151
}