{
    "calcinfo_nalpha": 9,
    "calcinfo_natom": 5,
    "calcinfo_nbeta": 8,
    "calcinfo_nmo": 17,
    "molecule": {
        "geometry": [
            [
                2.792221741846619,
                -0.3957026735159067,
                0.0008579386760379731
            ],
            [
                1.1423008449708492,
                0.6371091496802541,
                -0.00014942663607792308
            ],
            [
                -0.6179711595192164,
                -0.8684732970648884,
                8.752237840296605e-05
            ],
            [
                -2.401229148171091,
                0.2639644274684861,
                -0.0015340208231391923
            ],
            [
                -4.061300391836958,
                1.7512872777398631,
                0.0011094119508259183
            ]
        ],
        "symbols": [
            "H",
            "N",
            "N",
            "H",
            "H"
        ]
    },
    "parameters": {
        "charge": 0.0,
        "conv_only_dens": false,
        "dconv": 0.0001,
        "derivatives": false,
        "dipole": false,
        "econv": 1e-05,
        "ginitial_hessian": false,
        "gmaxiter": 20,
        "gopt": false,
        "gprec": 0.0001,
        "gtest": false,
        "gtol": 0.0001,
        "gval": 1e-05,
        "k": -1,
        "l": 54.061,
        "lo": 0.0016603,
        "loadbalparts": 2,
        "maxiter": 25,
        "maxrotn": 0.25,
        "maxsub": 10,
        "nalpha": 9,
        "nbeta": 8,
        "nio": 1,
        "nmo_alpha": 9,
        "nmo_beta": 8,
        "no_compute": false,
        "noiter": true,
        "nopen": 1,
        "npt_plot": 101,
        "nv_factor": 1,
        "nvalpha": 0,
        "nvbeta": 0,
        "orbitalshift": 0.0,
        "plot_cell": [],
        "plotcoul": false,
        "plotdens": false,
        "plothi": -1,
        "plotlo": 0,
        "print_level": 3,
        "protocol": [
            1e-06
        ],
        "psp_calc": false,
        "pure_ae": true,
        "restart": true,
        "restartao": false,
        "save": true,
        "smear": 0.0,
        "spin_restricted": false,
        "vnucextra": 2
    },
    "precision": {
        "dconv": 0.0001,
        "econv": 1e-05,
        "eprec": 0.0001,
        "k": 8,
        "thresh": 1e-06
    },
    "return_energy": -111.04498366048735,
    "scf_e_data": {
        "e_coulomb": [
            88.19610107972025
        ],
        "e_kinetic": [
            110.39652796315077
        ],
        "e_local": [
            0.0
        ],
        "e_nrep": [
            35.77410127760275
        ],
        "e_nuclear": [
            -330.7564320288654
        ],
        "e_pcm": [
            0.0
        ],
        "e_tot": [
            -111.04498366048735
        ],
        "e_xc": [
            -14.655281952095745
        ],
        "iterations": 1
    },
    "scf_eigenvalues_a": {
        "dims": [
            9
        ],
        "size": 9,
        "vals": [
            -15.63167556859489,
            -15.63763657649702,
            -1.2033010405986202,
            -0.8647394716137553,
            -0.8196811206885766,
            -0.6005540069791633,
            -0.540819363198429,
            -0.6093684127760466,
            -0.5306278696824887
        ]
    },
    "scf_eigenvalues_b": {
        "dims": [
            8
        ],
        "size": 8,
        "vals": [
            -15.623864815379303,
            -15.632712117173291,
            -1.1934417309773555,
            -0.8539914718628405,
            -0.7508577486876982,
            -0.6345247026829868,
            -0.5358108182098293,
            -0.586041830724136
        ]
    },
    "time": "2024-05-02 17:28:46",
    "wall_time": 7.867323875427246
}