{
    "calcinfo_nalpha": 9,
    "calcinfo_natom": 2,
    "calcinfo_nbeta": 8,
    "calcinfo_nmo": 17,
    "molecule": {
        "geometry": [
            [
                0.0,
                0.0,
                0.148977482317034
            ],
            [
                0.0,
                0.0,
                -2.383639717072543
            ]
        ],
        "symbols": [
            "S",
            "H"
        ]
    },
    "parameters": {
        "charge": 0.0,
        "conv_only_dens": false,
        "dconv": 0.0001,
        "derivatives": false,
        "dipole": false,
        "econv": 1e-05,
        "ginitial_hessian": false,
        "gmaxiter": 20,
        "gopt": false,
        "gprec": 0.0001,
        "gtest": false,
        "gtol": 0.0001,
        "gval": 1e-05,
        "k": -1,
        "l": 52.384,
        "lo": 0.00041862,
        "loadbalparts": 2,
        "maxiter": 25,
        "maxrotn": 0.25,
        "maxsub": 10,
        "nalpha": 9,
        "nbeta": 8,
        "nio": 1,
        "nmo_alpha": 9,
        "nmo_beta": 8,
        "no_compute": false,
        "noiter": false,
        "nopen": 1,
        "npt_plot": 101,
        "nv_factor": 1,
        "nvalpha": 0,
        "nvbeta": 0,
        "orbitalshift": 0.0,
        "plot_cell": [],
        "plotcoul": false,
        "plotdens": false,
        "plothi": -1,
        "plotlo": 0,
        "print_level": 3,
        "protocol": [
            0.0001,
            1e-06
        ],
        "psp_calc": false,
        "pure_ae": true,
        "restart": false,
        "restartao": false,
        "save": true,
        "smear": 0.0,
        "spin_restricted": false,
        "vnucextra": 2
    },
    "precision": {
        "dconv": 0.0001,
        "econv": 1e-05,
        "eprec": 0.0001,
        "k": 8,
        "thresh": 1e-06
    },
    "return_energy": -398.5927889442228,
    "scf_e_data": {
        "e_coulomb": [
            184.14899715241063,
            183.45856490289225,
            183.7490712573346,
            183.7329150412745,
            183.77280145748927,
            183.76859085747486,
            183.76449824248516,
            183.76240157151338,
            183.76225103698286,
            183.75829721841365,
            183.76003659753036
        ],
        "e_kinetic": [
            398.08916870265773,
            397.6013719779042,
            397.9745273248875,
            398.0764220869503,
            398.154441857557,
            398.14477751396726,
            398.128217021799,
            398.121558170619,
            398.1218910568458,
            398.1005252247498,
            398.09735335129767
        ],
        "e_local": [
            0.0,
            0.0,
            0.0,
            0.0,
            0.0,
            0.0,
            0.0,
            0.0,
            0.0,
            0.0,
            0.0
        ],
        "e_nrep": [
            6.317575354007859,
            6.317575354007859,
            6.317575354007859,
            6.317575354007859,
            6.317575354007859,
            6.317575354007859,
            6.317575354007859,
            6.317575354007859,
            6.317575354007859,
            6.317575354007859,
            6.317575354007859
        ],
        "e_nuclear": [
            -961.2229992781204,
            -960.1651505598256,
            -960.80880623136,
            -960.8953636724101,
            -961.0095653970725,
            -960.9958818942159,
            -960.9756282601127,
            -960.9670726637742,
            -960.9670874598783,
            -960.9433957629224,
            -960.9419037189436
        ],
        "e_pcm": [
            0.0,
            0.0,
            0.0,
            0.0,
            0.0,
            0.0,
            0.0,
            0.0,
            0.0,
            0.0,
            0.0
        ],
        "e_tot": [
            -398.5187224138567,
            -398.5851959831728,
            -398.5898185029105,
            -398.59130892535364,
            -398.59187399874855,
            -398.59200068343955,
            -398.5919902104416,
            -398.59197924648197,
            -398.5918024925634,
            -398.5927854952344,
            -398.5927889442228
        ],
        "e_xc": [
            -25.851464344812612,
            -25.79755765815144,
            -25.822186207780472,
            -25.822857735176242,
            -25.82712727073021,
            -25.827062514673607,
            -25.826652568620922,
            -25.82644167884804,
            -25.82643248052168,
            -25.825787529483396,
            -25.82585052811507
        ],
        "iterations": 11
    },
    "scf_eigenvalues_a": {
        "dims": [
            9
        ],
        "size": 9,
        "vals": [
            -88.07342003502744,
            -7.053950275174987,
            -6.3768968547093685,
            -5.713892676628497,
            -5.732742166758278,
            -0.5369187226404852,
            -0.5180349997331444,
            -0.2453432388669219,
            -0.2880298005656621
        ]
    },
    "scf_eigenvalues_b": {
        "dims": [
            8
        ],
        "size": 8,
        "vals": [
            -88.06606562295434,
            -7.066766011714989,
            -6.3489401321926024,
            -5.7082893693965175,
            -5.717599223276942,
            -0.5020412733754283,
            -0.5020694929952141,
            -0.22797633039482323
        ]
    },
    "time": "2024-05-03 21:49:04",
    "wall_time": 57.760632038116455
}