{
    "calcinfo_nalpha": 1,
    "calcinfo_natom": 1,
    "calcinfo_nbeta": 0,
    "calcinfo_nmo": 1,
    "molecule": {
        "geometry": [
            [
                0.0,
                0.0,
                0.0
            ]
        ],
        "symbols": [
            "H"
        ]
    },
    "parameters": {
        "charge": 0.0,
        "conv_only_dens": false,
        "dconv": 0.0001,
        "derivatives": false,
        "dipole": false,
        "econv": 1e-05,
        "ginitial_hessian": false,
        "gmaxiter": 20,
        "gopt": false,
        "gprec": 0.0001,
        "gtest": false,
        "gtol": 0.0001,
        "gval": 1e-05,
        "k": -1,
        "l": 50.0,
        "lo": 0.042529,
        "loadbalparts": 2,
        "maxiter": 25,
        "maxrotn": 0.25,
        "maxsub": 10,
        "nalpha": 1,
        "nbeta": 0,
        "nio": 1,
        "nmo_alpha": 1,
        "nmo_beta": 0,
        "no_compute": false,
        "noiter": false,
        "nopen": 1,
        "npt_plot": 101,
        "nv_factor": 1,
        "nvalpha": 0,
        "nvbeta": 0,
        "orbitalshift": 0.0,
        "plot_cell": [],
        "plotcoul": false,
        "plotdens": false,
        "plothi": -1,
        "plotlo": 0,
        "print_level": 3,
        "protocol": [
            0.0001,
            1e-06
        ],
        "psp_calc": false,
        "pure_ae": true,
        "restart": false,
        "restartao": false,
        "save": true,
        "smear": 0.0,
        "spin_restricted": false,
        "vnucextra": 2
    },
    "precision": {
        "dconv": 0.0001,
        "econv": 1e-05,
        "eprec": 0.0001,
        "k": 8,
        "thresh": 1e-06
    },
    "return_energy": -0.4999535118271135,
    "scf_e_data": {
        "e_coulomb": [
            0.3143395816324084,
            0.31370160020537663,
            0.31294311440217826,
            0.31263300599492433,
            0.3125302154857786,
            0.31252961931738305,
            0.31249666306904483
        ],
        "e_kinetic": [
            0.5098195503238634,
            0.5038023256868479,
            0.5011300639897068,
            0.5002952359873629,
            0.4999907758783499,
            0.49999130945060133,
            0.4998984224299919
        ],
        "e_local": [
            0.0,
            0.0,
            0.0,
            0.0,
            0.0,
            0.0,
            0.0
        ],
        "e_nrep": [
            0.0,
            0.0,
            0.0,
            0.0,
            0.0,
            0.0,
            0.0
        ],
        "e_nuclear": [
            -1.0080184302360007,
            -1.0036635265626905,
            -1.001076341115562,
            -1.0002427271473548,
            -0.9999383289053819,
            -0.9999386302679731,
            -0.9998519342546668
        ],
        "e_pcm": [
            0.0,
            0.0,
            0.0,
            0.0,
            0.0,
            0.0,
            0.0
        ],
        "e_tot": [
            -0.49819887991213746,
            -0.4998612009704516,
            -0.49994627715911144,
            -0.49994749120944154,
            -0.49994755307252914,
            -0.499947320816496,
            -0.4999535118271135
        ],
        "e_xc": [
            -0.31433958163240855,
            -0.3137016002999856,
            -0.31294311443543443,
            -0.31263300604437394,
            -0.3125302155312757,
            -0.31252961931650725,
            -0.31249666307148344
        ],
        "iterations": 7
    },
    "scf_eigenvalues_a": {
        "dims": [
            1
        ],
        "size": 1,
        "vals": [
            -0.49995351182934306
        ]
    },
    "time": "2024-05-02 14:46:19",
    "wall_time": 3.0649220943450928
}