{
    "calcinfo_nalpha": 9,
    "calcinfo_natom": 3,
    "calcinfo_nbeta": 9,
    "calcinfo_nmo": 18,
    "molecule": {
        "geometry": [
            [
                0.0,
                0.0,
                0.1937336816943671
            ],
            [
                0.0,
                -1.8259501435721122,
                -1.549869453554939
            ],
            [
                0.0,
                1.8259501435721122,
                -1.549869453554939
            ]
        ],
        "symbols": [
            "S",
            "H",
            "H"
        ]
    },
    "parameters": {
        "charge": 0.0,
        "conv_only_dens": false,
        "dconv": 0.0001,
        "derivatives": false,
        "dipole": false,
        "econv": 1e-05,
        "ginitial_hessian": false,
        "gmaxiter": 20,
        "gopt": false,
        "gprec": 0.0001,
        "gtest": false,
        "gtol": 0.0001,
        "gval": 1e-05,
        "k": -1,
        "l": 51.826,
        "lo": 0.00041862,
        "loadbalparts": 2,
        "maxiter": 25,
        "maxrotn": 0.25,
        "maxsub": 10,
        "nalpha": 9,
        "nbeta": 9,
        "nio": 1,
        "nmo_alpha": 9,
        "nmo_beta": 9,
        "no_compute": false,
        "noiter": false,
        "nopen": 0,
        "npt_plot": 101,
        "nv_factor": 1,
        "nvalpha": 0,
        "nvbeta": 0,
        "orbitalshift": 0.0,
        "plot_cell": [],
        "plotcoul": false,
        "plotdens": false,
        "plothi": -1,
        "plotlo": 0,
        "print_level": 3,
        "protocol": [
            0.0001,
            1e-06
        ],
        "psp_calc": false,
        "pure_ae": true,
        "restart": false,
        "restartao": false,
        "save": true,
        "smear": 0.0,
        "spin_restricted": true,
        "vnucextra": 2
    },
    "precision": {
        "dconv": 0.0001,
        "econv": 1e-05,
        "eprec": 0.0001,
        "k": 8,
        "thresh": 1e-06
    },
    "return_energy": -398.7200737106328,
    "scf_e_data": {
        "e_coulomb": [
            192.02634476280662,
            190.7469073432154,
            190.77856503049082,
            190.73596703114785,
            190.72877972096674,
            190.725388480489,
            190.7245528383026,
            190.724152306847,
            190.72400548726276,
            190.72298941072034,
            190.72426975474644
        ],
        "e_kinetic": [
            399.18546011433347,
            398.55716149842397,
            398.7130101955632,
            398.731300675739,
            398.72401776527244,
            398.7168624180177,
            398.7167246650668,
            398.7178388020864,
            398.71849972922183,
            398.6983096470278,
            398.6938529127615
        ],
        "e_local": [
            0.0,
            0.0,
            0.0,
            0.0,
            0.0,
            0.0,
            0.0,
            0.0,
            0.0,
            0.0,
            0.0
        ],
        "e_nrep": [
            12.948468333999308,
            12.948468333999308,
            12.948468333999308,
            12.948468333999308,
            12.948468333999308,
            12.948468333999308,
            12.948468333999308,
            12.948468333999308,
            12.948468333999308,
            12.948468333999308,
            12.948468333999308
        ],
        "e_nuclear": [
            -977.0122946502688,
            -975.2616929610696,
            -975.4414499084756,
            -975.414292763652,
            -975.396353800384,
            -975.3848743567453,
            -975.3836190016787,
            -975.3842253711553,
            -975.3842595433598,
            -975.3648250513143,
            -975.3616325274575
        ],
        "e_pcm": [
            0.0,
            0.0,
            0.0,
            0.0,
            0.0,
            0.0,
            0.0,
            0.0,
            0.0,
            0.0,
            0.0
        ],
        "e_tot": [
            -398.60404141013703,
            -398.70235303224933,
            -398.7139780781561,
            -398.7179453131862,
            -398.71910117257806,
            -398.71921022058297,
            -398.719229166156,
            -398.71923172849654,
            -398.71874957230426,
            -398.72007064631026,
            -398.7200737106328
        ],
        "e_xc": [
            -25.75201997100752,
            -25.693197246818457,
            -25.712571729733813,
            -25.71938859042034,
            -25.724013192432487,
            -25.725055096343553,
            -25.725356001846038,
            -25.725465800273955,
            -25.72546357942824,
            -25.72501298674348,
            -25.72503218468254
        ],
        "iterations": 11
    },
    "scf_eigenvalues_a": {
        "dims": [
            9
        ],
        "size": 9,
        "vals": [
            -91.96025271091912,
            -8.52077394390108,
            -6.6486922100421,
            -7.086638676869157,
            -6.646318072368015,
            -0.7134481533555217,
            -0.7134472575751398,
            -0.6558072546536149,
            -0.389273958164416
        ]
    },
    "time": "2024-05-02 14:47:23",
    "wall_time": 38.29087686538696
}