{
    "calcinfo_nalpha": 9,
    "calcinfo_natom": 7,
    "calcinfo_nbeta": 8,
    "calcinfo_nmo": 17,
    "molecule": {
        "geometry": [
            [
                0.0008503983503265049,
                -1.3151316668522843,
                0.0
            ],
            [
                0.04184387843073856,
                1.5022303351330708,
                0.0
            ],
            [
                -1.9369221478060292,
                -2.0501373131178076,
                0.0
            ],
            [
                0.930933028968706,
                -2.083924638306164,
                1.6694201217657927
            ],
            [
                0.930933028968706,
                -2.083924638306164,
                -1.6694201217657927
            ],
            [
                -0.0905547854088865,
                2.5476972900227093,
                -1.74671012847069
            ],
            [
                -0.0905547854088865,
                2.5476972900227093,
                1.74671012847069
            ]
        ],
        "symbols": [
            "C",
            "C",
            "H",
            "H",
            "H",
            "H",
            "H"
        ]
    },
    "parameters": {
        "charge": 0.0,
        "conv_only_dens": false,
        "dconv": 0.0001,
        "derivatives": false,
        "dipole": false,
        "econv": 1e-05,
        "ginitial_hessian": false,
        "gmaxiter": 20,
        "gopt": false,
        "gprec": 0.0001,
        "gtest": false,
        "gtol": 0.0001,
        "gval": 1e-05,
        "k": -1,
        "l": 52.548,
        "lo": 0.0021467,
        "loadbalparts": 2,
        "maxiter": 25,
        "maxrotn": 0.25,
        "maxsub": 10,
        "nalpha": 9,
        "nbeta": 8,
        "nio": 1,
        "nmo_alpha": 9,
        "nmo_beta": 8,
        "no_compute": false,
        "noiter": true,
        "nopen": 1,
        "npt_plot": 101,
        "nv_factor": 1,
        "nvalpha": 0,
        "nvbeta": 0,
        "orbitalshift": 0.0,
        "plot_cell": [],
        "plotcoul": false,
        "plotdens": false,
        "plothi": -1,
        "plotlo": 0,
        "print_level": 3,
        "protocol": [
            1e-06
        ],
        "psp_calc": false,
        "pure_ae": true,
        "restart": true,
        "restartao": false,
        "save": true,
        "smear": 0.0,
        "spin_restricted": false,
        "vnucextra": 2
    },
    "precision": {
        "dconv": 0.0001,
        "econv": 1e-05,
        "eprec": 0.0001,
        "k": 8,
        "thresh": 1e-06
    },
    "return_energy": -79.05314863930752,
    "scf_e_data": {
        "e_coulomb": [
            74.47696619416358
        ],
        "e_kinetic": [
            78.58132612446241
        ],
        "e_local": [
            0.0
        ],
        "e_nrep": [
            36.97781144745221
        ],
        "e_nuclear": [
            -256.5145456412836
        ],
        "e_pcm": [
            0.0
        ],
        "e_tot": [
            -79.05314863930752
        ],
        "e_xc": [
            -12.57470676410215
        ],
        "iterations": 1
    },
    "scf_eigenvalues_a": {
        "dims": [
            9
        ],
        "size": 9,
        "vals": [
            -11.20773810792085,
            -11.221466266344198,
            -0.6524261723012927,
            -0.7003068936415566,
            -0.7003068534038437,
            -0.6519462559658411,
            -0.7366064055149149,
            -0.6524263807188523,
            -0.3816576502284297
        ]
    },
    "scf_eigenvalues_b": {
        "dims": [
            8
        ],
        "size": 8,
        "vals": [
            -11.211416980143301,
            -11.197677805862163,
            -0.7058524372209234,
            -0.6603654263749265,
            -0.6603654738686163,
            -0.6454925010834043,
            -0.6524704548885952,
            -0.6524704378214365
        ]
    },
    "time": "2024-05-03 15:46:32",
    "wall_time": 7.533271074295044
}