{
    "calcinfo_nalpha": 14,
    "calcinfo_natom": 11,
    "calcinfo_nbeta": 13,
    "calcinfo_nmo": 27,
    "molecule": {
        "geometry": [
            [
                2.8075686612198862,
                -0.8468931290254612,
                -3.5627318100766034e-05
            ],
            [
                0.9543894987037754,
                1.3260989943544035,
                5.5716625719331485e-05
            ],
            [
                -3.524641810279145,
                -0.6428242065688474,
                -0.000109190179864779
            ],
            [
                2.5590491487263165,
                -2.0343003197169245,
                -1.6639105758638502
            ],
            [
                2.5589881702076727,
                -2.0345021394609533,
                1.6636896898857378
            ],
            [
                4.756488811480963,
                -0.16284406445825647,
                4.8466746286735005e-05
            ],
            [
                0.9868599929398943,
                2.487100013709431,
                -1.6954985627109247
            ],
            [
                0.986822995211492,
                2.48693816484122,
                1.6957216765914906
            ],
            [
                -1.256761649105679,
                0.27960489467609523,
                -6.455671134438145e-05
            ],
            [
                -4.245541433175195,
                0.30182167860378767,
                -1.5208612883030488
            ],
            [
                -4.24516232387342,
                0.3007160258138803,
                1.5215189457789942
            ]
        ],
        "symbols": [
            "C",
            "C",
            "N",
            "H",
            "H",
            "H",
            "H",
            "H",
            "H",
            "H",
            "H"
        ]
    },
    "parameters": {
        "charge": 0.0,
        "conv_only_dens": false,
        "dconv": 0.0001,
        "derivatives": false,
        "dipole": false,
        "econv": 1e-05,
        "ginitial_hessian": false,
        "gmaxiter": 20,
        "gopt": false,
        "gprec": 0.0001,
        "gtest": false,
        "gtol": 0.0001,
        "gval": 1e-05,
        "k": -1,
        "l": 54.756,
        "lo": 0.0016603,
        "loadbalparts": 2,
        "maxiter": 25,
        "maxrotn": 0.25,
        "maxsub": 10,
        "nalpha": 14,
        "nbeta": 13,
        "nio": 1,
        "nmo_alpha": 14,
        "nmo_beta": 13,
        "no_compute": false,
        "noiter": true,
        "nopen": 1,
        "npt_plot": 101,
        "nv_factor": 1,
        "nvalpha": 0,
        "nvbeta": 0,
        "orbitalshift": 0.0,
        "plot_cell": [],
        "plotcoul": false,
        "plotdens": false,
        "plothi": -1,
        "plotlo": 0,
        "print_level": 3,
        "protocol": [
            1e-06
        ],
        "psp_calc": false,
        "pure_ae": true,
        "restart": true,
        "restartao": false,
        "save": true,
        "smear": 0.0,
        "spin_restricted": false,
        "vnucextra": 2
    },
    "precision": {
        "dconv": 0.0001,
        "econv": 1e-05,
        "eprec": 0.0001,
        "k": 8,
        "thresh": 1e-06
    },
    "return_energy": -135.5350994445404,
    "scf_e_data": {
        "e_coulomb": [
            143.428067320048
        ],
        "e_kinetic": [
            134.72500774442858
        ],
        "e_local": [
            0.0
        ],
        "e_nrep": [
            78.78490141131596
        ],
        "e_nuclear": [
            -471.9605568584599
        ],
        "e_pcm": [
            0.0
        ],
        "e_tot": [
            -135.5350994445404
        ],
        "e_xc": [
            -20.512519061873064
        ],
        "iterations": 1
    },
    "scf_eigenvalues_a": {
        "dims": [
            14
        ],
        "size": 14,
        "vals": [
            -15.562453477779577,
            -11.204916586811109,
            -11.225261286465923,
            -0.82928875707699,
            -0.6489095552040429,
            -0.6778068425782773,
            -0.6489096378913158,
            -0.5586153162448795,
            -0.8292818200491725,
            -0.7048244379165796,
            -0.6501321201183705,
            -0.6778081331405634,
            -0.5164743071910625,
            -0.6198590412658747
        ]
    },
    "scf_eigenvalues_b": {
        "dims": [
            13
        ],
        "size": 13,
        "vals": [
            -15.536797577309954,
            -11.206602785436939,
            -11.207670924685178,
            -0.7934093490638303,
            -0.649098977439228,
            -0.6621615370687244,
            -0.6490990449718818,
            -0.5883020637001213,
            -0.7934039366651118,
            -0.6927706599349941,
            -0.6480317971292666,
            -0.6621625014204239,
            -0.5098798142929042
        ]
    },
    "time": "2024-05-02 17:29:51",
    "wall_time": 13.645945072174072
}