{
    "calcinfo_nalpha": 9,
    "calcinfo_natom": 8,
    "calcinfo_nbeta": 9,
    "calcinfo_nmo": 18,
    "molecule": {
        "geometry": [
            [
                1.387033547281017e-07,
                3.3897911176889065e-07,
                1.4420401098402895
            ],
            [
                -1.643751027693017e-06,
                3.508994215051855e-07,
                -1.4420401098393565
            ],
            [
                -1.794658471897716,
                -0.6825947683139626,
                -2.1888890635314078
            ],
            [
                -0.3095456913553757,
                -1.8949816538314497,
                2.188890353343805
            ],
            [
                1.4884723462378813,
                -1.2129276500819324,
                -2.1888910948038416
            ],
            [
                0.30619260221881495,
                1.8955203356432244,
                -2.1888903512692615
            ],
            [
                1.7958706014512138,
                0.679410881701926,
                2.188889062769113
            ],
            [
                -1.4863223563687809,
                1.2155687156109942,
                2.188891093485995
            ]
        ],
        "symbols": [
            "C",
            "C",
            "H",
            "H",
            "H",
            "H",
            "H",
            "H"
        ]
    },
    "parameters": {
        "charge": 0.0,
        "conv_only_dens": false,
        "dconv": 0.0001,
        "derivatives": false,
        "dipole": false,
        "econv": 1e-05,
        "ginitial_hessian": false,
        "gmaxiter": 20,
        "gopt": false,
        "gprec": 0.0001,
        "gtest": false,
        "gtol": 0.0001,
        "gval": 1e-05,
        "k": -1,
        "l": 52.189,
        "lo": 0.0021467,
        "loadbalparts": 2,
        "maxiter": 25,
        "maxrotn": 0.25,
        "maxsub": 10,
        "nalpha": 9,
        "nbeta": 9,
        "nio": 1,
        "nmo_alpha": 9,
        "nmo_beta": 9,
        "no_compute": false,
        "noiter": false,
        "nopen": 0,
        "npt_plot": 101,
        "nv_factor": 1,
        "nvalpha": 0,
        "nvbeta": 0,
        "orbitalshift": 0.0,
        "plot_cell": [],
        "plotcoul": false,
        "plotdens": false,
        "plothi": -1,
        "plotlo": 0,
        "print_level": 3,
        "protocol": [
            0.0001,
            1e-06
        ],
        "psp_calc": false,
        "pure_ae": true,
        "restart": false,
        "restartao": false,
        "save": true,
        "smear": 0.0,
        "spin_restricted": true,
        "vnucextra": 2
    },
    "precision": {
        "dconv": 0.0001,
        "econv": 1e-05,
        "eprec": 0.0001,
        "k": 8,
        "thresh": 1e-06
    },
    "return_energy": -79.73930969377543,
    "scf_e_data": {
        "e_coulomb": [
            83.83783073186632,
            78.79159381184164,
            80.24671715211137,
            80.47907320502688,
            80.42129779619087,
            80.37822762459332,
            80.37834524146683,
            80.38162082956083,
            80.38148138473125,
            80.3773594574808,
            80.38073002676042
        ],
        "e_kinetic": [
            81.00829355865146,
            78.34592981118463,
            79.13576248922192,
            79.35852987465282,
            79.37347412565397,
            79.3592777397218,
            79.36014552282288,
            79.3616807738602,
            79.36237646147774,
            79.3621606780338,
            79.36531503801451
        ],
        "e_local": [
            0.0,
            0.0,
            0.0,
            0.0,
            0.0,
            0.0,
            0.0,
            0.0,
            0.0,
            0.0,
            0.0
        ],
        "e_nrep": [
            42.29530311878858,
            42.29530311878858,
            42.29530311878858,
            42.29530311878858,
            42.29530311878858,
            42.29530311878858,
            42.29530311878858,
            42.29530311878858,
            42.29530311878858,
            42.29530311878858,
            42.29530311878858
        ],
        "e_nuclear": [
            -273.405353125039,
            -266.367410961477,
            -268.48318330252,
            -268.90124759941756,
            -268.85770060111344,
            -268.80352924768033,
            -268.80409863972335,
            -268.8085270984434,
            -268.8085723371669,
            -268.8063988307221,
            -268.81248062693913
        ],
        "e_pcm": [
            0.0,
            0.0,
            0.0,
            0.0,
            0.0,
            0.0,
            0.0,
            0.0,
            0.0,
            0.0,
            0.0
        ],
        "e_tot": [
            -79.54616814760665,
            -79.69249657558422,
            -79.73310677342803,
            -79.73700670285132,
            -79.73763897524825,
            -79.73784044407212,
            -79.73793673904994,
            -79.73796527160357,
            -79.73745832866119,
            -79.73930814213745,
            -79.73930969377543
        ],
        "e_xc": [
            -13.282242431873993,
            -12.757912355922091,
            -12.927706231029916,
            -12.968665301902043,
            -12.970013414768214,
            -12.967119679495482,
            -12.967631982404882,
            -12.968042895369795,
            -12.968046956491879,
            -12.967732565718503,
            -12.968177250399789
        ],
        "iterations": 11
    },
    "scf_eigenvalues_a": {
        "dims": [
            9
        ],
        "size": 9,
        "vals": [
            -9.861535559513957,
            -9.861536378677968,
            -0.4181669755239117,
            -0.4181664391467794,
            -0.41816731540352836,
            -0.4181661128624574,
            -0.44195561263291694,
            -0.418167187734392,
            -0.41816724580685594
        ]
    },
    "time": "2024-05-03 20:51:31",
    "wall_time": 29.531398057937622
}