{
    "calcinfo_nalpha": 10,
    "calcinfo_natom": 4,
    "calcinfo_nbeta": 9,
    "calcinfo_nmo": 19,
    "molecule": {
        "geometry": [
            [
                0.43295454013845397,
                -2.3819872115333247,
                0.0
            ],
            [
                0.3957771540812135,
                0.14557054991778248,
                0.0
            ],
            [
                -2.304857749213676,
                0.16016006686394565,
                0.0
            ],
            [
                -4.460531256224189,
                -0.10730165401513861,
                0.0
            ]
        ],
        "symbols": [
            "H",
            "S",
            "H",
            "H"
        ]
    },
    "parameters": {
        "charge": 0.0,
        "conv_only_dens": false,
        "dconv": 0.0001,
        "derivatives": false,
        "dipole": false,
        "econv": 1e-05,
        "ginitial_hessian": false,
        "gmaxiter": 20,
        "gopt": false,
        "gprec": 0.0001,
        "gtest": false,
        "gtol": 0.0001,
        "gval": 1e-05,
        "k": -1,
        "l": 54.461,
        "lo": 0.00041862,
        "loadbalparts": 2,
        "maxiter": 25,
        "maxrotn": 0.25,
        "maxsub": 10,
        "nalpha": 10,
        "nbeta": 9,
        "nio": 1,
        "nmo_alpha": 10,
        "nmo_beta": 9,
        "no_compute": false,
        "noiter": false,
        "nopen": 1,
        "npt_plot": 101,
        "nv_factor": 1,
        "nvalpha": 0,
        "nvbeta": 0,
        "orbitalshift": 0.0,
        "plot_cell": [],
        "plotcoul": false,
        "plotdens": false,
        "plothi": -1,
        "plotlo": 0,
        "print_level": 3,
        "protocol": [
            0.0001,
            1e-06
        ],
        "psp_calc": false,
        "pure_ae": true,
        "restart": false,
        "restartao": false,
        "save": true,
        "smear": 0.0,
        "spin_restricted": false,
        "vnucextra": 2
    },
    "precision": {
        "dconv": 0.0001,
        "econv": 1e-05,
        "eprec": 0.0001,
        "k": 8,
        "thresh": 1e-06
    },
    "return_energy": -399.74438212377913,
    "scf_e_data": {
        "e_coulomb": [
            195.68460503807742,
            194.16982020686626,
            194.68668966473595,
            194.60772947574281,
            194.6340038324438,
            194.63441526596344,
            194.63181291118468,
            194.6300782853462,
            194.63262000806918,
            194.63343389259418,
            194.63327693573802,
            194.62951292919308,
            194.6301925195016,
            194.63242137845828,
            194.6310469097001,
            194.63182058440813,
            194.63263392372798,
            194.63280547156108,
            194.6333356052195,
            194.63369815958305,
            194.63377800358575,
            194.63421346120606,
            194.63360506126435,
            194.6330625192919,
            194.63507790025437,
            194.63488521360972,
            194.6313246942369,
            194.6350489820203
        ],
        "e_kinetic": [
            399.5703372854224,
            398.6061794039051,
            399.1015376859747,
            399.182954014965,
            399.2654910038665,
            399.26179190558366,
            399.24573461566723,
            399.2377055309936,
            399.2325899156475,
            399.22777989888795,
            399.2259033505476,
            399.2407514927198,
            399.2285015660693,
            399.2280160993758,
            399.2283431503632,
            399.22739303216565,
            399.22829109080755,
            399.2282519121828,
            399.2284754269081,
            399.2286979548096,
            399.22874800164203,
            399.229376976573,
            399.2290406585154,
            399.22897733396917,
            399.22930874521194,
            399.2300398309481,
            399.2070489819919,
            399.2047782863232
        ],
        "e_local": [
            0.0,
            0.0,
            0.0,
            0.0,
            0.0,
            0.0,
            0.0,
            0.0,
            0.0,
            0.0,
            0.0,
            0.0,
            0.0,
            0.0,
            0.0,
            0.0,
            0.0,
            0.0,
            0.0,
            0.0,
            0.0,
            0.0,
            0.0,
            0.0,
            0.0,
            0.0,
            0.0,
            0.0
        ],
        "e_nrep": [
            16.45754422817499,
            16.45754422817499,
            16.45754422817499,
            16.45754422817499,
            16.45754422817499,
            16.45754422817499,
            16.45754422817499,
            16.45754422817499,
            16.45754422817499,
            16.45754422817499,
            16.45754422817499,
            16.45754422817499,
            16.45754422817499,
            16.45754422817499,
            16.45754422817499,
            16.45754422817499,
            16.45754422817499,
            16.45754422817499,
            16.45754422817499,
            16.45754422817499,
            16.45754422817499,
            16.45754422817499,
            16.45754422817499,
            16.45754422817499,
            16.45754422817499,
            16.45754422817499,
            16.45754422817499,
            16.45754422817499
        ],
        "e_nuclear": [
            -984.782169369323,
            -982.49040998747,
            -983.4675006252226,
            -983.4741210720712,
            -983.578506450061,
            -983.5757088349781,
            -983.5547216028268,
            -983.5465010309387,
            -983.5438932523521,
            -983.5398072437265,
            -983.5378437752672,
            -983.5488158272369,
            -983.5377092657925,
            -983.5393221836092,
            -983.5381863522518,
            -983.5381103246485,
            -983.5398418039533,
            -983.5399399692201,
            -983.5406806441524,
            -983.5412150345935,
            -983.5413341023495,
            -983.5419154320459,
            -983.541426425566,
            -983.5409106438138,
            -983.5429890236155,
            -983.5429872226912,
            -983.5189208815781,
            -983.5201723531695
        ],
        "e_pcm": [
            0.0,
            0.0,
            0.0,
            0.0,
            0.0,
            0.0,
            0.0,
            0.0,
            0.0,
            0.0,
            0.0,
            0.0,
            0.0,
            0.0,
            0.0,
            0.0,
            0.0,
            0.0,
            0.0,
            0.0,
            0.0,
            0.0,
            0.0,
            0.0,
            0.0,
            0.0,
            0.0,
            0.0
        ],
        "e_tot": [
            -399.6425198289953,
            -399.73108364668036,
            -399.7383998860732,
            -399.74132022753037,
            -399.7414101895992,
            -399.7427846138465,
            -399.74129293111133,
            -399.7427307539393,
            -399.7430551400826,
            -399.7430197532644,
            -399.74306822009856,
            -399.7422493024089,
            -399.74293269700695,
            -399.7430043004517,
            -399.74252299415167,
            -399.74282561086955,
            -399.74298726098607,
            -399.74300904344847,
            -399.74303049745464,
            -399.74305149114457,
            -399.74305078815127,
            -399.74264252088614,
            -399.7430222590843,
            -399.743062316573,
            -399.7429931692766,
            -399.74245670905356,
            -399.74436558456574,
            -399.74438212377913
        ],