{
    "calcinfo_nalpha": 6,
    "calcinfo_natom": 3,
    "calcinfo_nbeta": 4,
    "calcinfo_nmo": 10,
    "molecule": {
        "geometry": [
            [
                0.0,
                0.0,
                -1.6257091292579473
            ],
            [
                0.0,
                0.0,
                0.6217660467212678
            ],
            [
                0.0,
                0.0,
                -3.348419244512195
            ]
        ],
        "symbols": [
            "H",
            "O",
            "H"
        ]
    },
    "parameters": {
        "charge": 0.0,
        "conv_only_dens": false,
        "dconv": 0.0001,
        "derivatives": false,
        "dipole": false,
        "econv": 1e-05,
        "ginitial_hessian": false,
        "gmaxiter": 20,
        "gopt": false,
        "gprec": 0.0001,
        "gtest": false,
        "gtol": 0.0001,
        "gval": 1e-05,
        "k": -1,
        "l": 53.348,
        "lo": 0.001329,
        "loadbalparts": 2,
        "maxiter": 25,
        "maxrotn": 0.25,
        "maxsub": 10,
        "nalpha": 6,
        "nbeta": 4,
        "nio": 1,
        "nmo_alpha": 6,
        "nmo_beta": 4,
        "no_compute": false,
        "noiter": false,
        "nopen": 2,
        "npt_plot": 101,
        "nv_factor": 1,
        "nvalpha": 0,
        "nvbeta": 0,
        "orbitalshift": 0.0,
        "plot_cell": [],
        "plotcoul": false,
        "plotdens": false,
        "plothi": -1,
        "plotlo": 0,
        "print_level": 3,
        "protocol": [
            0.0001,
            1e-06
        ],
        "psp_calc": false,
        "pure_ae": true,
        "restart": false,
        "restartao": false,
        "save": true,
        "smear": 0.0,
        "spin_restricted": false,
        "vnucextra": 2
    },
    "precision": {
        "dconv": 0.0001,
        "econv": 1e-05,
        "eprec": 0.0001,
        "k": 8,
        "thresh": 1e-06
    },
    "return_energy": -76.18365292959186,
    "scf_e_data": {
        "e_coulomb": [
            44.02119638243535,
            42.866451868766276,
            43.46180761633258,
            43.3606969639291,
            43.37705268528495,
            43.367613405574645,
            43.36098557513298,
            43.356951304531954,
            43.35435428067854,
            43.35448488705129,
            43.35443738466351,
            43.3543846626505
        ],
        "e_kinetic": [
            76.03248234504974,
            75.29983040885921,
            75.91805279856179,
            75.90051725251166,
            75.94973445440182,
            75.9515556963464,
            75.94913668988167,
            75.94832118153832,
            75.94964508871197,
            75.95132818035407,
            75.95146375424167,
            75.94918535334199
        ],
        "e_local": [
            0.0,
            0.0,
            0.0,
            0.0,
            0.0,
            0.0,
            0.0,
            0.0,
            0.0,
            0.0,
            0.0,
            0.0
        ],
        "e_nrep": [
            6.155049901879888,
            6.155049901879888,
            6.155049901879888,
            6.155049901879888,
            6.155049901879888,
            6.155049901879888,
            6.155049901879888,
            6.155049901879888,
            6.155049901879888,
            6.155049901879888,
            6.155049901879888,
            6.155049901879888
        ],
        "e_nuclear": [
            -193.1760073093827,
            -191.49458155163413,
            -192.63092799518986,
            -192.52419270387298,
            -192.58585397815307,
            -192.57811493276023,
            -192.56885039613294,
            -192.5639526719351,
            -192.56281272414665,
            -192.564572308327,
            -192.5645843796695,
            -192.5629285155988
        ],
        "e_pcm": [
            0.0,
            0.0,
            0.0,
            0.0,
            0.0,
            0.0,
            0.0,
            0.0,
            0.0,
            0.0,
            0.0,
            0.0
        ],
        "e_tot": [
            -76.10958617437085,
            -76.17334996405064,
            -76.18079125204311,
            -76.18227630030957,
            -76.18276980051351,
            -76.18297818056655,
            -76.18309088736956,
            -76.183124519057,
            -76.18313383503107,
            -76.1831306653728,
            -76.18305470009896,
            -76.18365292959186
        ],
        "e_xc": [
            -9.142307494353133,
            -9.000100591921887,
            -9.084773573627505,
            -9.074347714757234,
            -9.078752863927107,
            -9.079082251607257,
            -9.079412658131165,
            -9.079494235072055,
            -9.079370382154815,
            -9.079421326331039,
            -9.079421361214546,
            -9.079344331865444
        ],
        "iterations": 12
    },
    "scf_eigenvalues_a": {
        "dims": [
            6
        ],
        "size": 6,
        "vals": [
            -18.85571965398193,
            -0.6405397755360789,
            -0.6548758593751649,
            -0.3067638492078544,
            -0.3732203621205241,
            -0.40181491988784956
        ]
    },
    "scf_eigenvalues_b": {
        "dims": [
            4
        ],
        "size": 4,
        "vals": [
            -18.786395272078757,
            -0.7420792767266953,
            -0.5138224361131534,
            -0.2593919045086017
        ]
    },
    "time": "2024-05-03 22:23:28",
    "wall_time": 32.39899396896362
}