{
    "calcinfo_nalpha": 5,
    "calcinfo_natom": 4,
    "calcinfo_nbeta": 4,
    "calcinfo_nmo": 9,
    "molecule": {
        "geometry": [
            [
                0.0,
                0.0,
                0.0
            ],
            [
                0.0,
                1.7630827912750566,
                1.0179163260550508
            ],
            [
                0.0,
                -1.7630827912750566,
                1.0179163260550508
            ],
            [
                0.0,
                0.0,
                -2.0358326521101016
            ]
        ],
        "symbols": [
            "C",
            "H",
            "H",
            "H"
        ]
    },
    "parameters": {
        "charge": 0.0,
        "conv_only_dens": false,
        "dconv": 0.0001,
        "derivatives": false,
        "dipole": false,
        "econv": 1e-05,
        "ginitial_hessian": false,
        "gmaxiter": 20,
        "gopt": false,
        "gprec": 0.0001,
        "gtest": false,
        "gtol": 0.0001,
        "gval": 1e-05,
        "k": -1,
        "l": 52.036,
        "lo": 0.0021467,
        "loadbalparts": 2,
        "maxiter": 25,
        "maxrotn": 0.25,
        "maxsub": 10,
        "nalpha": 5,
        "nbeta": 4,
        "nio": 1,
        "nmo_alpha": 5,
        "nmo_beta": 4,
        "no_compute": false,
        "noiter": false,
        "nopen": 1,
        "npt_plot": 101,
        "nv_factor": 1,
        "nvalpha": 0,
        "nvbeta": 0,
        "orbitalshift": 0.0,
        "plot_cell": [],
        "plotcoul": false,
        "plotdens": false,
        "plothi": -1,
        "plotlo": 0,
        "print_level": 3,
        "protocol": [
            0.0001,
            1e-06
        ],
        "psp_calc": false,
        "pure_ae": true,
        "restart": false,
        "restartao": false,
        "save": true,
        "smear": 0.0,
        "spin_restricted": false,
        "vnucextra": 2
    },
    "precision": {
        "dconv": 0.0001,
        "econv": 1e-05,
        "eprec": 0.0001,
        "k": 8,
        "thresh": 1e-06
    },
    "return_energy": -39.792303402202094,
    "scf_e_data": {
        "e_coulomb": [
            29.912228242917895,
            28.112124479678315,
            28.563339274369532,
            28.61241356947709,
            28.618174427701614,
            28.61189047232316,
            28.612052567030418,
            28.61216443473758,
            28.612126460500214,
            28.611580997914537
        ],
        "e_kinetic": [
            40.385475876436516,
            39.19233969821216,
            39.528264368079135,
            39.59375384981116,
            39.618880685350845,
            39.618256970251714,
            39.61986718134265,
            39.6201284084395,
            39.620212071852634,
            39.620730230979355
        ],
        "e_local": [
            0.0,
            0.0,
            0.0,
            0.0,
            0.0,
            0.0,
            0.0,
            0.0,
            0.0,
            0.0
        ],
        "e_nrep": [
            9.692373685832077,
            9.692373685832077,
            9.692373685832077,
            9.692373685832077,
            9.692373685832077,
            9.692373685832077,
            9.692373685832077,
            9.692373685832077,
            9.692373685832077,
            9.692373685832077
        ],
        "e_nuclear": [
            -113.12596123666424,
            -110.43939058142186,
            -111.16760725465514,
            -111.27183535858147,
            -111.29863710831933,
            -111.29167859830117,
            -111.2929560430433,
            -111.29320506204027,
            -111.29321096431593,
            -111.29371672986439
        ],
        "e_pcm": [
            0.0,
            0.0,
            0.0,
            0.0,
            0.0,
            0.0,
            0.0,
            0.0,
            0.0,
            0.0
        ],
        "e_tot": [
            -39.7132296525897,
            -39.77869147567887,
            -39.78996902964454,
            -39.79142708211769,
            -39.791796255214024,
            -39.7918465369532,
            -39.79186997647608,
            -39.79184541725674,
            -39.791806103708524,
            -39.792303402202094
        ],
        "e_xc": [
            -6.577346221111947,
            -6.336138757979553,
            -6.406339103270145,
            -6.418132828656555,
            -6.422587945779236,
            -6.422689067058991,
            -6.4232073676379215,
            -6.423306884225616,
            -6.423307357577516,
            -6.423271587063679
        ],
        "iterations": 10
    },
    "scf_eigenvalues_a": {
        "dims": [
            5
        ],
        "size": 5,
        "vals": [
            -9.895884835037933,
            -0.46405460536065535,
            -0.4640531344567913,
            -0.46405460003830634,
            -0.1971973328069121
        ]
    },
    "scf_eigenvalues_b": {
        "dims": [
            4
        ],
        "size": 4,
        "vals": [
            -9.868038604821802,
            -0.4396890299310672,
            -0.4396879089825563,
            -0.43968902831993706
        ]
    },
    "time": "2024-05-03 21:02:08",
    "wall_time": 26.87244987487793
}