{
    "calcinfo_nalpha": 5,
    "calcinfo_natom": 2,
    "calcinfo_nbeta": 5,
    "calcinfo_nmo": 10,
    "molecule": {
        "geometry": [
            [
                0.0,
                0.0,
                0.20200001570223414
            ],
            [
                0.0,
                0.0,
                -1.6160001256178735
            ]
        ],
        "symbols": [
            "O",
            "H"
        ]
    },
    "parameters": {
        "charge": -1.0,
        "conv_only_dens": false,
        "dconv": 0.0001,
        "derivatives": false,
        "dipole": false,
        "econv": 1e-05,
        "ginitial_hessian": false,
        "gmaxiter": 20,
        "gopt": false,
        "gprec": 0.0001,
        "gtest": false,
        "gtol": 0.0001,
        "gval": 1e-05,
        "k": -1,
        "l": 51.616,
        "lo": 0.001329,
        "loadbalparts": 2,
        "maxiter": 25,
        "maxrotn": 0.25,
        "maxsub": 10,
        "nalpha": 5,
        "nbeta": 5,
        "nio": 1,
        "nmo_alpha": 5,
        "nmo_beta": 5,
        "no_compute": false,
        "noiter": false,
        "nopen": 0,
        "npt_plot": 101,
        "nv_factor": 1,
        "nvalpha": 0,
        "nvbeta": 0,
        "orbitalshift": 0.0,
        "plot_cell": [],
        "plotcoul": false,
        "plotdens": false,
        "plothi": -1,
        "plotlo": 0,
        "print_level": 3,
        "protocol": [
            0.0001,
            1e-06
        ],
        "psp_calc": false,
        "pure_ae": true,
        "restart": false,
        "restartao": false,
        "save": true,
        "smear": 0.0,
        "spin_restricted": true,
        "vnucextra": 2
    },
    "precision": {
        "dconv": 0.0001,
        "econv": 1e-05,
        "eprec": 0.0001,
        "k": 8,
        "thresh": 1e-06
    },
    "return_energy": -75.41823209309177,
    "scf_e_data": {
        "e_coulomb": [
            50.12661239190583,
            44.32519693402792,
            45.29090926364491,
            45.489579767442955,
            45.440743974341686,
            45.42666350554785,
            45.43781182870484,
            45.44194184868693,
            45.441555763514586,
            45.44150483798016,
            45.44081199585493
        ],
        "e_kinetic": [
            78.50085344366998,
            74.14498979272065,
            75.06894397535667,
            75.35434450487315,
            75.3968475937219,
            75.3676269341811,
            75.37571251379799,
            75.38077866471215,
            75.38107186326282,
            75.38115918294521,
            75.37894510967308
        ],
        "e_local": [
            0.0,
            0.0,
            0.0,
            0.0,
            0.0,
            0.0,
            0.0,
            0.0,
            0.0,
            0.0,
            0.0
        ],
        "e_nrep": [
            4.400439701941357,
            4.400439701941357,
            4.400439701941357,
            4.400439701941357,
            4.400439701941357,
            4.400439701941357,
            4.400439701941357,
            4.400439701941357,
            4.400439701941357,
            4.400439701941357,
            4.400439701941357
        ],
        "e_nuclear": [
            -198.79123147577133,
            -189.65022743923146,
            -191.4598389409524,
            -191.9171807944341,
            -191.91543352073808,
            -191.87394114930623,
            -191.8914022319854,
            -191.8998771297836,
            -191.89971782619423,
            -191.89972216462894,
            -191.8974640040642
        ],
        "e_pcm": [
            0.0,
            0.0,
            0.0,
            0.0,
            0.0,
            0.0,
            0.0,
            0.0,
            0.0,
            0.0,
            0.0
        ],
        "e_tot": [
            -75.09494328100023,
            -75.35344945998975,
            -75.41373922967558,
            -75.41715092764191,
            -75.41764937907992,
            -75.41772711853795,
            -75.4177415219209,
            -75.41773843093341,
            -75.41773259149979,
            -75.41769378223164,
            -75.41823209309177
        ],
        "e_xc": [
            -9.331617342746053,
            -8.573848449448226,
            -8.714193229666101,
            -8.744334107465285,
            -8.740247128346784,
            -8.738516110902022,
            -8.740303334379677,
            -8.741021516490248,
            -8.741082094024305,
            -8.741075340469417,
            -8.740964896496939
        ],
        "iterations": 11
    },
    "scf_eigenvalues_a": {
        "dims": [
            5
        ],
        "size": 5,
        "vals": [
            -20.180390924618372,
            -0.6336260901890809,
            -0.5264491251325656,
            -0.10947311047751684,
            -0.1094731033125873
        ]
    },
    "time": "2024-05-03 15:12:05",
    "wall_time": 17.858346939086914
}