{
    "calcinfo_nalpha": 9,
    "calcinfo_natom": 2,
    "calcinfo_nbeta": 8,
    "calcinfo_nmo": 17,
    "molecule": {
        "geometry": [
            [
                0.0,
                0.0,
                0.148977482317034
            ],
            [
                0.0,
                0.0,
                -2.383639717072543
            ]
        ],
        "symbols": [
            "S",
            "H"
        ]
    },
    "parameters": {
        "charge": 0.0,
        "conv_only_dens": false,
        "dconv": 0.0001,
        "derivatives": false,
        "dipole": false,
        "econv": 1e-05,
        "ginitial_hessian": false,
        "gmaxiter": 20,
        "gopt": false,
        "gprec": 0.0001,
        "gtest": false,
        "gtol": 0.0001,
        "gval": 1e-05,
        "k": -1,
        "l": 52.384,
        "lo": 0.00041862,
        "loadbalparts": 2,
        "maxiter": 25,
        "maxrotn": 0.25,
        "maxsub": 10,
        "nalpha": 9,
        "nbeta": 8,
        "nio": 1,
        "nmo_alpha": 9,
        "nmo_beta": 8,
        "no_compute": false,
        "noiter": false,
        "nopen": 1,
        "npt_plot": 101,
        "nv_factor": 1,
        "nvalpha": 0,
        "nvbeta": 0,
        "orbitalshift": 0.0,
        "plot_cell": [],
        "plotcoul": false,
        "plotdens": false,
        "plothi": -1,
        "plotlo": 0,
        "print_level": 3,
        "protocol": [
            0.0001,
            1e-06
        ],
        "psp_calc": false,
        "pure_ae": true,
        "restart": false,
        "restartao": false,
        "save": true,
        "smear": 0.0,
        "spin_restricted": false,
        "vnucextra": 2
    },
    "precision": {
        "dconv": 0.0001,
        "econv": 1e-05,
        "eprec": 0.0001,
        "k": 8,
        "thresh": 1e-06
    },
    "return_energy": -398.11075377377415,
    "scf_e_data": {
        "e_coulomb": [
            184.14899715241063,
            183.65851139416296,
            183.6389436896813,
            183.64660631249885,
            183.64734656343694,
            183.64685629275877,
            183.6462157484976,
            183.64624402005032,
            183.64609463283995,
            183.6447469018829,
            183.6458991798537
        ],
        "e_kinetic": [
            398.0891687026559,
            397.9694132614978,
            398.10331501831854,
            398.1360156113118,
            398.1246326010331,
            398.1198487696758,
            398.11989309458414,
            398.1216734476611,
            398.12202344066793,
            398.10184840407754,
            398.096805273599
        ],
        "e_local": [
            0.0,
            0.0,
            0.0,
            0.0,
            0.0,
            0.0,
            0.0,
            0.0,
            0.0,
            0.0,
            0.0
        ],
        "e_nrep": [
            6.317575354007859,
            6.317575354007859,
            6.317575354007859,
            6.317575354007859,
            6.317575354007859,
            6.317575354007859,
            6.317575354007859,
            6.317575354007859,
            6.317575354007859,
            6.317575354007859,
            6.317575354007859
        ],
        "e_nuclear": [
            -961.2229992781201,
            -960.6929080751671,
            -960.8016830759925,
            -960.8370877918836,
            -960.8244982911366,
            -960.8186190281483,
            -960.8178640342336,
            -960.8196138064454,
            -960.8196272205944,
            -960.7995817700364,
            -960.7957015916772
        ],
        "e_pcm": [
            0.0,
            0.0,
            0.0,
            0.0,
            0.0,
            0.0,
            0.0,
            0.0,
            0.0,
            0.0,
            0.0
        ],
        "e_tot": [
            -398.0288616134821,
            -398.09923440661845,
            -398.1071557524404,
            -398.1093608240896,
            -398.1098875954781,
            -398.10992609125947,
            -398.1099416816037,
            -398.1099563979784,
            -398.1097616783828,
            -398.11075015037534,
            -398.11075377377415
        ],
        "e_xc": [
            -25.36160354443639,
            -25.351826341120006,
            -25.365306738455622,
            -25.372470310024525,
            -25.374943822819418,
            -25.37558747955373,
            -25.37576184445983,
            -25.375835413252254,
            -25.375827885304222,
            -25.37533904030732,
            -25.375331989557495
        ],
        "iterations": 11
    },
    "scf_eigenvalues_a": {
        "dims": [
            9
        ],
        "size": 9,
        "vals": [
            -91.98607431382246,
            -8.199024391238517,
            -7.4574963139058426,
            -6.663176631964635,
            -6.683530738167139,
            -0.8046771563524482,
            -0.7423267164260965,
            -0.40588104783567025,
            -0.47521599448442986
        ]
    },
    "scf_eigenvalues_b": {
        "dims": [
            8
        ],
        "size": 8,
        "vals": [
            -91.97622843512086,
            -8.222791377514294,
            -7.4180223518746295,
            -6.657626706241391,
            -6.645480110513965,
            -0.7116788423439129,
            -0.7233913573960404,
            -0.3851394592864512
        ]
    },
    "time": "2024-05-02 15:04:48",
    "wall_time": 64.5103018283844
}