{
    "calcinfo_nalpha": 9,
    "calcinfo_natom": 6,
    "calcinfo_nbeta": 9,
    "calcinfo_nmo": 18,
    "molecule": {
        "geometry": [
            [
                1.255515963629746,
                -0.037844998786759364,
                0.0
            ],
            [
                -1.4109673537061151,
                0.22978266858719631,
                0.0
            ],
            [
                2.040168303528129,
                1.8596040806828074,
                0.0
            ],
            [
                -2.149944856049792,
                -1.4186665850894307,
                0.0
            ],
            [
                1.9322098001960535,
                -1.0260644257851956,
                1.6809901211924756
            ],
            [
                1.9322098001960535,
                -1.0260644257851956,
                -1.6809901211924756
            ]
        ],
        "symbols": [
            "C",
            "O",
            "H",
            "H",
            "H",
            "H"
        ]
    },
    "parameters": {
        "charge": 0.0,
        "conv_only_dens": false,
        "dconv": 0.0001,
        "derivatives": false,
        "dipole": false,
        "econv": 1e-05,
        "ginitial_hessian": false,
        "gmaxiter": 20,
        "gopt": false,
        "gprec": 0.0001,
        "gtest": false,
        "gtol": 0.0001,
        "gval": 1e-05,
        "k": -1,
        "l": 52.15,
        "lo": 0.001329,
        "loadbalparts": 2,
        "maxiter": 25,
        "maxrotn": 0.25,
        "maxsub": 10,
        "nalpha": 9,
        "nbeta": 9,
        "nio": 1,
        "nmo_alpha": 9,
        "nmo_beta": 9,
        "no_compute": false,
        "noiter": true,
        "nopen": 0,
        "npt_plot": 101,
        "nv_factor": 1,
        "nvalpha": 0,
        "nvbeta": 0,
        "orbitalshift": 0.0,
        "plot_cell": [],
        "plotcoul": false,
        "plotdens": false,
        "plothi": -1,
        "plotlo": 0,
        "print_level": 3,
        "protocol": [
            1e-06
        ],
        "psp_calc": false,
        "pure_ae": true,
        "restart": true,
        "restartao": false,
        "save": true,
        "smear": 0.0,
        "spin_restricted": true,
        "vnucextra": 2
    },
    "precision": {
        "dconv": 0.0001,
        "econv": 1e-05,
        "eprec": 0.0001,
        "k": 8,
        "thresh": 1e-06
    },
    "return_energy": -115.6206213018761,
    "scf_e_data": {
        "e_coulomb": [
            96.40811533305298
        ],
        "e_kinetic": [
            114.99143721896056
        ],
        "e_local": [
            0.0
        ],
        "e_nrep": [
            40.393359957120474
        ],
        "e_nuclear": [
            -352.0323374655872
        ],
        "e_pcm": [
            0.0
        ],
        "e_tot": [
            -115.6206213018761
        ],
        "e_xc": [
            -15.38119634542289
        ],
        "iterations": 1
    },
    "scf_eigenvalues_a": {
        "dims": [
            9
        ],
        "size": 9,
        "vals": [
            -20.55134446174475,
            -11.262531345698804,
            -0.9254763006536662,
            -0.6793720306683257,
            -0.9848341679771997,
            -0.6793715717612225,
            -0.6760859665827552,
            -0.7116743554830038,
            -0.5037808491284648
        ]
    },
    "time": "2024-05-02 17:22:01",
    "wall_time": 4.430438995361328
}