{
    "calcinfo_nalpha": 19,
    "calcinfo_natom": 13,
    "calcinfo_nbeta": 19,
    "calcinfo_nmo": 38,
    "molecule": {
        "geometry": [
            [
                3.8845898790019127,
                -1.157030899438351,
                1.0475056463740503e-05
            ],
            [
                2.3264402889366926,
                1.2102696271840916,
                1.6748431306891837e-06
            ],
            [
                -0.19961886029298853,
                1.38758020587348,
                -1.288311322551352e-05
            ],
            [
                -1.9984904709579203,
                -0.7075265592396421,
                -2.0296886836842145e-05
            ],
            [
                -4.504320576981472,
                -0.3759339788852452,
                1.618575003252321e-05
            ],
            [
                5.111894381401194,
                -1.2123633621792294,
                1.6575218899537407
            ],
            [
                5.111925516364127,
                -1.2123489853022453,
                -1.6574783675170284
            ],
            [
                2.742619397126435,
                -2.8649807740812365,
                -9.67755867261188e-06
            ],
            [
                3.3895407547834373,
                2.9623095316556793,
                5.802243475710608e-06
            ],
            [
                -1.0313295079333487,
                3.2609905357292748,
                -1.676294118446315e-05
            ],
            [
                -1.2571608401931422,
                -2.6139498762480544,
                -5.699890875886723e-05
            ],
            [
                -5.791431031126909,
                -1.9610088005593305,
                1.130112409637015e-05
            ],
            [
                -5.327660228659146,
                1.4972013580191397,
                5.187970694395913e-05
            ]
        ],
        "symbols": [
            "C",
            "C",
            "C",
            "C",
            "C",
            "H",
            "H",
            "H",
            "H",
            "H",
            "H",
            "H",
            "H"
        ]
    },
    "parameters": {
        "charge": 0.0,
        "conv_only_dens": false,
        "dconv": 0.0001,
        "derivatives": false,
        "dipole": false,
        "econv": 1e-05,
        "ginitial_hessian": false,
        "gmaxiter": 20,
        "gopt": false,
        "gprec": 0.0001,
        "gtest": false,
        "gtol": 0.0001,
        "gval": 1e-05,
        "k": -1,
        "l": 55.791,
        "lo": 0.0021467,
        "loadbalparts": 2,
        "maxiter": 25,
        "maxrotn": 0.25,
        "maxsub": 10,
        "nalpha": 19,
        "nbeta": 19,
        "nio": 1,
        "nmo_alpha": 19,
        "nmo_beta": 19,
        "no_compute": false,
        "noiter": false,
        "nopen": 0,
        "npt_plot": 101,
        "nv_factor": 1,
        "nvalpha": 0,
        "nvbeta": 0,
        "orbitalshift": 0.0,
        "plot_cell": [],
        "plotcoul": false,
        "plotdens": false,
        "plothi": -1,
        "plotlo": 0,
        "print_level": 3,
        "protocol": [
            0.0001,
            1e-06
        ],
        "psp_calc": false,
        "pure_ae": true,
        "restart": false,
        "restartao": false,
        "save": true,
        "smear": 0.0,
        "spin_restricted": true,
        "vnucextra": 2
    },
    "precision": {
        "dconv": 0.0001,
        "econv": 1e-05,
        "eprec": 0.0001,
        "k": 8,
        "thresh": 1e-06
    },
    "return_energy": -194.04199358815802,
    "scf_e_data": {
        "e_coulomb": [
            254.55481486216007,
            247.3126547362852,
            248.00618961669133,
            247.87603405695538,
            247.7340594825135,
            247.7256486130549,
            247.74299931519965,
            247.7439362099935,
            247.74203497618197,
            247.74488051209607,
            247.74417041911252,
            247.74701445563568
        ],
        "e_kinetic": [
            196.89327875385052,
            193.31370650177766,
            193.7230418038122,
            193.8038753855949,
            193.79877758991606,
            193.80807971668656,
            193.81816709889006,
            193.81845870525004,
            193.81656982615056,
            193.81675524332093,
            193.81793950956396,
            193.82596589315963
        ],
        "e_local": [
            0.0,
            0.0,
            0.0,
            0.0,
            0.0,
            0.0,
            0.0,
            0.0,
            0.0,
            0.0,
            0.0,
            0.0
        ],
        "e_nrep": [
            155.81513780642135,
            155.81513780642135,
            155.81513780642135,
            155.81513780642135,
            155.81513780642135,
            155.81513780642135,
            155.81513780642135,
            155.81513780642135,
            155.81513780642135,
            155.81513780642135,
            155.81513780642135,
            155.81513780642135
        ],
        "e_nuclear": [
            -771.7511225462104,
            -761.834348122813,
            -762.8554550557163,
            -762.776438319011,
            -762.6233083855457,
            -762.6216978705522,
            -762.6477167148787,
            -762.6491640244722,
            -762.6456106773691,
            -762.6484336620265,
            -762.6484494162876,
            -762.6616999457332
        ],
        "e_pcm": [
            0.0,
            0.0,
            0.0,
            0.0,
            0.0,
            0.0,
            0.0,
            0.0,
            0.0,
            0.0,
            0.0,
            0.0
        ],
        "e_tot": [
            -193.62039428622964,
            -193.9996098216986,
            -194.0272443738934,
            -194.03697250615025,
            -194.03861987167883,
            -194.0389369937827,
            -194.0390276103253,
            -194.03905992581653,
            -194.03910392049235,
            -194.03911561128618,
            -194.03866186410792,
            -194.04199358815802
        ],
        "e_xc": [
            -29.132503162451187,
            -28.606760743369815,
            -28.716158545101948,
            -28.755581436110845,
            -28.76328636498406,
            -28.76610525939322,
            -28.767615115957646,
            -28.767428623009263,
            -28.7672358518772,
            -28.767455511098017,
            -28.767460182918196,
            -28.768411797641473
        ],
        "iterations": 12
    },
    "scf_eigenvalues_a": {
        "dims": [
            19
        ],
        "size": 19,
        "vals": [
            -11.21501580906143,
            -11.21351826206146,
            -11.224891736435112,
            -11.217118859463234,
            -11.225162264208745,
            -0.8522659862004829,
            -0.8484818177851756,
            -0.659254617336842,
            -0.7660748668829767,
            -0.6872380927351758,
            -0.6824323432807253,
            -0.7251702651695546,
            -0.6810200398872532,
            -0.6592550263630553,
            -0.6803874782336035,
            -0.6631691834690657,
            -0.6777619096416654,
            -0.37957039719024643,
            -0.38147541427580434
        ]
    },
    "time": "2024-05-02 14:33:38",
    "wall_time": 90.52163910865784
}