{
    "calcinfo_nalpha": 14,
    "calcinfo_natom": 7,
    "calcinfo_nbeta": 14,
    "calcinfo_nmo": 28,
    "molecule": {
        "geometry": [
            [
                -0.010211423239192725,
                0.14448345087990508,
                3.588689932013849
            ],
            [
                0.012790316262294602,
                -0.19933558177561056,
                0.9248567246685775
            ],
            [
                -0.6824834271047318,
                1.485640569827009,
                0.0024638829777659157
            ],
            [
                1.9336507460964716,
                -0.5638146252950207,
                0.3249246453165959
            ],
            [
                -1.1921994988288838,
                -1.7904596834360744,
                0.47194772841231725
            ],
            [
                -0.004383659366973511,
                0.13822046779311462,
                -4.09966065080657
            ],
            [
                -0.008737633648101272,
                -0.3414675707063126,
                -5.849400786390224
            ]
        ],
        "symbols": [
            "F",
            "C",
            "H",
            "H",
            "H",
            "O",
            "H"
        ]
    },
    "parameters": {
        "charge": -1.0,
        "conv_only_dens": false,
        "dconv": 0.0001,
        "derivatives": false,
        "dipole": false,
        "econv": 1e-05,
        "ginitial_hessian": false,
        "gmaxiter": 20,
        "gopt": false,
        "gprec": 0.0001,
        "gtest": false,
        "gtol": 0.0001,
        "gval": 1e-05,
        "k": -1,
        "l": 55.849,
        "lo": 0.0010921,
        "loadbalparts": 2,
        "maxiter": 25,
        "maxrotn": 0.25,
        "maxsub": 10,
        "nalpha": 14,
        "nbeta": 14,
        "nio": 1,
        "nmo_alpha": 14,
        "nmo_beta": 14,
        "no_compute": false,
        "noiter": false,
        "nopen": 0,
        "npt_plot": 101,
        "nv_factor": 1,
        "nvalpha": 0,
        "nvbeta": 0,
        "orbitalshift": 0.0,
        "plot_cell": [],
        "plotcoul": false,
        "plotdens": false,
        "plothi": -1,
        "plotlo": 0,
        "print_level": 3,
        "protocol": [
            0.0001,
            1e-06
        ],
        "psp_calc": false,
        "pure_ae": true,
        "restart": false,
        "restartao": false,
        "save": true,
        "smear": 0.0,
        "spin_restricted": true,
        "vnucextra": 2
    },
    "precision": {
        "dconv": 0.0001,
        "econv": 1e-05,
        "eprec": 0.0001,
        "k": 8,
        "thresh": 1e-06
    },
    "return_energy": -215.4413000815402,
    "scf_e_data": {
        "e_coulomb": [
            187.07900514736616,
            176.41237901700964,
            179.767369735746,
            179.89986029925538,
            179.85278332758276,
            179.9311035819539,
            179.765118548107,
            179.85409415772656,
            179.852808530501,
            179.83964790188904,
            179.84273037698998,
            179.85163783573432,
            179.85226711287936,
            179.85126959682842,
            179.79012097435862,
            179.88541666246905,
            179.73335226256555,
            179.78926577975037,
            179.79873606182701,
            179.82197578436435,
            179.84971424099638,
            179.83886933367415,
            179.9695075250545,
            179.83809421241426,
            179.83297929887487,
            179.8325335824026,
            179.85184003415182,
            179.78270369562898,
            179.91265040177743,
            179.83496765726014,
            179.82592421916152,
            179.86289672679385,
            179.7617684173212,
            179.98374344888282,
            179.83787485382427,
            179.8216235729567,
            179.82194484746833,
            179.7932273155872,
            179.77216198584577,
            179.8009500048533,
            179.7852484589904,
            179.81920390494852,
            179.7982196834485,
            179.79453407571955,
            179.80539301794875,
            179.80439844048414,
            179.8828644492321,
            179.82041551762936,
            179.81989594743916,
            179.7850393348333
        ],
        "e_kinetic": [
            218.54103129151923,
            211.41736891515617,
            214.23440817268522,
            214.36267838688647,
            215.07142677803836,
            214.68952018026653,
            214.73789782294898,
            214.8177087024251,
            214.79094438642773,
            214.77908026886553,
            214.79557011740852,
            214.78928811527186,
            214.7979830022607,
            214.78934690948495,
            214.75598456251927,
            214.81219433422672,
            214.76305260914327,
            214.7638412933341,
            214.7606077906767,
            214.77349525003663,
            214.80227020348389,
            214.80690298905486,
            214.88014430431102,
            214.77651367008357,
            214.78933477530072,
            214.790563803595,
            214.7909594676996,
            214.76141165655096,
            214.837638498357,
            214.78678453010508,
            214.7830293495727,
            214.82576490279902,
            214.75219954127522,
            214.88112395255885,
            214.79290587548246,
            214.78727984919635,
            214.795578125652,
            214.77951634801533,
            214.74986415012134,
            214.7768665714953,
            214.75980520087913,
            214.7859041670187,
            214.775991140014,
            214.772736896562,
            214.78107653016704,
            214.76821273037442,
            214.82521219405731,
            214.77666249063327,
            214.78001926519175,
            214.762761276976
        ],
        "e_local": [
            0.0,
            0.0,
            0.0,
            0.0,
            0.0,
            0.0,
            0.0,
            0.0,
            0.0,
            0.0,
            0.0,
            0.0,
            0.0,
            0.0,
            0.0,
            0.0,
            0.0,
            0.0,
            0.0,
            0.0,
            0.0,
            0.0,
            0.0,
            0.0,
            0.0,
            0.0,
            0.0,
            0.0,
            0.0,
            0.0,
            0.0,
            0.0,
            0.0,
            0.0,
            0.0,
            0.0,
            0.0,
            0.0,
            0.0,
            0.0,
            0.0,
            0.0,
            0.0,
            0.0,
            0.0,
            0.0,
            0.0,
            0.0,
            0.0,
            0.0
        ],