{
    "calcinfo_nalpha": 9,
    "calcinfo_natom": 6,
    "calcinfo_nbeta": 9,
    "calcinfo_nmo": 18,
    "molecule": {
        "geometry": [
            [
                1.255515963629746,
                -0.037844998786759364,
                0.0
            ],
            [
                -1.4109673537061151,
                0.22978266858719631,
                0.0
            ],
            [
                2.040168303528129,
                1.8596040806828074,
                0.0
            ],
            [
                -2.149944856049792,
                -1.4186665850894307,
                0.0
            ],
            [
                1.9322098001960535,
                -1.0260644257851956,
                1.6809901211924756
            ],
            [
                1.9322098001960535,
                -1.0260644257851956,
                -1.6809901211924756
            ]
        ],
        "symbols": [
            "C",
            "O",
            "H",
            "H",
            "H",
            "H"
        ]
    },
    "parameters": {
        "charge": 0.0,
        "conv_only_dens": false,
        "dconv": 0.0001,
        "derivatives": false,
        "dipole": false,
        "econv": 1e-05,
        "ginitial_hessian": false,
        "gmaxiter": 20,
        "gopt": false,
        "gprec": 0.0001,
        "gtest": false,
        "gtol": 0.0001,
        "gval": 1e-05,
        "k": -1,
        "l": 52.15,
        "lo": 0.001329,
        "loadbalparts": 2,
        "maxiter": 25,
        "maxrotn": 0.25,
        "maxsub": 10,
        "nalpha": 9,
        "nbeta": 9,
        "nio": 1,
        "nmo_alpha": 9,
        "nmo_beta": 9,
        "no_compute": false,
        "noiter": false,
        "nopen": 0,
        "npt_plot": 101,
        "nv_factor": 1,
        "nvalpha": 0,
        "nvbeta": 0,
        "orbitalshift": 0.0,
        "plot_cell": [],
        "plotcoul": false,
        "plotdens": false,
        "plothi": -1,
        "plotlo": 0,
        "print_level": 3,
        "protocol": [
            0.0001,
            1e-06
        ],
        "psp_calc": false,
        "pure_ae": true,
        "restart": false,
        "restartao": false,
        "save": true,
        "smear": 0.0,
        "spin_restricted": true,
        "vnucextra": 2
    },
    "precision": {
        "dconv": 0.0001,
        "econv": 1e-05,
        "eprec": 0.0001,
        "k": 8,
        "thresh": 1e-06
    },
    "return_energy": -115.10156121833538,
    "scf_e_data": {
        "e_coulomb": [
            99.55030186494542,
            96.09439246213203,
            96.63324308125449,
            96.49002958588846,
            96.42161704808214,
            96.409671051452,
            96.41019297731273,
            96.40861142340623,
            96.4084706651934,
            96.40811529498438
        ],
        "e_kinetic": [
            116.95087656199597,
            114.52076261858656,
            115.01213038948477,
            114.99367921890126,
            114.98430884558957,
            114.98764216064714,
            114.99091417753382,
            114.99108437179866,
            114.99169447607952,
            114.9914372156756
        ],
        "e_local": [
            0.0,
            0.0,
            0.0,
            0.0,
            0.0,
            0.0,
            0.0,
            0.0,
            0.0,
            0.0
        ],
        "e_nrep": [
            40.393359957120474,
            40.393359957120474,
            40.393359957120474,
            40.393359957120474,
            40.393359957120474,
            40.393359957120474,
            40.393359957120474,
            40.393359957120474,
            40.393359957120474,
            40.393359957120474
        ],
        "e_nuclear": [
            -356.65675090799556,
            -351.3169042919864,
            -352.27937010947136,
            -352.1194280297889,
            -352.03997619118525,
            -352.02949095124814,
            -352.0326678213746,
            -352.03145445801306,
            -352.0314732077299,
            -352.0323374673961
        ],
        "e_pcm": [
            0.0,
            0.0,
            0.0,
            0.0,
            0.0,
            0.0,
            0.0,
            0.0,
            0.0,
            0.0
        ],
        "e_tot": [
            -114.88113122676796,
            -115.076982394928,
            -115.0946140464346,
            -115.09933651419604,
            -115.10026991526647,
            -115.10042988876575,
            -115.10044549596617,
            -115.10046558529015,
            -115.10004102819224,
            -115.10156121833538
        ],
        "e_xc": [
            -15.118918702834295,
            -14.768593140780634,
            -14.853977364822958,
            -14.856977246317383,
            -14.85957957487342,
            -14.861612106737228,
            -14.862244786558604,
            -14.862066879602462,
            -14.86209291885571,
            -14.862136218719762
        ],
        "iterations": 10
    },
    "scf_eigenvalues_a": {
        "dims": [
            9
        ],
        "size": 9,
        "vals": [
            -20.55134446174475,
            -11.262531345698804,
            -0.9254763006536662,
            -0.6793720306683257,
            -0.9848341679771997,
            -0.6793715717612225,
            -0.6760859665827552,
            -0.7116743554830038,
            -0.5037808491284648
        ]
    },
    "time": "2024-05-02 14:42:18",
    "wall_time": 27.46021604537964
}