{
    "calcinfo_nalpha": 14,
    "calcinfo_natom": 10,
    "calcinfo_nbeta": 12,
    "calcinfo_nmo": 26,
    "molecule": {
        "geometry": [
            [
                0.001329207346143956,
                -0.8497348698699956,
                2.636139176261297
            ],
            [
                0.0038296629648207443,
                1.3493808430255352,
                0.8234394955507164
            ],
            [
                0.005736995083263716,
                -0.7149824066637592,
                -3.6425813241023133
            ],
            [
                -1.5792187050860735,
                -2.118289994026511,
                2.267839679903147
            ],
            [
                1.7419014670853576,
                -1.9424179773797572,
                2.498399184729228
            ],
            [
                -0.16881640474222895,
                -0.19908545352280654,
                4.589599190669238
            ],
            [
                -1.7143616102670904,
                2.4726699068720106,
                0.7893144593639628
            ],
            [
                1.695968619031502,
                2.511631933102837,
                0.8336079704213795
            ],
            [
                -0.05397305418305482,
                0.3412711380650511,
                -1.5656414281229332
            ],
            [
                0.007387500712953616,
                0.9412214546022549,
                -4.672521819119911
            ]
        ],
        "symbols": [
            "C",
            "C",
            "N",
            "H",
            "H",
            "H",
            "H",
            "H",
            "H",
            "H"
        ]
    },
    "parameters": {
        "charge": 0.0,
        "conv_only_dens": false,
        "dconv": 0.0001,
        "derivatives": false,
        "dipole": false,
        "econv": 1e-05,
        "ginitial_hessian": false,
        "gmaxiter": 20,
        "gopt": false,
        "gprec": 0.0001,
        "gtest": false,
        "gtol": 0.0001,
        "gval": 1e-05,
        "k": -1,
        "l": 54.673,
        "lo": 0.0016603,
        "loadbalparts": 2,
        "maxiter": 25,
        "maxrotn": 0.25,
        "maxsub": 10,
        "nalpha": 14,
        "nbeta": 12,
        "nio": 1,
        "nmo_alpha": 14,
        "nmo_beta": 12,
        "no_compute": false,
        "noiter": false,
        "nopen": 2,
        "npt_plot": 101,
        "nv_factor": 1,
        "nvalpha": 0,
        "nvbeta": 0,
        "orbitalshift": 0.0,
        "plot_cell": [],
        "plotcoul": false,
        "plotdens": false,
        "plothi": -1,
        "plotlo": 0,
        "print_level": 3,
        "protocol": [
            0.0001,
            1e-06
        ],
        "psp_calc": false,
        "pure_ae": true,
        "restart": false,
        "restartao": false,
        "save": true,
        "smear": 0.0,
        "spin_restricted": false,
        "vnucextra": 2
    },
    "precision": {
        "dconv": 0.0001,
        "econv": 1e-05,
        "eprec": 0.0001,
        "k": 8,
        "thresh": 1e-06
    },
    "return_energy": -134.9031821619854,
    "scf_e_data": {
        "e_coulomb": [
            139.93100444962192,
            134.7950402071526,
            136.25422746800058,
            136.3338205624491,
            136.29032628915058,
            136.25271477375333,
            136.25390094768738,
            136.2541369210252,
            136.25479519706332,
            136.25668162607607,
            136.25588954815007,
            136.25466387456083,
            136.25574165330963,
            136.25450835736206,
            136.25431311972784,
            136.25479857463003,
            136.25318170373725,
            136.25358161736608,
            136.25491315369266,
            136.2543973565734,
            136.2547357539015,
            136.25408500058305,
            136.25481464501428,
            136.2549341112719,
            136.25566797482944,
            136.25538471843538,
            136.25711640524574,
            136.26005952989388
        ],
        "e_kinetic": [
            136.05045786592314,
            133.19766388553387,
            134.14600201199417,
            134.32821485813574,
            134.3618963477732,
            134.3590307048513,
            134.35880208508578,
            134.36020160306052,
            134.35944600981986,
            134.3609030980686,
            134.36042286615248,
            134.3592759065174,
            134.36042597351042,
            134.35971291727117,
            134.35983611108463,
            134.35983550953324,
            134.3610675666717,
            134.3592411492803,
            134.35970799071987,
            134.3600473092353,
            134.359996885108,
            134.35954564283304,
            134.35971830796552,
            134.35979007936072,
            134.36011094085,
            134.3610359678168,
            134.3606758857889,
            134.36367059721894
        ],
        "e_local": [
            0.0,
            0.0,
            0.0,
            0.0,
            0.0,
            0.0,
            0.0,
            0.0,
            0.0,
            0.0,
            0.0,
            0.0,
            0.0,
            0.0,
            0.0,
            0.0,
            0.0,
            0.0,
            0.0,
            0.0,
            0.0,
            0.0,
            0.0,
            0.0,
            0.0,
            0.0,
            0.0,
            0.0
        ],
        "e_nrep": [
            71.85719635448817,
            71.85719635448817,
            71.85719635448817,
            71.85719635448817,
            71.85719635448817,
            71.85719635448817,
            71.85719635448817,
            71.85719635448817,
            71.85719635448817,
            71.85719635448817,
            71.85719635448817,
            71.85719635448817,
            71.85719635448817,
            71.85719635448817,
            71.85719635448817,
            71.85719635448817,
            71.85719635448817,
            71.85719635448817,
            71.85719635448817,
            71.85719635448817,
            71.85719635448817,
            71.85719635448817,
            71.85719635448817,
            71.85719635448817,
            71.85719635448817,
            71.85719635448817,
            71.85719635448817,
            71.85719635448817
        ],
        "e_nuclear": [
            -462.1015319614222,
            -454.8485534872891,
            -457.11030007188106,
            -457.3522543837304,
            -457.3409319461555,
            -457.300324378433,
            -457.3014230710661,
            -457.30285411541024,
            -457.3029798874212,
            -457.3051414648777,
            -457.30425807540115,
            -457.30246813034086,
            -457.30416458833054,
            -457.3026206545435,
            -457.3025730784543,
            -457.30315940517477,
            -457.30158801539164,
            -457.3014767964742,
            -457.3032254728317,
            -457.30263126460534,
            -457.30301140405663,
            -457.30220903470956,
            -457.3031238237618,
            -457.3032897935248,
            -457.3042571018787,
            -457.3042581906745,
            -457.3079487534208,
            -457.31348118332147
        ],
        "e_pcm": [
            0.0,
            0.0,
            0.0,
            0.0,
            0.0,
            0.0,
            0.0,
            0.0,
            0.0,
            0.0,
            0.0,
            0.0,
            0.0,
            0.0,
            0.0,
            0.0,
            0.0,
            0.0,
            0.0,
            0.0,
            0.0,
            0.0,
            0.0,
            0.0,
            0.0,
            0.0,
            0.0,
            0.0
        ],