{
    "calcinfo_nalpha": 9,
    "calcinfo_natom": 4,
    "calcinfo_nbeta": 9,
    "calcinfo_nmo": 18,
    "molecule": {
        "geometry": [
            [
                -0.23888201900611628,
                3.2356220370945095e-09,
                0.0
            ],
            [
                1.1944100847308206,
                -1.1256551029756698,
                1.9496917918083914
            ],
            [
                1.1944100847308206,
                -1.1256551029756698,
                -1.9496917918083914
            ],
            [
                1.194410115630105,
                2.251310157417009,
                0.0
            ]
        ],
        "symbols": [
            "P",
            "H",
            "H",
            "H"
        ]
    },
    "parameters": {
        "charge": 0.0,
        "conv_only_dens": false,
        "dconv": 0.0001,
        "derivatives": false,
        "dipole": false,
        "econv": 1e-05,
        "ginitial_hessian": false,
        "gmaxiter": 20,
        "gopt": false,
        "gprec": 0.0001,
        "gtest": false,
        "gtol": 0.0001,
        "gval": 1e-05,
        "k": -1,
        "l": 52.251,
        "lo": 0.00046616,
        "loadbalparts": 2,
        "maxiter": 25,
        "maxrotn": 0.25,
        "maxsub": 10,
        "nalpha": 9,
        "nbeta": 9,
        "nio": 1,
        "nmo_alpha": 9,
        "nmo_beta": 9,
        "no_compute": false,
        "noiter": false,
        "nopen": 0,
        "npt_plot": 101,
        "nv_factor": 1,
        "nvalpha": 0,
        "nvbeta": 0,
        "orbitalshift": 0.0,
        "plot_cell": [],
        "plotcoul": false,
        "plotdens": false,
        "plothi": -1,
        "plotlo": 0,
        "print_level": 3,
        "protocol": [
            0.0001,
            1e-06
        ],
        "psp_calc": false,
        "pure_ae": true,
        "restart": false,
        "restartao": false,
        "save": true,
        "smear": 0.0,
        "spin_restricted": true,
        "vnucextra": 2
    },
    "precision": {
        "dconv": 0.0001,
        "econv": 1e-05,
        "eprec": 0.0001,
        "k": 8,
        "thresh": 1e-06
    },
    "return_energy": -342.99654833577506,
    "scf_e_data": {
        "e_coulomb": [
            172.8867063137902,
            172.0340003017505,
            172.35364921115706,
            172.32800649777056,
            172.3510070981497,
            172.3525966889615,
            172.34697731329248,
            172.3441069885781,
            172.34397237327167,
            172.341254133722
        ],
        "e_kinetic": [
            342.68421788146634,
            342.06078059201326,
            342.40498429653576,
            342.47840437943114,
            342.52789982392295,
            342.52452877412054,
            342.5100945421912,
            342.5035421196187,
            342.50400764134446,
            342.50000953349553
        ],
        "e_local": [
            0.0,
            0.0,
            0.0,
            0.0,
            0.0,
            0.0,
            0.0,
            0.0,
            0.0,
            0.0
        ],
        "e_nrep": [
            17.63059054613049,
            17.63059054613049,
            17.63059054613049,
            17.63059054613049,
            17.63059054613049,
            17.63059054613049,
            17.63059054613049,
            17.63059054613049,
            17.63059054613049,
            17.63059054613049
        ],
        "e_nuclear": [
            -851.9193061754356,
            -850.586350030025,
            -851.2332179576521,
            -851.2835628254362,
            -851.3538186460038,
            -851.351312730889,
            -851.3314458190546,
            -851.3221810778408,
            -851.3221912884721,
            -851.3169854247963
        ],
        "e_pcm": [
            0.0,
            0.0,
            0.0,
            0.0,
            0.0,
            0.0,
            0.0,
            0.0,
            0.0,
            0.0
        ],
        "e_tot": [
            -342.90514372088285,
            -342.98293491034826,
            -342.9915917166978,
            -342.99438333394517,
            -342.9953921819513,
            -342.9955854720421,
            -342.9955763819895,
            -342.99562646535674,
            -342.99530075624136,
            -342.99654833577506
        ],
        "e_xc": [
            -24.187352286834322,
            -24.121956320217546,
            -24.147597812869115,
            -24.14782193184118,
            -24.15107100415057,
            -24.151988750365597,
            -24.151792964549173,
            -24.151685041843308,
            -24.151680028515898,
            -24.151417124326805
        ],
        "iterations": 10
    },
    "scf_eigenvalues_a": {
        "dims": [
            9
        ],
        "size": 9,
        "vals": [
            -76.285164423972,
            -5.695845951633203,
            -4.5175758425284265,
            -4.826981477600047,
            -4.801396583671332,
            -0.4108513235863047,
            -0.41086586463312935,
            -0.41085170389898673,
            -0.30560492090936653
        ]
    },
    "time": "2024-05-03 21:59:10",
    "wall_time": 23.84622621536255
}