{
    "calcinfo_nalpha": 5,
    "calcinfo_natom": 1,
    "calcinfo_nbeta": 5,
    "calcinfo_nmo": 10,
    "molecule": {
        "geometry": [
            [
                0.0,
                0.0,
                0.0
            ]
        ],
        "symbols": [
            "F"
        ]
    },
    "parameters": {
        "charge": -1.0,
        "conv_only_dens": false,
        "dconv": 0.0001,
        "derivatives": false,
        "dipole": false,
        "econv": 1e-05,
        "ginitial_hessian": false,
        "gmaxiter": 20,
        "gopt": false,
        "gprec": 0.0001,
        "gtest": false,
        "gtol": 0.0001,
        "gval": 1e-05,
        "k": -1,
        "l": 50.0,
        "lo": 0.0010921,
        "loadbalparts": 2,
        "maxiter": 25,
        "maxrotn": 0.25,
        "maxsub": 10,
        "nalpha": 5,
        "nbeta": 5,
        "nio": 1,
        "nmo_alpha": 5,
        "nmo_beta": 5,
        "no_compute": false,
        "noiter": false,
        "nopen": 0,
        "npt_plot": 101,
        "nv_factor": 1,
        "nvalpha": 0,
        "nvbeta": 0,
        "orbitalshift": 0.0,
        "plot_cell": [],
        "plotcoul": false,
        "plotdens": false,
        "plothi": -1,
        "plotlo": 0,
        "print_level": 3,
        "protocol": [
            0.0001,
            1e-06
        ],
        "psp_calc": false,
        "pure_ae": true,
        "restart": false,
        "restartao": false,
        "save": true,
        "smear": 0.0,
        "spin_restricted": true,
        "vnucextra": 2
    },
    "precision": {
        "dconv": 0.0001,
        "econv": 1e-05,
        "eprec": 0.0001,
        "k": 8,
        "thresh": 1e-06
    },
    "return_energy": -99.45935598496808,
    "scf_e_data": {
        "e_coulomb": [
            58.83713636730841,
            52.99232647384495,
            54.55959748699577,
            54.83309130151629,
            54.838039564816064,
            54.837902282546224,
            54.83828975473846,
            54.83823585147244,
            54.83941357996701
        ],
        "e_kinetic": [
            102.36634435149527,
            97.6757667030053,
            99.12060232611715,
            99.42342820259208,
            99.43908096708005,
            99.45019889709577,
            99.45122377048564,
            99.45127194370902,
            99.45684519652816
        ],
        "e_local": [
            0.0,
            0.0,
            0.0,
            0.0,
            0.0,
            0.0,
            0.0,
            0.0,
            0.0
        ],
        "e_nrep": [
            0.0,
            0.0,
            0.0,
            0.0,
            0.0,
            0.0,
            0.0,
            0.0,
            0.0
        ],
        "e_nuclear": [
            -249.6530742086042,
            -240.06203454419213,
            -242.90129193831405,
            -243.44174158361596,
            -243.462013352854,
            -243.47324481650998,
            -243.47469374825903,
            -243.47470804567564,
            -243.4813676991484
        ],
        "e_pcm": [
            0.0,
            0.0,
            0.0,
            0.0,
            0.0,
            0.0,
            0.0,
            0.0,
            0.0
        ],
        "e_tot": [
            -99.2472949158505,
            -99.41531235435751,
            -99.45771621360132,
            -99.45908571224226,
            -99.45911317382999,
            -99.4591277018651,
            -99.45912659197988,
            -99.45913497174709,
            -99.45935598496808
        ],
        "e_xc": [
            -10.797701426049981,
            -10.021370987015596,
            -10.23662408840018,
            -10.273863632734656,
            -10.27422035287208,
            -10.273984064997137,
            -10.273946368944943,
            -10.273934721252887,
            -10.27424706231485
        ],
        "iterations": 9
    },
    "scf_eigenvalues_a": {
        "dims": [
            5
        ],
        "size": 5,
        "vals": [
            -25.82851889730314,
            -1.0756592211174443,
            -0.18097226132126165,
            -0.1809722605959978,
            -0.180972110348665
        ]
    },
    "time": "2024-05-03 15:09:40",
    "wall_time": 15.443236827850342
}