{
    "calcinfo_nalpha": 18,
    "calcinfo_natom": 6,
    "calcinfo_nbeta": 18,
    "calcinfo_nmo": 36,
    "molecule": {
        "geometry": [
            [
                -5.005018954776318,
                8.548079739339537e-10,
                0.0
            ],
            [
                -2.3435787469627,
                6.873658870198777e-10,
                0.0
            ],
            [
                -1.6750687011306722,
                -0.9682200807999811,
                -1.6770063517372167
            ],
            [
                -1.6750687011306722,
                -0.9682200807999811,
                1.6770063517372167
            ],
            [
                -1.6750687009479281,
                1.936440144638622,
                0.0
            ],
            [
                3.772461716351314,
                3.0258077111846965e-10,
                0.0
            ]
        ],
        "symbols": [
            "F",
            "C",
            "H",
            "H",
            "H",
            "Cl"
        ]
    },
    "parameters": {
        "charge": -1.0,
        "conv_only_dens": false,
        "dconv": 0.0001,
        "derivatives": false,
        "dipole": false,
        "econv": 1e-05,
        "ginitial_hessian": false,
        "gmaxiter": 20,
        "gopt": false,
        "gprec": 0.0001,
        "gtest": false,
        "gtol": 0.0001,
        "gval": 1e-05,
        "k": -1,
        "l": 55.005,
        "lo": 0.00037839,
        "loadbalparts": 2,
        "maxiter": 25,
        "maxrotn": 0.25,
        "maxsub": 10,
        "nalpha": 18,
        "nbeta": 18,
        "nio": 1,
        "nmo_alpha": 18,
        "nmo_beta": 18,
        "no_compute": false,
        "noiter": true,
        "nopen": 0,
        "npt_plot": 101,
        "nv_factor": 1,
        "nvalpha": 0,
        "nvbeta": 0,
        "orbitalshift": 0.0,
        "plot_cell": [],
        "plotcoul": false,
        "plotdens": false,
        "plothi": -1,
        "plotlo": 0,
        "print_level": 3,
        "protocol": [
            1e-06
        ],
        "psp_calc": false,
        "pure_ae": true,
        "restart": true,
        "restartao": false,
        "save": true,
        "smear": 0.0,
        "spin_restricted": true,
        "vnucextra": 2
    },
    "precision": {
        "dconv": 0.0001,
        "econv": 1e-05,
        "eprec": 0.0001,
        "k": 8,
        "thresh": 1e-06
    },
    "return_energy": -599.7440836262118,
    "scf_e_data": {
        "e_coulomb": [
            360.59388992195375
        ],
        "e_kinetic": [
            598.6332980749354
        ],
        "e_local": [
            0.0
        ],
        "e_nrep": [
            79.90971342577299
        ],
        "e_nuclear": [
            -1593.731783436319
        ],
        "e_pcm": [
            0.0
        ],
        "e_tot": [
            -599.7440836262118
        ],
        "e_xc": [
            -45.1492016125551
        ],
        "iterations": 1
    },
    "scf_eigenvalues_a": {
        "dims": [
            18
        ],
        "size": 18,
        "vals": [
            -104.51693575354457,
            -26.13125299882475,
            -11.140561206093022,
            -10.2412653281248,
            -7.710945450214524,
            -7.709223283264695,
            -7.711048392233998,
            -1.0432159021128427,
            -0.7518638348066702,
            -0.54694763193443,
            -0.9650732398976372,
            -0.5469486138669692,
            -0.5469507320692488,
            -0.49348635849121303,
            -0.49348403647827777,
            -0.17130372237419467,
            -0.16874932284848976,
            -0.1687490458605354
        ]
    },
    "time": "2024-05-03 15:24:13",
    "wall_time": 8.114703178405762
}