{
    "calcinfo_nalpha": 10,
    "calcinfo_natom": 5,
    "calcinfo_nbeta": 9,
    "calcinfo_nmo": 19,
    "molecule": {
        "geometry": [
            [
                -0.21023042716351176,
                0.00016473053677061223,
                -0.41088103574429763
            ],
            [
                1.610351981065231,
                1.9552457596178163,
                -0.46602671740101387
            ],
            [
                1.628237335494355,
                -1.9370744523918015,
                -0.4963582071236875
            ],
            [
                -0.28464170705626657,
                -0.02069779240593237,
                2.393180205855198
            ],
            [
                0.19950879794935844,
                5.552712835850249e-05,
                4.732420254833963
            ]
        ],
        "symbols": [
            "P",
            "H",
            "H",
            "H",
            "H"
        ]
    },
    "parameters": {
        "charge": 0.0,
        "conv_only_dens": false,
        "dconv": 0.0001,
        "derivatives": false,
        "dipole": false,
        "econv": 1e-05,
        "ginitial_hessian": false,
        "gmaxiter": 20,
        "gopt": false,
        "gprec": 0.0001,
        "gtest": false,
        "gtol": 0.0001,
        "gval": 1e-05,
        "k": -1,
        "l": 54.732,
        "lo": 0.00046616,
        "loadbalparts": 2,
        "maxiter": 25,
        "maxrotn": 0.25,
        "maxsub": 10,
        "nalpha": 10,
        "nbeta": 9,
        "nio": 1,
        "nmo_alpha": 10,
        "nmo_beta": 9,
        "no_compute": false,
        "noiter": false,
        "nopen": 1,
        "npt_plot": 101,
        "nv_factor": 1,
        "nvalpha": 0,
        "nvbeta": 0,
        "orbitalshift": 0.0,
        "plot_cell": [],
        "plotcoul": false,
        "plotdens": false,
        "plothi": -1,
        "plotlo": 0,
        "print_level": 3,
        "protocol": [
            0.0001,
            1e-06
        ],
        "psp_calc": false,
        "pure_ae": true,
        "restart": false,
        "restartao": false,
        "save": true,
        "smear": 0.0,
        "spin_restricted": false,
        "vnucextra": 2
    },
    "precision": {
        "dconv": 0.0001,
        "econv": 1e-05,
        "eprec": 0.0001,
        "k": 8,
        "thresh": 1e-06
    },
    "return_energy": -342.978154495545,
    "scf_e_data": {
        "e_coulomb": [
            176.20469678613767,
            175.62872612321792,
            175.653878473837,
            175.6643438075542,
            175.68217615688104,
            175.68568985056166,
            175.69173653479703,
            175.69415189096839,
            175.69697054279806,
            175.69843506333464,
            175.69852000450223,
            175.69834286892615,
            175.69498150034104,
            175.69583439272859
        ],
        "e_kinetic": [
            343.05045444348013,
            342.83966874315263,
            342.960629435757,
            342.98150000877115,
            342.9771800004916,
            342.9810811281533,
            342.9866899440394,
            342.9840418313314,
            342.9807900427288,
            342.9797277450965,
            342.97908626978233,
            342.9797348535618,
            342.9686305248366,
            342.9668591320305
        ],
        "e_local": [
            0.0,
            0.0,
            0.0,
            0.0,
            0.0,
            0.0,
            0.0,
            0.0,
            0.0,
            0.0,
            0.0,
            0.0,
            0.0,
            0.0
        ],
        "e_nrep": [
            21.01063517422952,
            21.01063517422952,
            21.01063517422952,
            21.01063517422952,
            21.01063517422952,
            21.01063517422952,
            21.01063517422952,
            21.01063517422952,
            21.01063517422952,
            21.01063517422952,
            21.01063517422952,
            21.01063517422952,
            21.01063517422952,
            21.01063517422952
        ],
        "e_nuclear": [
            -859.2069508400516,
            -858.5152743278477,
            -858.6498568380616,
            -858.6641571354605,
            -858.6640635796315,
            -858.6671224059107,
            -858.6796219419563,
            -858.679366413972,
            -858.6797349404967,
            -858.6801953842744,
            -858.6796011462803,
            -858.6796080546459,
            -858.6673117602809,
            -858.6663963185035
        ],
        "e_pcm": [
            0.0,
            0.0,
            0.0,
            0.0,
            0.0,
            0.0,
            0.0,
            0.0,
            0.0,
            0.0,
            0.0,
            0.0,
            0.0,
            0.0
        ],
        "e_tot": [
            -342.8458991777892,
            -342.944609909675,
            -342.9663861102749,
            -342.97435104698116,
            -342.97617440610975,
            -342.9765960149265,
            -342.97672956863767,
            -342.9769477018217,
            -342.9769519525104,
            -342.97699043860393,
            -342.9769863487156,
            -342.9765323647757,
            -342.9781498105232,
            -342.978154495545
        ],
        "e_xc": [
            -23.904734741584953,
            -23.908365622427407,
            -23.941672356036904,
            -23.966672902075516,
            -23.982102158080416,
            -23.986879761960186,
            -23.986169279747358,
            -23.986410184378933,
            -23.985612771770036,
            -23.985593036990203,
            -23.985626650949452,
            -23.98563720684732,
            -23.98508524964943,
            -23.98508687603014
        ],
        "iterations": 14
    },
    "scf_eigenvalues_a": {
        "dims": [
            10
        ],
        "size": 10,
        "vals": [
            -79.94548950334807,
            -6.021984804525285,
            -6.0198348949337035,
            -5.839391101140947,
            -5.765623767498614,
            -0.6153117989289156,
            -0.5965083832876912,
            -0.6153124653242714,
            -0.48132710186716565,
            -0.5011391872201082
        ]
    },
    "scf_eigenvalues_b": {
        "dims": [
            9
        ],
        "size": 9,
        "vals": [
            -79.94248857194333,
            -7.031173660847031,
            -5.383599942984873,
            -5.807749939261811,
            -5.40572991382343,
            -0.6148896172023492,
            -0.591265986058606,
            -0.6148936078665241,
            -0.4843279044740203
        ]
    },
    "time": "2024-05-02 15:37:51",
    "wall_time": 88.71067595481873
}