{
    "calcinfo_nalpha": 14,
    "calcinfo_natom": 7,
    "calcinfo_nbeta": 14,
    "calcinfo_nmo": 28,
    "molecule": {
        "geometry": [
            [
                -0.00024098191913631296,
                -0.024903842871562706,
                -3.497159921229458
            ],
            [
                0.0005086736927026596,
                0.02000501893689609,
                -0.17169466184178667
            ],
            [
                -0.02220624898028849,
                2.0400505182983446,
                -0.07730249974972164
            ],
            [
                -1.7441077100707425,
                -0.9978032698761474,
                -0.07022793964228093
            ],
            [
                1.767142467645295,
                -0.9589620316350473,
                -0.07083783532623415
            ],
            [
                -0.00022354448401626495,
                0.19514494022072965,
                3.576880636006722
            ],
            [
                7.664239387725804e-05,
                -1.5403402663302999,
                4.107930448780289
            ]
        ],
        "symbols": [
            "F",
            "C",
            "H",
            "H",
            "H",
            "O",
            "H"
        ]
    },
    "parameters": {
        "charge": -1.0,
        "conv_only_dens": false,
        "dconv": 0.0001,
        "derivatives": false,
        "dipole": false,
        "econv": 1e-05,
        "ginitial_hessian": false,
        "gmaxiter": 20,
        "gopt": false,
        "gprec": 0.0001,
        "gtest": false,
        "gtol": 0.0001,
        "gval": 1e-05,
        "k": -1,
        "l": 54.108,
        "lo": 0.0010921,
        "loadbalparts": 2,
        "maxiter": 25,
        "maxrotn": 0.25,
        "maxsub": 10,
        "nalpha": 14,
        "nbeta": 14,
        "nio": 1,
        "nmo_alpha": 14,
        "nmo_beta": 14,
        "no_compute": false,
        "noiter": false,
        "nopen": 0,
        "npt_plot": 101,
        "nv_factor": 1,
        "nvalpha": 0,
        "nvbeta": 0,
        "orbitalshift": 0.0,
        "plot_cell": [],
        "plotcoul": false,
        "plotdens": false,
        "plothi": -1,
        "plotlo": 0,
        "print_level": 3,
        "protocol": [
            0.0001,
            1e-06
        ],
        "psp_calc": false,
        "pure_ae": true,
        "restart": false,
        "restartao": false,
        "save": true,
        "smear": 0.0,
        "spin_restricted": true,
        "vnucextra": 2
    },
    "precision": {
        "dconv": 0.0001,
        "econv": 1e-05,
        "eprec": 0.0001,
        "k": 8,
        "thresh": 1e-06
    },
    "return_energy": -214.5152324725288,
    "scf_e_data": {
        "e_coulomb": [
            189.7005090968387,
            179.1793912016344,
            182.58115542425975,
            182.82747449159922,
            182.96860403254107,
            182.90668913549706,
            182.87849380800884,
            182.89905998384032,
            182.91098241042502,
            182.90921011198722,
            182.91038432849513,
            182.91225985179975,
            182.91185301141164,
            182.9114626774491
        ],
        "e_kinetic": [
            218.80383063104455,
            211.332795125304,
            214.0180978641171,
            214.2719601878326,
            214.46143455925537,
            214.42885712853055,
            214.41292387171174,
            214.4279754695592,
            214.4328107383663,
            214.42928878979413,
            214.4300048934492,
            214.43138597575,
            214.4322160491691,
            214.43529303485184
        ],
        "e_local": [
            0.0,
            0.0,
            0.0,
            0.0,
            0.0,
            0.0,
            0.0,
            0.0,
            0.0,
            0.0,
            0.0,
            0.0,
            0.0,
            0.0
        ],
        "e_nrep": [
            69.00549267049327,
            69.00549267049327,
            69.00549267049327,
            69.00549267049327,
            69.00549267049327,
            69.00549267049327,
            69.00549267049327,
            69.00549267049327,
            69.00549267049327,
            69.00549267049327,
            69.00549267049327,
            69.00549267049327,
            69.00549267049327,
            69.00549267049327
        ],
        "e_nuclear": [
            -665.8468654689078,
            -649.3597913378297,
            -655.1054096643264,
            -655.5683986043082,
            -655.870004294595,
            -655.7771390510035,
            -655.7314142788717,
            -655.7620493008174,
            -655.7754616679701,
            -655.7705771385295,
            -655.7726149098145,
            -655.7756269421623,
            -655.7756801684703,
            -655.7803667970592
        ],
        "e_pcm": [
            0.0,
            0.0,
            0.0,
            0.0,
            0.0,
            0.0,
            0.0,
            0.0,
            0.0,
            0.0,
            0.0,
            0.0,
            0.0,
            0.0
        ],
        "e_tot": [
            -214.091770652508,
            -214.40403315213365,
            -214.4990380995157,
            -214.5078960221719,
            -214.51104721806382,
            -214.51227802839946,
            -214.51297775266022,
            -214.51326785796368,
            -214.51338841972375,
            -214.51341470541985,
            -214.51342417985876,
            -214.5134265868258,
            -214.51303155090704,
            -214.5152324725288
        ],
        "e_xc": [
            -25.754737581976645,
            -24.561920811735565,
            -24.99837439405931,
            -25.044424767788836,
            -25.07657418575855,
            -25.076177911916865,
            -25.078473824002348,
            -25.08374668103906,
            -25.087212571038126,
            -25.08682913916501,
            -25.0866911624819,
            -25.0869381427065,
            -25.08691311351074,
            -25.087114058263804
        ],
        "iterations": 14
    },
    "scf_eigenvalues_a": {
        "dims": [
            14
        ],
        "size": 14,
        "vals": [
            -25.961242593656756,
            -20.2540917707316,
            -11.107850080765115,
            -1.0430359630169477,
            -0.7184324286225661,
            -0.5252069393531009,
            -0.5207956571227761,
            -0.5251828876806273,
            -0.5222188102848544,
            -0.5191356906803768,
            -0.32495251895195487,
            -0.32492734730596373,
            -0.19929688622848296,
            -0.30181869031884023
        ]
    },
    "time": "2024-05-03 15:07:44",
    "wall_time": 62.9030921459198
}