{
    "calcinfo_nalpha": 14,
    "calcinfo_natom": 6,
    "calcinfo_nbeta": 14,
    "calcinfo_nmo": 28,
    "molecule": {
        "geometry": [
            [
                0.0001448052422475816,
                0.00041936707623984546,
                -3.446200583842594
            ],
            [
                -0.000404049287058325,
                -0.0007317600689577353,
                -0.00044630636908326573
            ],
            [
                1.9375253324821573,
                -0.5750851322002991,
                -0.000295157118861582
            ],
            [
                -0.4721305577331611,
                1.9646927783315313,
                -0.0007166251362604509
            ],
            [
                -1.4656465818986566,
                -1.3931261350065454,
                5.454986985272222e-06
            ],
            [
                0.00015253952130911711,
                0.000459416178100112,
                3.446609935562887
            ]
        ],
        "symbols": [
            "F",
            "C",
            "H",
            "H",
            "H",
            "F"
        ]
    },
    "parameters": {
        "charge": -1.0,
        "conv_only_dens": false,
        "dconv": 0.0001,
        "derivatives": false,
        "dipole": false,
        "econv": 1e-05,
        "ginitial_hessian": false,
        "gmaxiter": 20,
        "gopt": false,
        "gprec": 0.0001,
        "gtest": false,
        "gtol": 0.0001,
        "gval": 1e-05,
        "k": -1,
        "l": 53.447,
        "lo": 0.0010921,
        "loadbalparts": 2,
        "maxiter": 25,
        "maxrotn": 0.25,
        "maxsub": 10,
        "nalpha": 14,
        "nbeta": 14,
        "nio": 1,
        "nmo_alpha": 14,
        "nmo_beta": 14,
        "no_compute": false,
        "noiter": false,
        "nopen": 0,
        "npt_plot": 101,
        "nv_factor": 1,
        "nvalpha": 0,
        "nvbeta": 0,
        "orbitalshift": 0.0,
        "plot_cell": [],
        "plotcoul": false,
        "plotdens": false,
        "plothi": -1,
        "plotlo": 0,
        "print_level": 3,
        "protocol": [
            0.0001,
            1e-06
        ],
        "psp_calc": false,
        "pure_ae": true,
        "restart": false,
        "restartao": false,
        "save": true,
        "smear": 0.0,
        "spin_restricted": true,
        "vnucextra": 2
    },
    "precision": {
        "dconv": 0.0001,
        "econv": 1e-05,
        "eprec": 0.0001,
        "k": 8,
        "thresh": 1e-06
    },
    "return_energy": -239.4780497183595,
    "scf_e_data": {
        "e_coulomb": [
            199.6892765645519,
            186.07228356659087,
            192.69650784211916,
            193.13855888720522,
            193.18483886421473,
            193.11751707491732,
            193.11820738302362,
            193.1423286020509,
            193.1400790466251,
            193.13236034938518,
            193.13205249612258,
            193.13381287820908,
            193.1344385668891,
            193.13404223535863,
            193.13263190422927,
            193.14361037255188
        ],
        "e_kinetic": [
            242.470083829947,
            232.92893564309662,
            237.99092124399144,
            238.597261319723,
            238.74187999764698,
            238.74197599852195,
            238.74745066029067,
            238.7736778212734,
            238.77952331033924,
            238.773227197631,
            238.77149148326546,
            238.77183087456896,
            238.77215230677965,
            238.77283139658243,
            238.78092255385806,
            238.7922004363977
        ],
        "e_local": [
            0.0,
            0.0,
            0.0,
            0.0,
            0.0,
            0.0,
            0.0,
            0.0,
            0.0,
            0.0,
            0.0,
            0.0,
            0.0,
            0.0,
            0.0,
            0.0
        ],
        "e_nrep": [
            66.36612630402315,
            66.36612630402315,
            66.36612630402315,
            66.36612630402315,
            66.36612630402315,
            66.36612630402315,
            66.36612630402315,
            66.36612630402315,
            66.36612630402315,
            66.36612630402315,
            66.36612630402315,
            66.36612630402315,
            66.36612630402315,
            66.36612630402315,
            66.36612630402315,
            66.36612630402315
        ],
        "e_nuclear": [
            -719.5595928648356,
            -698.070356285438,
            -709.2137068579489,
            -710.2087246216781,
            -710.3933824082198,
            -710.3329861837462,
            -710.3390282195395,
            -710.3863219067006,
            -710.389890323497,
            -710.3767535661843,
            -710.3747886115568,
            -710.3767193925675,
            -710.3776121424761,
            -710.3777318902116,
            -710.3868626764322,
            -710.4077702815018
        ],
        "e_pcm": [
            0.0,
            0.0,
            0.0,
            0.0,
            0.0,
            0.0,
            0.0,
            0.0,
            0.0,
            0.0,
            0.0,
            0.0,
            0.0,
            0.0,
            0.0,
            0.0
        ],
        "e_tot": [
            -239.13186901642223,
            -239.26041982540573,
            -239.46642360343913,
            -239.47345111373136,
            -239.47498594888054,
            -239.475373577269,
            -239.4754415166277,
            -239.4754807241231,
            -239.47549066168068,
            -239.4754997677918,
            -239.47550351385206,
            -239.47550497408622,
            -239.47550571928832,
            -239.47534301733037,
            -239.47804360105886,
            -239.4780497183595
        ],
        "e_xc": [
            -28.09776285010869,
            -26.557409053678402,
            -27.306272135624056,
            -27.366673003004642,
            -27.37444870654553,
            -27.36800677098523,
            -27.368197644425642,
            -27.371291544769996,
            -27.371328999171233,
            -27.37046005264684,
            -27.37038518570645,
            -27.370555638319992,
            -27.37061075450412,
            -27.370611063082926,
            -27.37086168673716,
            -27.372216549830384
        ],
        "iterations": 16
    },
    "scf_eigenvalues_a": {
        "dims": [
            14
        ],
        "size": 14,
        "vals": [
            -23.93746168030645,
            -23.937556947127632,
            -9.733484476071961,
            -0.654843174826337,
            -0.6550173068738214,
            -0.26680305017351746,
            -0.2668099003781963,
            -0.2667610654214705,
            -0.17364816146358386,
            -0.05131392661425371,
            -0.05131483569338613,
            -0.051290570099116195,
            -0.05128925008251617,
            -0.17329265039082564
        ]
    },
    "time": "2024-05-03 21:24:31",
    "wall_time": 59.408894062042236
}