{
    "calcinfo_nalpha": 10,
    "calcinfo_natom": 3,
    "calcinfo_nbeta": 9,
    "calcinfo_nmo": 19,
    "molecule": {
        "geometry": [
            [
                0.0,
                0.0,
                -4.216500311270222
            ],
            [
                0.0,
                0.0,
                -1.164480092365956
            ],
            [
                0.0,
                0.0,
                1.6329801269515367
            ]
        ],
        "symbols": [
            "H",
            "F",
            "F"
        ]
    },
    "parameters": {
        "charge": 0.0,
        "conv_only_dens": false,
        "dconv": 0.0001,
        "derivatives": false,
        "dipole": false,
        "econv": 1e-05,
        "ginitial_hessian": false,
        "gmaxiter": 20,
        "gopt": false,
        "gprec": 0.0001,
        "gtest": false,
        "gtol": 0.0001,
        "gval": 1e-05,
        "k": -1,
        "l": 54.217,
        "lo": 0.0010921,
        "loadbalparts": 2,
        "maxiter": 25,
        "maxrotn": 0.25,
        "maxsub": 10,
        "nalpha": 10,
        "nbeta": 9,
        "nio": 1,
        "nmo_alpha": 10,
        "nmo_beta": 9,
        "no_compute": false,
        "noiter": false,
        "nopen": 1,
        "npt_plot": 101,
        "nv_factor": 1,
        "nvalpha": 0,
        "nvbeta": 0,
        "orbitalshift": 0.0,
        "plot_cell": [],
        "plotcoul": false,
        "plotdens": false,
        "plothi": -1,
        "plotlo": 0,
        "print_level": 3,
        "protocol": [
            0.0001,
            1e-06
        ],
        "psp_calc": false,
        "pure_ae": true,
        "restart": false,
        "restartao": false,
        "save": true,
        "smear": 0.0,
        "spin_restricted": false,
        "vnucextra": 2
    },
    "precision": {
        "dconv": 0.0001,
        "econv": 1e-05,
        "eprec": 0.0001,
        "k": 8,
        "thresh": 1e-06
    },
    "return_energy": -199.29039179426763,
    "scf_e_data": {
        "e_coulomb": [
            135.66332451930214,
            133.8807572129473,
            134.20681129555325,
            133.81782589423165,
            133.4740573679606,
            133.44797530130342,
            133.14178226491316,
            133.1512547093218,
            133.02924475358262,
            133.02703753658915,
            133.12566392195794,
            133.2091411070157,
            133.28066262084812,
            133.18512203531643,
            133.3963451051696,
            133.32703416805697,
            133.27816211806353,
            133.2939102749929,
            133.28200670469502,
            133.28725895127468,
            133.28592757197043,
            133.28771074661745,
            133.28753207871617,
            133.2880872476066,
            133.28898731824657
        ],
        "e_kinetic": [
            199.7749467944483,
            198.5393840754009,
            199.11249881666035,
            199.0993260624277,
            199.21074557224392,
            199.5637413656964,
            199.21407788643984,
            199.3437330527209,
            199.28615995419239,
            199.27396878986553,
            199.36462316382853,
            199.38030827185577,
            199.476854607095,
            199.42758585531527,
            199.64590124131502,
            199.56743088800823,
            199.50967403388978,
            199.52552575952342,
            199.50980562879982,
            199.51478484799446,
            199.51283093438252,
            199.51473623450272,
            199.5151343773723,
            199.52467475909646,
            199.52910197881465
        ],
        "e_local": [
            0.0,
            0.0,
            0.0,
            0.0,
            0.0,
            0.0,
            0.0,
            0.0,
            0.0,
            0.0,
            0.0,
            0.0,
            0.0,
            0.0,
            0.0,
            0.0,
            0.0,
            0.0,
            0.0,
            0.0,
            0.0,
            0.0,
            0.0,
            0.0,
            0.0
        ],
        "e_nrep": [
            33.44229996089152,
            33.44229996089152,
            33.44229996089152,
            33.44229996089152,
            33.44229996089152,
            33.44229996089152,
            33.44229996089152,
            33.44229996089152,
            33.44229996089152,
            33.44229996089152,
            33.44229996089152,
            33.44229996089152,
            33.44229996089152,
            33.44229996089152,
            33.44229996089152,
            33.44229996089152,
            33.44229996089152,
            33.44229996089152,
            33.44229996089152,
            33.44229996089152,
            33.44229996089152,
            33.44229996089152,
            33.44229996089152,
            33.44229996089152,
            33.44229996089152
        ],
        "e_nuclear": [
            -547.586314664999,
            -544.898850136859,
            -545.7502258033301,
            -545.3720195287129,
            -545.1329801493789,
            -545.3803833751901,
            -544.7740258477282,
            -544.8804622379482,
            -544.7093477480407,
            -544.6939359798331,
            -544.8618365427653,
            -544.9554837894409,
            -545.0979028175402,
            -544.9688679079402,
            -545.3427591043795,
            -545.214365019119,
            -545.1219964286026,
            -545.1495261721096,
            -545.1260165552881,
            -545.1350143223566,
            -545.1322478861771,
            -545.1354534574809,
            -545.1354919415076,
            -545.1463236809727,
            -545.1514408884051
        ],
        "e_pcm": [
            0.0,
            0.0,
            0.0,
            0.0,
            0.0,
            0.0,
            0.0,
            0.0,
            0.0,
            0.0,
            0.0,
            0.0,
            0.0,
            0.0,
            0.0,
            0.0,
            0.0,
            0.0,
            0.0,
            0.0,
            0.0,
            0.0,
            0.0,
            0.0,
            0.0
        ],
        "e_tot": [
            -199.0642462252316,
            -199.20688113182027,
            -199.22063510185035,
            -199.23316092923946,
            -199.2515136816284,
            -199.2650931981425,
            -199.27055045139332,
            -199.27296637587457,
            -199.27727854735937,
            -199.2800910945259,
            -199.28277308575073,
            -199.2853776036323,
            -199.287107876274,
            -199.28691452718806,
            -199.2870205415997,
            -199.2888411989938,
            -199.28937064609718,
            -199.289380201606,
            -199.28933202442093,
            -199.28940472593692,
            -199.28940585962604,
            -199.2894039349748,
            -199.28922257508296,
            -199.2903899906487,
            -199.29039179426763
        ],
        "e_xc": [
            -20.358502834874535,
            -20.170472244200997,
            -20.232019371625423,
            -20.22059331807742,
            -20.24563643334554,
            -20.338726450843673,
            -20.29468471590959,
            -20.32979186086056,
            -20.32563546798516,
            -20.329461402039,
            -20.353523589663368,
            -20.36164315395438,
            -20.38902224756843,
            -20.37305447077107,
            -20.42880774459631,
            -20.41124119683152,
            -20.397510330339383,
            -20.401590024904216,
            -20.397427763519246,
            -20.398734163740993,
            -20.398216440693425,
            -20.39869741950557,
            -20.398697050555405,
            -20.399128277270524,
            -20.399340163815282
        ],
        "iterations": 25
    },
    "scf_eigenvalues_a": {
        "dims": [
            10
        ],