{
    "calcinfo_nalpha": 10,
    "calcinfo_natom": 3,
    "calcinfo_nbeta": 9,
    "calcinfo_nmo": 19,
    "molecule": {
        "geometry": [
            [
                0.0,
                0.0,
                -2.5334200266615015
            ],
            [
                0.0,
                0.0,
                0.38409118685748345
            ],
            [
                0.0,
                0.0,
                -3.9961301499157162
            ]
        ],
        "symbols": [
            "H",
            "Cl",
            "H"
        ]
    },
    "parameters": {
        "charge": 0.0,
        "conv_only_dens": false,
        "dconv": 0.0001,
        "derivatives": false,
        "dipole": false,
        "econv": 1e-05,
        "ginitial_hessian": false,
        "gmaxiter": 20,
        "gopt": false,
        "gprec": 0.0001,
        "gtest": false,
        "gtol": 0.0001,
        "gval": 1e-05,
        "k": -1,
        "l": 53.996,
        "lo": 0.00037839,
        "loadbalparts": 2,
        "maxiter": 25,
        "maxrotn": 0.25,
        "maxsub": 10,
        "nalpha": 10,
        "nbeta": 9,
        "nio": 1,
        "nmo_alpha": 10,
        "nmo_beta": 9,
        "no_compute": false,
        "noiter": false,
        "nopen": 1,
        "npt_plot": 101,
        "nv_factor": 1,
        "nvalpha": 0,
        "nvbeta": 0,
        "orbitalshift": 0.0,
        "plot_cell": [],
        "plotcoul": false,
        "plotdens": false,
        "plothi": -1,
        "plotlo": 0,
        "print_level": 3,
        "protocol": [
            0.0001,
            1e-06
        ],
        "psp_calc": false,
        "pure_ae": true,
        "restart": false,
        "restartao": false,
        "save": true,
        "smear": 0.0,
        "spin_restricted": false,
        "vnucextra": 2
    },
    "precision": {
        "dconv": 0.0001,
        "econv": 1e-05,
        "eprec": 0.0001,
        "k": 8,
        "thresh": 1e-06
    },
    "return_energy": -460.5908080000352,
    "scf_e_data": {
        "e_coulomb": [
            214.62565442745213,
            214.1001617826846,
            214.08940710527037,
            214.081081319342,
            214.06983601961306,
            214.05884026707406,
            214.05588740336685,
            214.04960368764458,
            214.04568209494568,
            214.04486208900644,
            214.04467545128796,
            214.0467813430362,
            214.04879256500976
        ],
        "e_kinetic": [
            460.6190266314573,
            460.5033806269356,
            460.6868429790307,
            460.7485751200577,
            460.7318849985542,
            460.7265440354083,
            460.7334349511258,
            460.7369294208619,
            460.7372025189884,
            460.73713767083086,
            460.73777718078685,
            460.72520571409706,
            460.72353833510215
        ],
        "e_local": [
            0.0,
            0.0,
            0.0,
            0.0,
            0.0,
            0.0,
            0.0,
            0.0,
            0.0,
            0.0,
            0.0,
            0.0,
            0.0
        ],
        "e_nrep": [
            10.391629075593416,
            10.391629075593416,
            10.391629075593416,
            10.391629075593416,
            10.391629075593416,
            10.391629075593416,
            10.391629075593416,
            10.391629075593416,
            10.391629075593416,
            10.391629075593416,
            10.391629075593416,
            10.391629075593416,
            10.391629075593416
        ],
        "e_nuclear": [
            -1117.9528160634518,
            -1117.391853419108,
            -1117.5566282681443,
            -1117.6024111065822,
            -1117.5699934486356,
            -1117.5529770584985,
            -1117.5562736679449,
            -1117.553399942042,
            -1117.549651776767,
            -1117.5485990023883,
            -1117.5485950694217,
            -1117.539586563355,
            -1117.5397882302323
        ],
        "e_pcm": [
            0.0,
            0.0,
            0.0,
            0.0,
            0.0,
            0.0,
            0.0,
            0.0,
            0.0,
            0.0,
            0.0,
            0.0,
            0.0
        ],
        "e_tot": [
            -460.5136092692363,
            -460.5801171513715,
            -460.5865292443844,
            -460.58892268264646,
            -460.5891833339185,
            -460.58962241805983,
            -460.58965581826476,
            -460.58966810796915,
            -460.58967991146295,
            -460.58970967929656,
            -460.589260918955,
            -460.5908034808154,
            -460.5908080000352
        ],
        "e_xc": [
            -28.197103340287292,
            -28.183435217477175,
            -28.1977801361345,
            -28.207797091057387,
            -28.21253997904364,
            -28.21365873763713,
            -28.214333580405906,
            -28.21443035002698,
            -28.21454182422351,
            -28.214739512338923,
            -28.214747557201562,
            -28.214833050186986,
            -28.214979745508312
        ],
        "iterations": 13
    },
    "scf_eigenvalues_a": {
        "dims": [
            10
        ],
        "size": 10,
        "vals": [
            -104.8638471698653,
            -10.590586517155934,
            -8.072690640083248,
            -8.052045265094645,
            -8.053541347158298,
            -0.911111587991813,
            -0.6670360027753293,
            -0.49174650421278177,
            -0.49180440276724635,
            -0.7761312713630937
        ]
    },
    "scf_eigenvalues_b": {
        "dims": [
            9
        ],
        "size": 9,
        "vals": [
            -104.85348592930046,
            -10.580017531666826,
            -8.031946147653112,
            -8.046549100154596,
            -8.04800662558856,
            -0.99815573131196,
            -0.6703867879589503,
            -0.47476785224245077,
            -0.4747678391840453
        ]
    },
    "time": "2024-05-02 15:21:46",
    "wall_time": 84.3186149597168
}