{
    "calcinfo_nalpha": 10,
    "calcinfo_natom": 6,
    "calcinfo_nbeta": 8,
    "calcinfo_nmo": 18,
    "molecule": {
        "geometry": [
            [
                -0.0006354859593832063,
                -2.1586097455171003,
                0.0
            ],
            [
                1.9953641840755099,
                -2.6168504264764887,
                0.0
            ],
            [
                -0.9830817663569343,
                -2.6595400980324078,
                1.724280137519972
            ],
            [
                -0.9830817663569343,
                -2.6595400980324078,
                -1.724280137519972
            ],
            [
                -0.021833225907959934,
                0.30254429348266226,
                0.0
            ],
            [
                -0.0004443137121727713,
                2.573130600270156,
                0.0
            ]
        ],
        "symbols": [
            "C",
            "H",
            "H",
            "H",
            "H",
            "O"
        ]
    },
    "parameters": {
        "charge": 0.0,
        "conv_only_dens": false,
        "dconv": 0.0001,
        "derivatives": false,
        "dipole": false,
        "econv": 1e-05,
        "ginitial_hessian": false,
        "gmaxiter": 20,
        "gopt": false,
        "gprec": 0.0001,
        "gtest": false,
        "gtol": 0.0001,
        "gval": 1e-05,
        "k": -1,
        "l": 52.66,
        "lo": 0.001329,
        "loadbalparts": 2,
        "maxiter": 25,
        "maxrotn": 0.25,
        "maxsub": 10,
        "nalpha": 10,
        "nbeta": 8,
        "nio": 1,
        "nmo_alpha": 10,
        "nmo_beta": 8,
        "no_compute": false,
        "noiter": false,
        "nopen": 2,
        "npt_plot": 101,
        "nv_factor": 1,
        "nvalpha": 0,
        "nvbeta": 0,
        "orbitalshift": 0.0,
        "plot_cell": [],
        "plotcoul": false,
        "plotdens": false,
        "plothi": -1,
        "plotlo": 0,
        "print_level": 3,
        "protocol": [
            0.0001,
            1e-06
        ],
        "psp_calc": false,
        "pure_ae": true,
        "restart": false,
        "restartao": false,
        "save": true,
        "smear": 0.0,
        "spin_restricted": false,
        "vnucextra": 2
    },
    "precision": {
        "dconv": 0.0001,
        "econv": 1e-05,
        "eprec": 0.0001,
        "k": 8,
        "thresh": 1e-06
    },
    "return_energy": -114.97848351876499,
    "scf_e_data": {
        "e_coulomb": [
            88.49714271886795,
            86.7824089140629,
            86.83531571717563,
            86.7801463090772,
            86.7697071139286,
            86.77399866324713,
            86.77838152161019,
            86.77760351698413,
            86.77642457103096,
            86.77508543610125,
            86.771740222425,
            86.76819909284299,
            86.76753741329406,
            86.7669644241277,
            86.76682331664978,
            86.76775267779684
        ],
        "e_kinetic": [
            115.82544178846598,
            114.6982802670401,
            114.85758042447006,
            114.92345032942924,
            114.9532616040546,
            114.95517504029866,
            114.9571740504256,
            114.96004819778216,
            114.96153986478544,
            114.96213899923127,
            114.96228532973454,
            114.96299641873203,
            114.96352177792305,
            114.96410156230226,
            114.96450650286664,
            114.96533882397426
        ],
        "e_local": [
            0.0,
            0.0,
            0.0,
            0.0,
            0.0,
            0.0,
            0.0,
            0.0,
            0.0,
            0.0,
            0.0,
            0.0,
            0.0,
            0.0,
            0.0,
            0.0
        ],
        "e_nrep": [
            30.91033030907062,
            30.91033030907062,
            30.91033030907062,
            30.91033030907062,
            30.91033030907062,
            30.91033030907062,
            30.91033030907062,
            30.91033030907062,
            30.91033030907062,
            30.91033030907062,
            30.91033030907062,
            30.91033030907062,
            30.91033030907062,
            30.91033030907062,
            30.91033030907062,
            30.91033030907062
        ],
        "e_nuclear": [
            -335.1635454787186,
            -332.645070464563,
            -332.83654751211463,
            -332.8325478629823,
            -332.8393307002915,
            -332.84193374259746,
            -332.8468898753274,
            -332.8484432633102,
            -332.8484295446331,
            -332.84750871727647,
            -332.84419617799676,
            -332.84136248337444,
            -332.8412543158491,
            -332.841263091518,
            -332.8412495792491,
            -332.8440699384623
        ],
        "e_pcm": [
            0.0,
            0.0,
            0.0,
            0.0,
            0.0,
            0.0,
            0.0,
            0.0,
            0.0,
            0.0,
            0.0,
            0.0,
            0.0,
            0.0,
            0.0,
            0.0
        ],
        "e_tot": [
            -114.7943591291392,
            -114.95193882092718,
            -114.96711155669658,
            -114.9742895970019,
            -114.97658822913468,
            -114.97713073229446,
            -114.97730042354442,
            -114.97735972262339,
            -114.97741364774785,
            -114.97743459945687,
            -114.97744886095137,
            -114.9774554645852,
            -114.97747746876811,
            -114.97747888200945,
            -114.97720855343681,
            -114.97848351876499
        ],
        "e_xc": [
            -14.863728466825147,
            -14.697887846537812,
            -14.73379049529824,
            -14.755668681596635,
            -14.770556555896995,
            -14.774701002313368,
            -14.776296429323416,
            -14.776898483150116,
            -14.777278848001753,
            -14.77748062658355,
            -14.777608544184737,
            -14.777618801856377,
            -14.777612653206779,
            -14.77761208599206,
            -14.777619102774722,
            -14.777835391144379
        ],
        "iterations": 16
    },
    "scf_eigenvalues_a": {
        "dims": [
            10
        ],
        "size": 10,
        "vals": [
            -20.650567627416486,
            -11.248884365266644,
            -1.0315246177650752,
            -0.7026727614075592,
            -0.7026727516509959,
            -0.7025594333091405,
            -1.0068881320061673,
            -0.5672738044679204,
            -0.664618423131623,
            -0.5845774882089594
        ]
    },
    "scf_eigenvalues_b": {
        "dims": [
            8
        ],
        "size": 8,
        "vals": [
            -20.58151052944984,
            -11.231160367641579,
            -1.0111660821991566,
            -0.6861364485040986,
            -0.6861363719020996,
            -0.6857544854025833,
            -0.6635025494005822,
            -0.49129030883091174
        ]
    },
    "time": "2024-05-02 15:36:21",
    "wall_time": 73.9309229850769
}