{
    "calcinfo_nalpha": 9,
    "calcinfo_natom": 5,
    "calcinfo_nbeta": 8,
    "calcinfo_nmo": 17,
    "molecule": {
        "geometry": [
            [
                -0.12155465948081313,
                -0.051728927314713985,
                1.2928488717806028
            ],
            [
                0.041763024568516,
                0.23661453670247606,
                -1.2663609985893571
            ],
            [
                -0.11786220444605222,
                -1.3807576682225065,
                -2.0607729097607925
            ],
            [
                0.3208453558865065,
                -1.871852537892907,
                2.1042467705765837
            ],
            [
                0.1922406088962963,
                1.6700674763838887,
                2.3303208972154503
            ]
        ],
        "symbols": [
            "C",
            "O",
            "H",
            "H",
            "H"
        ]
    },
    "parameters": {
        "charge": 0.0,
        "conv_only_dens": false,
        "dconv": 0.0001,
        "derivatives": false,
        "dipole": false,
        "econv": 1e-05,
        "ginitial_hessian": false,
        "gmaxiter": 20,
        "gopt": false,
        "gprec": 0.0001,
        "gtest": false,
        "gtol": 0.0001,
        "gval": 1e-05,
        "k": -1,
        "l": 52.33,
        "lo": 0.001329,
        "loadbalparts": 2,
        "maxiter": 25,
        "maxrotn": 0.25,
        "maxsub": 10,
        "nalpha": 9,
        "nbeta": 8,
        "nio": 1,
        "nmo_alpha": 9,
        "nmo_beta": 8,
        "no_compute": false,
        "noiter": false,
        "nopen": 1,
        "npt_plot": 101,
        "nv_factor": 1,
        "nvalpha": 0,
        "nvbeta": 0,
        "orbitalshift": 0.0,
        "plot_cell": [],
        "plotcoul": false,
        "plotdens": false,
        "plothi": -1,
        "plotlo": 0,
        "print_level": 3,
        "protocol": [
            0.0001,
            1e-06
        ],
        "psp_calc": false,
        "pure_ae": true,
        "restart": false,
        "restartao": false,
        "save": true,
        "smear": 0.0,
        "spin_restricted": false,
        "vnucextra": 2
    },
    "precision": {
        "dconv": 0.0001,
        "econv": 1e-05,
        "eprec": 0.0001,
        "k": 8,
        "thresh": 1e-06
    },
    "return_energy": -114.98549406305821,
    "scf_e_data": {
        "e_coulomb": [
            93.12238664240991,
            89.29391063963809,
            90.71227640397156,
            90.85688668717876,
            90.80359006024202,
            90.78014922724705,
            90.78646196896665,
            90.78755978147517,
            90.78826152094604,
            90.7876631371973,
            90.79091837920393,
            90.78878024303957,
            90.78943756422237,
            90.78990075446887,
            90.7912234512365,
            90.79216315266196,
            90.79160215248069,
            90.79311998389949,
            90.79174816948755,
            90.79171795459821,
            90.79152415384166,
            90.79114688047375,
            90.79058847897987,
            90.79145584722235,
            90.79038008806008,
            90.79025929230615,
            90.78337186163283,
            90.7973466221378,
            90.7910225426477
        ],
        "e_kinetic": [
            115.86624199123617,
            113.34429645886911,
            114.39256086684333,
            114.57248458298832,
            114.59489094823905,
            114.59200462378683,
            114.59941982426159,
            114.60108819385691,
            114.60251010517611,
            114.59928730478951,
            114.60313192418688,
            114.60075851724716,
            114.60220460778461,
            114.60115298392714,
            114.60230942594303,
            114.60268827659893,
            114.60216797332149,
            114.60325006639671,
            114.60293377617425,
            114.60193891535702,
            114.60186088598809,
            114.60190854179147,
            114.60155415558884,
            114.6021412481457,
            114.60679370385279,
            114.60794995123726,
            114.59371950442588,
            114.60557600776214,
            114.60134713082465
        ],
        "e_local": [
            0.0,
            0.0,
            0.0,
            0.0,
            0.0,
            0.0,
            0.0,
            0.0,
            0.0,
            0.0,
            0.0,
            0.0,
            0.0,
            0.0,
            0.0,
            0.0,
            0.0,
            0.0,
            0.0,
            0.0,
            0.0,
            0.0,
            0.0,
            0.0,
            0.0,
            0.0,
            0.0,
            0.0,
            0.0
        ],
        "e_nrep": [
            35.35180602094966,
            35.35180602094966,
            35.35180602094966,
            35.35180602094966,
            35.35180602094966,
            35.35180602094966,
            35.35180602094966,
            35.35180602094966,
            35.35180602094966,
            35.35180602094966,
            35.35180602094966,
            35.35180602094966,
            35.35180602094966,
            35.35180602094966,
            35.35180602094966,
            35.35180602094966,
            35.35180602094966,
            35.35180602094966,
            35.35180602094966,
            35.35180602094966,
            35.35180602094966,
            35.35180602094966,
            35.35180602094966,
            35.35180602094966,
            35.35180602094966,
            35.35180602094966,
            35.35180602094966,
            35.35180602094966,
            35.35180602094966
        ],
        "e_nuclear": [
            -343.95874638692936,
            -338.1750033667063,
            -340.5044628093834,
            -340.8105114752385,
            -340.78038881334487,
            -340.7567520158715,
            -340.76926168750776,
            -340.77062373257957,
            -340.7718594613458,
            -340.76972830149623,
            -340.7760095535381,
            -340.772115384994,
            -340.77285477600304,
            -340.77341084599425,
            -340.77582290327183,
            -340.7770135029958,
            -340.7761590917204,
            -340.7785151734592,
            -340.7760065125452,
            -340.77598209979044,
            -340.7757919435976,
            -340.7754039082621,
            -340.77446156576843,
            -340.7758722625762,
            -340.77444071546444,
            -340.77443263576424,
            -340.7614891829585,
            -340.78569090916614,
            -340.77586060340406
        ],
        "e_pcm": [
            0.0,
            0.0,
            0.0,
            0.0,
            0.0,
            0.0,
            0.0,
            0.0,
            0.0,
            0.0,
            0.0,
            0.0,
            0.0,
            0.0,
            0.0,
            0.0,
            0.0,
            0.0,
            0.0,
            0.0,
            0.0,
            0.0,
            0.0,
            0.0,
            0.0,
            0.0,
            0.0,
            0.0,
            0.0
        ],