{
    "calcinfo_nalpha": 10,
    "calcinfo_natom": 3,
    "calcinfo_nbeta": 9,
    "calcinfo_nmo": 19,
    "molecule": {
        "geometry": [
            [
                0.0,
                0.0,
                -2.5334200266615015
            ],
            [
                0.0,
                0.0,
                0.38409118685748345
            ],
            [
                0.0,
                0.0,
                -3.9961301499157162
            ]
        ],
        "symbols": [
            "H",
            "Cl",
            "H"
        ]
    },
    "parameters": {
        "charge": 0.0,
        "conv_only_dens": false,
        "dconv": 0.0001,
        "derivatives": false,
        "dipole": false,
        "econv": 1e-05,
        "ginitial_hessian": false,
        "gmaxiter": 20,
        "gopt": false,
        "gprec": 0.0001,
        "gtest": false,
        "gtol": 0.0001,
        "gval": 1e-05,
        "k": -1,
        "l": 53.996,
        "lo": 0.00037839,
        "loadbalparts": 2,
        "maxiter": 25,
        "maxrotn": 0.25,
        "maxsub": 10,
        "nalpha": 10,
        "nbeta": 9,
        "nio": 1,
        "nmo_alpha": 10,
        "nmo_beta": 9,
        "no_compute": false,
        "noiter": false,
        "nopen": 1,
        "npt_plot": 101,
        "nv_factor": 1,
        "nvalpha": 0,
        "nvbeta": 0,
        "orbitalshift": 0.0,
        "plot_cell": [],
        "plotcoul": false,
        "plotdens": false,
        "plothi": -1,
        "plotlo": 0,
        "print_level": 3,
        "protocol": [
            0.0001,
            1e-06
        ],
        "psp_calc": false,
        "pure_ae": true,
        "restart": false,
        "restartao": false,
        "save": true,
        "smear": 0.0,
        "spin_restricted": false,
        "vnucextra": 2
    },
    "precision": {
        "dconv": 0.0001,
        "econv": 1e-05,
        "eprec": 0.0001,
        "k": 8,
        "thresh": 1e-06
    },
    "return_energy": -461.14303967543145,
    "scf_e_data": {
        "e_coulomb": [
            214.6256544249771,
            213.89897666075098,
            214.23193854678283,
            214.19680252691984,
            214.24116402254546,
            214.24711594274694,
            214.2456053104638,
            214.2518196211599,
            214.24598016393134,
            214.24823815597853,
            214.2478118584218,
            214.24773827340067,
            214.24927717577032,
            214.24970758760097,
            214.24982138467863,
            214.25086319732208,
            214.24930779904392,
            214.2482196846899,
            214.24879602141172,
            214.24926752751892,
            214.2497253757504,
            214.24980309340287,
            214.24923484671476,
            214.24982980726543,
            214.25052205685205,
            214.25033525360627,
            214.25197419373973,
            214.25392808081534
        ],
        "e_kinetic": [
            460.61902662723287,
            460.1216104565107,
            460.52901133097066,
            460.63037740266066,
            460.7005899055744,
            460.71283727676985,
            460.6900112049718,
            460.6931302334584,
            460.6941157825812,
            460.68540630259133,
            460.69392638416923,
            460.6862339700528,
            460.6844731540516,
            460.68443820133007,
            460.68436476569684,
            460.68488102958156,
            460.68485350672614,
            460.6849712268281,
            460.68527875101415,
            460.68536665200133,
            460.6856694044877,
            460.6852837038623,
            460.6852910508594,
            460.6854021350882,
            460.68542628653756,
            460.68601447680464,
            460.6681193760721,
            460.6653744196842
        ],
        "e_local": [
            0.0,
            0.0,
            0.0,
            0.0,
            0.0,
            0.0,
            0.0,
            0.0,
            0.0,
            0.0,
            0.0,
            0.0,
            0.0,
            0.0,
            0.0,
            0.0,
            0.0,
            0.0,
            0.0,
            0.0,
            0.0,
            0.0,
            0.0,
            0.0,
            0.0,
            0.0,
            0.0,
            0.0
        ],
        "e_nrep": [
            10.391629075593416,
            10.391629075593416,
            10.391629075593416,
            10.391629075593416,
            10.391629075593416,
            10.391629075593416,
            10.391629075593416,
            10.391629075593416,
            10.391629075593416,
            10.391629075593416,
            10.391629075593416,
            10.391629075593416,
            10.391629075593416,
            10.391629075593416,
            10.391629075593416,
            10.391629075593416,
            10.391629075593416,
            10.391629075593416,
            10.391629075593416,
            10.391629075593416,
            10.391629075593416,
            10.391629075593416,
            10.391629075593416,
            10.391629075593416,
            10.391629075593416,
            10.391629075593416,
            10.391629075593416,
            10.391629075593416
        ],
        "e_nuclear": [
            -1117.952816056316,
            -1116.8488196368455,
            -1117.5691144910634,
            -1117.6388888489953,
            -1117.7496837347808,
            -1117.7683542208722,
            -1117.744788948969,
            -1117.7540513310212,
            -1117.749500054278,
            -1117.7432777556799,
            -1117.7501017927996,
            -1117.7434172849667,
            -1117.7433185528662,
            -1117.7437805161017,
            -1117.7438359578873,
            -1117.7453713556283,
            -1117.743884628406,
            -1117.742958217638,
            -1117.743828533763,
            -1117.7443570022374,
            -1117.7450941967136,
            -1117.7447965782624,
            -1117.7442685173144,
            -1117.7449494707407,
            -1117.7456240868225,
            -1117.7456054337686,
            -1117.7308926789387,
            -1117.7299845612215
        ],
        "e_pcm": [
            0.0,
            0.0,
            0.0,
            0.0,
            0.0,
            0.0,
            0.0,
            0.0,
            0.0,
            0.0,
            0.0,
            0.0,
            0.0,
            0.0,
            0.0,
            0.0,
            0.0,
            0.0,
            0.0,
            0.0,
            0.0,
            0.0,
            0.0,
            0.0,
            0.0,
            0.0,
            0.0,
            0.0
        ],
        "e_tot": [
            -461.0728146831823,
            -461.13587174086564,
            -461.1401964293513,
            -461.14144003117826,
            -461.14081913280415,
            -461.1415013409112,
            -461.14185625940485,
            -461.1419703637258,
            -461.1417504339071,
            -461.1419639410923,
            -461.140576431513,
            -461.14159385736014,
            -461.14179208810833,
            -461.14189413468813,
            -461.14191536023924,
            -461.1419849611831,
            -461.14196177633795,
            -461.1419179142727,
            -461.14197178992515,
            -461.14198319245577,
            -461.1419667239978,
            -461.1419784098701,
            -461.1419613553963,
            -461.1419845960373,
            -461.1419729715083,
            -461.14155301098873,
            -461.14303349064335,
            -461.14303967543145
        ],