{
    "calcinfo_nalpha": 5,
    "calcinfo_natom": 2,
    "calcinfo_nbeta": 5,
    "calcinfo_nmo": 10,
    "molecule": {
        "geometry": [
            [
                0.0,
                0.0,
                0.20200001570223414
            ],
            [
                0.0,
                0.0,
                -1.6160001256178735
            ]
        ],
        "symbols": [
            "O",
            "H"
        ]
    },
    "parameters": {
        "charge": -1.0,
        "conv_only_dens": false,
        "dconv": 0.0001,
        "derivatives": false,
        "dipole": false,
        "econv": 1e-05,
        "ginitial_hessian": false,
        "gmaxiter": 20,
        "gopt": false,
        "gprec": 0.0001,
        "gtest": false,
        "gtol": 0.0001,
        "gval": 1e-05,
        "k": -1,
        "l": 51.616,
        "lo": 0.001329,
        "loadbalparts": 2,
        "maxiter": 25,
        "maxrotn": 0.25,
        "maxsub": 10,
        "nalpha": 5,
        "nbeta": 5,
        "nio": 1,
        "nmo_alpha": 5,
        "nmo_beta": 5,
        "no_compute": false,
        "noiter": false,
        "nopen": 0,
        "npt_plot": 101,
        "nv_factor": 1,
        "nvalpha": 0,
        "nvbeta": 0,
        "orbitalshift": 0.0,
        "plot_cell": [],
        "plotcoul": false,
        "plotdens": false,
        "plothi": -1,
        "plotlo": 0,
        "print_level": 3,
        "protocol": [
            0.0001,
            1e-06
        ],
        "psp_calc": false,
        "pure_ae": true,
        "restart": false,
        "restartao": false,
        "save": true,
        "smear": 0.0,
        "spin_restricted": true,
        "vnucextra": 2
    },
    "precision": {
        "dconv": 0.0001,
        "econv": 1e-05,
        "eprec": 0.0001,
        "k": 8,
        "thresh": 1e-06
    },
    "return_energy": -75.76447373690898,
    "scf_e_data": {
        "e_coulomb": [
            50.126612391905816,
            44.42980927506002,
            44.830033913280886,
            45.309381210496,
            44.68142677905418,
            44.9883170881788,
            44.91829884450958,
            44.898371682286026,
            44.303131617288145,
            44.751787171490946,
            44.81534455315665,
            44.74114688068383,
            44.72219055500737,
            44.79963792134082,
            44.738127511005125,
            44.71731901048233,
            44.84292371861779,
            44.738808980301386,
            44.698981793833866,
            44.99608543541666,
            44.62043089762426,
            44.082456369951906,
            44.80487252443461,
            44.5146202242421,
            44.178892102064715,
            44.178841687368596,
            46.607437515981495,
            44.22379414061106,
            44.95354506558649,
            44.871248647329324,
            44.85914806281133,
            45.06336690109137,
            44.932027949986235,
            45.172024835482176,
            44.67409361550007,
            45.02649699580371,
            45.08640803583786,
            45.041758216755376,
            44.94950581111244,
            44.9940216598199,
            45.3117998306748,
            44.97473459513971,
            45.06436015101087,
            44.92425511523566,
            45.02664491022646,
            45.063270612431026,
            45.055481378915204,
            44.831505234125196,
            44.802256638131205,
            44.85847132884123
        ],
        "e_kinetic": [
            78.5008534436703,
            74.33147442132221,
            75.16608769217353,
            75.61526609552479,
            75.6080833271257,
            75.49392418293894,
            75.49996602913298,
            75.37392105865531,
            75.27902407387626,
            75.46304016828464,
            75.4830590752196,
            75.44970173864415,
            75.44122657859009,
            75.48326244698674,
            75.44324636365538,
            75.45907017555183,
            75.49762836584833,
            75.45280935865722,
            75.43679125226576,
            75.59668546984123,
            75.423988870371,
            75.26158444783887,
            75.51046011781082,
            75.37335970387055,
            75.29232295497677,
            75.29241357342643,
            76.49334324539618,
            75.08151524222438,
            75.57956370172903,
            75.34174258873654,
            75.53609000884606,
            75.57420263663863,
            75.56293614701178,
            75.58597633824023,
            75.48125629429066,
            75.43614225870014,
            75.50081189076971,
            75.59658915967124,
            75.50177306115222,
            75.53988278792508,
            75.7402127848997,
            75.54921162601677,
            75.56114376326353,
            75.52368202985133,
            75.58347055605634,
            75.61764038557817,
            75.58581680966148,
            75.48811103576611,
            75.47265277492885,
            75.49406027435576
        ],
        "e_local": [
            0.0,
            0.0,
            0.0,
            0.0,
            0.0,
            0.0,
            0.0,
            0.0,
            0.0,
            0.0,
            0.0,
            0.0,
            0.0,
            0.0,
            0.0,
            0.0,
            0.0,
            0.0,
            0.0,
            0.0,
            0.0,
            0.0,
            0.0,
            0.0,
            0.0,
            0.0,
            0.0,
            0.0,
            0.0,
            0.0,
            0.0,
            0.0,
            0.0,
            0.0,
            0.0,
            0.0,
            0.0,
            0.0,
            0.0,
            0.0,
            0.0,
            0.0,
            0.0,
            0.0,
            0.0,
            0.0,
            0.0,
            0.0,
            0.0,
            0.0
        ],
        "e_nrep": [
            4.400439701941357,
            4.400439701941357,
            4.400439701941357,
            4.400439701941357,
            4.400439701941357,
            4.400439701941357,
            4.400439701941357,
            4.400439701941357,
            4.400439701941357,
            4.400439701941357,
            4.400439701941357,
            4.400439701941357,
            4.400439701941357,
            4.400439701941357,
            4.400439701941357,
            4.400439701941357,
            4.400439701941357,
            4.400439701941357,
            4.400439701941357,
            4.400439701941357,
            4.400439701941357,
            4.400439701941357,
            4.400439701941357,
            4.400439701941357,
            4.400439701941357,
            4.400439701941357,
            4.400439701941357,
            4.400439701941357,
            4.400439701941357,
            4.400439701941357,
            4.400439701941357,
            4.400439701941357,
            4.400439701941357,
            4.400439701941357,
            4.400439701941357,
            4.400439701941357,
            4.400439701941357,
            4.400439701941357,
            4.400439701941357,
            4.400439701941357,
            4.400439701941357,
            4.400439701941357,
            4.400439701941357,
            4.400439701941357,
            4.400439701941357,
            4.400439701941357,
            4.400439701941357,
            4.400439701941357,
            4.400439701941357,
            4.400439701941357
        ],