{
    "calcinfo_nalpha": 18,
    "calcinfo_natom": 6,
    "calcinfo_nbeta": 18,
    "calcinfo_nmo": 36,
    "molecule": {
        "geometry": [
            [
                0.0,
                3.06728937505349,
                0.0
            ],
            [
                0.0,
                -0.42964588587862496,
                0.0
            ],
            [
                -0.9697350748860226,
                -1.049060941325505,
                -1.6796304254453418
            ],
            [
                -0.9697350748860226,
                -1.049060941325505,
                1.6796304254453418
            ],
            [
                1.9394701497720452,
                -1.049060941325505,
                0.0
            ],
            [
                0.0,
                -5.157651248517896,
                0.0
            ]
        ],
        "symbols": [
            "Cl",
            "C",
            "H",
            "H",
            "H",
            "F"
        ]
    },
    "parameters": {
        "charge": -1.0,
        "conv_only_dens": false,
        "dconv": 0.0001,
        "derivatives": false,
        "dipole": false,
        "econv": 1e-05,
        "ginitial_hessian": false,
        "gmaxiter": 20,
        "gopt": false,
        "gprec": 0.0001,
        "gtest": false,
        "gtol": 0.0001,
        "gval": 1e-05,
        "k": -1,
        "l": 55.158,
        "lo": 0.00037839,
        "loadbalparts": 2,
        "maxiter": 25,
        "maxrotn": 0.25,
        "maxsub": 10,
        "nalpha": 18,
        "nbeta": 18,
        "nio": 1,
        "nmo_alpha": 18,
        "nmo_beta": 18,
        "no_compute": false,
        "noiter": true,
        "nopen": 0,
        "npt_plot": 101,
        "nv_factor": 1,
        "nvalpha": 0,
        "nvbeta": 0,
        "orbitalshift": 0.0,
        "plot_cell": [],
        "plotcoul": false,
        "plotdens": false,
        "plothi": -1,
        "plotlo": 0,
        "print_level": 3,
        "protocol": [
            1e-06
        ],
        "psp_calc": false,
        "pure_ae": true,
        "restart": true,
        "restartao": false,
        "save": true,
        "smear": 0.0,
        "spin_restricted": true,
        "vnucextra": 2
    },
    "precision": {
        "dconv": 0.0001,
        "econv": 1e-05,
        "eprec": 0.0001,
        "k": 8,
        "thresh": 1e-06
    },
    "return_energy": -599.703532597202,
    "scf_e_data": {
        "e_coulomb": [
            366.9599536916633
        ],
        "e_kinetic": [
            598.6120985773721
        ],
        "e_local": [
            0.0
        ],
        "e_nrep": [
            86.07628499056244
        ],
        "e_nuclear": [
            -1606.1886383191995
        ],
        "e_pcm": [
            0.0
        ],
        "e_tot": [
            -599.703532597202
        ],
        "e_xc": [
            -45.163231537600126
        ],
        "iterations": 1
    },
    "scf_eigenvalues_a": {
        "dims": [
            18
        ],
        "size": 18,
        "vals": [
            -104.66497857794084,
            -25.863677944105227,
            -11.109172575896231,
            -10.393202431529474,
            -7.859738269332716,
            -7.858089094461935,
            -7.859584625923208,
            -1.1160647514478343,
            -0.7695378742479129,
            -0.5288427324484788,
            -0.5288426526515189,
            -0.5288459268539634,
            -0.5646975664906368,
            -0.22152166822397934,
            -0.22152184046274837,
            -0.2243894376309128,
            -0.3067080789645793,
            -0.30669529424802544
        ]
    },
    "time": "2024-05-03 15:25:53",
    "wall_time": 7.41719913482666
}