{
    "calcinfo_nalpha": 9,
    "calcinfo_natom": 5,
    "calcinfo_nbeta": 8,
    "calcinfo_nmo": 17,
    "molecule": {
        "geometry": [
            [
                2.792221741846619,
                -0.3957026735159067,
                0.0008579386760379731
            ],
            [
                1.1423008449708492,
                0.6371091496802541,
                -0.00014942663607792308
            ],
            [
                -0.6179711595192164,
                -0.8684732970648884,
                8.752237840296605e-05
            ],
            [
                -2.401229148171091,
                0.2639644274684861,
                -0.0015340208231391923
            ],
            [
                -4.061300391836958,
                1.7512872777398631,
                0.0011094119508259183
            ]
        ],
        "symbols": [
            "H",
            "N",
            "N",
            "H",
            "H"
        ]
    },
    "parameters": {
        "charge": 0.0,
        "conv_only_dens": false,
        "dconv": 0.0001,
        "derivatives": false,
        "dipole": false,
        "econv": 1e-05,
        "ginitial_hessian": false,
        "gmaxiter": 20,
        "gopt": false,
        "gprec": 0.0001,
        "gtest": false,
        "gtol": 0.0001,
        "gval": 1e-05,
        "k": -1,
        "l": 54.061,
        "lo": 0.0016603,
        "loadbalparts": 2,
        "maxiter": 25,
        "maxrotn": 0.25,
        "maxsub": 10,
        "nalpha": 9,
        "nbeta": 8,
        "nio": 1,
        "nmo_alpha": 9,
        "nmo_beta": 8,
        "no_compute": false,
        "noiter": false,
        "nopen": 1,
        "npt_plot": 101,
        "nv_factor": 1,
        "nvalpha": 0,
        "nvbeta": 0,
        "orbitalshift": 0.0,
        "plot_cell": [],
        "plotcoul": false,
        "plotdens": false,
        "plothi": -1,
        "plotlo": 0,
        "print_level": 3,
        "protocol": [
            0.0001,
            1e-06
        ],
        "psp_calc": false,
        "pure_ae": true,
        "restart": false,
        "restartao": false,
        "save": true,
        "smear": 0.0,
        "spin_restricted": false,
        "vnucextra": 2
    },
    "precision": {
        "dconv": 0.0001,
        "econv": 1e-05,
        "eprec": 0.0001,
        "k": 8,
        "thresh": 1e-06
    },
    "return_energy": -111.08153282023112,
    "scf_e_data": {
        "e_coulomb": [
            88.78527355119539,
            87.7674172184101,
            88.25776670126999,
            88.12388763476605,
            88.13501501086202,
            88.13977215329928,
            88.1491083264936,
            88.1534782989508,
            88.15772978030556,
            88.16243092153061,
            88.16583893853559,
            88.16704273858193,
            88.16691935558856,
            88.1654937801393
        ],
        "e_kinetic": [
            111.01442432545005,
            110.26715453989144,
            110.69766420491851,
            110.66718396234504,
            110.69703256777635,
            110.69798057504791,
            110.69180667020765,
            110.69120361436254,
            110.69239827467942,
            110.69460653135478,
            110.69442305758409,
            110.69361822008347,
            110.69415664324843,
            110.68827854172375
        ],
        "e_local": [
            0.0,
            0.0,
            0.0,
            0.0,
            0.0,
            0.0,
            0.0,
            0.0,
            0.0,
            0.0,
            0.0,
            0.0,
            0.0,
            0.0
        ],
        "e_nrep": [
            35.77410127760275,
            35.77410127760275,
            35.77410127760275,
            35.77410127760275,
            35.77410127760275,
            35.77410127760275,
            35.77410127760275,
            35.77410127760275,
            35.77410127760275,
            35.77410127760275,
            35.77410127760275,
            35.77410127760275,
            35.77410127760275,
            35.77410127760275
        ],
        "e_nuclear": [
            -331.8011174363481,
            -330.2872619996143,
            -331.1611699286765,
            -331.0120934996392,
            -331.0510446370115,
            -331.0559812320163,
            -331.0581379076917,
            -331.06160970649034,
            -331.066769022764,
            -331.07334435370007,
            -331.0764399113592,
            -331.0768203234832,
            -331.07683781461157,
            -331.0712631361403
        ],
        "e_pcm": [
            0.0,
            0.0,
            0.0,
            0.0,
            0.0,
            0.0,
            0.0,
            0.0,
            0.0,
            0.0,
            0.0,
            0.0,
            0.0,
            0.0
        ],
        "e_tot": [
            -110.95315411714297,
            -111.06791663158405,
            -111.07768747169742,
            -111.07954644309164,
            -111.08001617468504,
            -111.0802942425128,
            -111.08039551462666,
            -111.08049521478743,
            -111.08051547617934,
            -111.08050725873316,
            -111.08050678030138,
            -111.0805099735202,
            -111.08010741116765,
            -111.08153282023112
        ],
        "e_xc": [
            -14.72583583504308,
            -14.589327667874025,
            -14.646049726812194,
            -14.632625818166277,
            -14.63512039391465,
            -14.63616701644646,
            -14.637273881238997,
            -14.637668699213176,
            -14.637975786003055,
            -14.63830163552125,
            -14.638430142664587,
            -14.638451886305122,
            -14.638446872995843,
            -14.638143283556623
        ],
        "iterations": 14
    },
    "scf_eigenvalues_a": {
        "dims": [
            9
        ],
        "size": 9,
        "vals": [
            -14.062703226406796,
            -14.068923318343177,
            -0.8691535793025524,
            -0.6085725843180851,
            -0.5548603988653549,
            -0.3718300818925897,
            -0.39689581277491004,
            -0.3689259662509152,
            -0.27296596541635343
        ]
    },
    "scf_eigenvalues_b": {
        "dims": [
            8
        ],
        "size": 8,
        "vals": [
            -14.061781847587039,
            -14.053327661272899,
            -0.8647340150848994,
            -0.6168277472128434,
            -0.5193936729840862,
            -0.40579858736625685,
            -0.3920949221940282,
            -0.36383556156243646
        ]
    },
    "time": "2024-05-03 22:24:32",
    "wall_time": 62.129695892333984
}