{
    "calcinfo_nalpha": 18,
    "calcinfo_natom": 6,
    "calcinfo_nbeta": 17,
    "calcinfo_nmo": 35,
    "molecule": {
        "geometry": [
            [
                -6.704237838210413e-05,
                -0.002337924065117531,
                -2.749079319185406
            ],
            [
                0.0002032784615121908,
                0.008751934074747083,
                0.6114919247967812
            ],
            [
                -0.000123175205017717,
                -0.004057984603563696,
                4.511571229641231
            ],
            [
                -1.2214151962532651,
                -1.6207759291800017,
                4.715031209080051
            ],
            [
                2.009964142637823,
                -0.2548726137688211,
                4.719241217299864
            ],
            [
                -0.7884996808755657,
                1.8609737530044794,
                4.727221298753566
            ]
        ],
        "symbols": [
            "Cl",
            "F",
            "C",
            "H",
            "H",
            "H"
        ]
    },
    "parameters": {
        "charge": 0.0,
        "conv_only_dens": false,
        "dconv": 0.0001,
        "derivatives": false,
        "dipole": false,
        "econv": 1e-05,
        "ginitial_hessian": false,
        "gmaxiter": 20,
        "gopt": false,
        "gprec": 0.0001,
        "gtest": false,
        "gtol": 0.0001,
        "gval": 1e-05,
        "k": -1,
        "l": 54.727,
        "lo": 0.00037839,
        "loadbalparts": 2,
        "maxiter": 25,
        "maxrotn": 0.25,
        "maxsub": 10,
        "nalpha": 18,
        "nbeta": 17,
        "nio": 1,
        "nmo_alpha": 18,
        "nmo_beta": 17,
        "no_compute": false,
        "noiter": false,
        "nopen": 1,
        "npt_plot": 101,
        "nv_factor": 1,
        "nvalpha": 0,
        "nvbeta": 0,
        "orbitalshift": 0.0,
        "plot_cell": [],
        "plotcoul": false,
        "plotdens": false,
        "plothi": -1,
        "plotlo": 0,
        "print_level": 3,
        "protocol": [
            0.0001,
            1e-06
        ],
        "psp_calc": false,
        "pure_ae": true,
        "restart": false,
        "restartao": false,
        "save": true,
        "smear": 0.0,
        "spin_restricted": false,
        "vnucextra": 2
    },
    "precision": {
        "dconv": 0.0001,
        "econv": 1e-05,
        "eprec": 0.0001,
        "k": 8,
        "thresh": 1e-06
    },
    "return_energy": -599.5669209895769,
    "scf_e_data": {
        "e_coulomb": [
            368.88176855303556,
            366.37722009711536,
            367.49682449209354,
            367.4215857132505,
            367.602736412878,
            367.5878385544238,
            367.6265364612274,
            367.6450397064739,
            367.6684332878767,
            367.6768775405535,
            367.6857193640054,
            367.700746030705,
            367.7015368141145,
            367.72172329392174,
            367.7340968867042,
            367.7227897269969,
            367.723710348487,
            367.7264352041659,
            367.7325607722388,
            367.7333386878672,
            367.7350114403615,
            367.72700054160987,
            367.7284818513433,
            367.7340866256859,
            367.7304644413981,
            367.7298915995563,
            367.74045253996997,
            367.743129626145
        ],
        "e_kinetic": [
            598.8109662233185,
            597.1907010173571,
            598.2619293428996,
            598.4192318172707,
            598.6325642670699,
            598.650902667097,
            598.6321099435106,
            598.6316433957567,
            598.6258449375443,
            598.5974581632153,
            598.6080165591522,
            598.6114031610299,
            598.5997539731302,
            598.615799836407,
            598.6119031889805,
            598.6142518227218,
            598.6128175223987,
            598.6152693000133,
            598.6180481150548,
            598.6191774317026,
            598.6199626374839,
            598.6177651506363,
            598.6189766998807,
            598.6207554132837,
            598.6192711486599,
            598.6205479587779,
            598.6133791426024,
            598.6139592756699
        ],
        "e_local": [
            0.0,
            0.0,
            0.0,
            0.0,
            0.0,
            0.0,
            0.0,
            0.0,
            0.0,
            0.0,
            0.0,
            0.0,
            0.0,
            0.0,
            0.0,
            0.0,
            0.0,
            0.0,
            0.0,
            0.0,
            0.0,
            0.0,
            0.0,
            0.0,
            0.0,
            0.0,
            0.0,
            0.0
        ],
        "e_nrep": [
            95.59991061827773,
            95.59991061827773,
            95.59991061827773,
            95.59991061827773,
            95.59991061827773,
            95.59991061827773,
            95.59991061827773,
            95.59991061827773,
            95.59991061827773,
            95.59991061827773,
            95.59991061827773,
            95.59991061827773,
            95.59991061827773,
            95.59991061827773,
            95.59991061827773,
            95.59991061827773,
            95.59991061827773,
            95.59991061827773,
            95.59991061827773,
            95.59991061827773,
            95.59991061827773,
            95.59991061827773,
            95.59991061827773,
            95.59991061827773,
            95.59991061827773,
            95.59991061827773,
            95.59991061827773,
            95.59991061827773
        ],
        "e_nuclear": [
            -1617.6986821355713,
            -1614.0797019235913,
            -1616.1536796240525,
            -1616.2515072345257,
            -1616.6299045828846,
            -1616.6381649009336,
            -1616.6547127331187,
            -1616.6749276012486,
            -1616.6924446819821,
            -1616.6735735982497,
            -1616.692726191931,
            -1616.710039024421,
            -1616.7002876523131,
            -1616.7353365571523,
            -1616.7435954982948,
            -1616.734720837026,
            -1616.7349616355868,
            -1616.7401728421048,
            -1616.7490509784748,
            -1616.7510077964578,
            -1616.7530865071158,
            -1616.7432837742754,
            -1616.7459018938812,
            -1616.7531172141144,
            -1616.7481818331858,
            -1616.748252646093,
            -1616.7537896699623,
            -1616.756733658361
        ],
        "e_pcm": [
            0.0,
            0.0,
            0.0,
            0.0,
            0.0,
            0.0,
            0.0,
            0.0,
            0.0,
            0.0,
            0.0,
            0.0,
            0.0,
            0.0,
            0.0,
            0.0,
            0.0,
            0.0,
            0.0,
            0.0,
            0.0,
            0.0,
            0.0,
            0.0,
            0.0,
            0.0,
            0.0,
            0.0
        ],