{
    "calcinfo_nalpha": 6,
    "calcinfo_natom": 3,
    "calcinfo_nbeta": 5,
    "calcinfo_nmo": 11,
    "molecule": {
        "geometry": [
            [
                -2.1267988646584244,
                -0.31678886020833724,
                0.0
            ],
            [
                0.6242985588416745,
                0.011673293013203452,
                0.0
            ],
            [
                -3.4918881649166496,
                0.21172922308950615,
                0.0
            ]
        ],
        "symbols": [
            "H",
            "F",
            "H"
        ]
    },
    "parameters": {
        "charge": 0.0,
        "conv_only_dens": false,
        "dconv": 0.0001,
        "derivatives": false,
        "dipole": false,
        "econv": 1e-05,
        "ginitial_hessian": false,
        "gmaxiter": 20,
        "gopt": false,
        "gprec": 0.0001,
        "gtest": false,
        "gtol": 0.0001,
        "gval": 1e-05,
        "k": -1,
        "l": 53.492,
        "lo": 0.0010921,
        "loadbalparts": 2,
        "maxiter": 25,
        "maxrotn": 0.25,
        "maxsub": 10,
        "nalpha": 6,
        "nbeta": 5,
        "nio": 1,
        "nmo_alpha": 6,
        "nmo_beta": 5,
        "no_compute": false,
        "noiter": false,
        "nopen": 1,
        "npt_plot": 101,
        "nv_factor": 1,
        "nvalpha": 0,
        "nvbeta": 0,
        "orbitalshift": 0.0,
        "plot_cell": [],
        "plotcoul": false,
        "plotdens": false,
        "plothi": -1,
        "plotlo": 0,
        "print_level": 3,
        "protocol": [
            0.0001,
            1e-06
        ],
        "psp_calc": false,
        "pure_ae": true,
        "restart": false,
        "restartao": false,
        "save": true,
        "smear": 0.0,
        "spin_restricted": false,
        "vnucextra": 2
    },
    "precision": {
        "dconv": 0.0001,
        "econv": 1e-05,
        "eprec": 0.0001,
        "k": 8,
        "thresh": 1e-06
    },
    "return_energy": -100.5286010729351,
    "scf_e_data": {
        "e_coulomb": [
            57.92860111986035,
            56.75431504292105,
            57.00141263787623,
            56.83634470284051,
            56.75975725230627,
            56.70342998868498,
            56.664721492369935,
            56.61028845891384,
            56.55091561793485,
            56.55128572400933,
            56.563426836022714,
            56.562825281046464,
            56.56533222107335,
            56.564326399250874,
            56.56426831846516,
            56.565007007419446
        ],
        "e_kinetic": [
            100.8530395673979,
            99.99818991957804,
            100.41970367744317,
            100.44022798983025,
            100.50232866270207,
            100.54971174695606,
            100.58177176630923,
            100.57727150159455,
            100.56729253538771,
            100.56893473885401,
            100.57957974829378,
            100.5684193682053,
            100.57508390594833,
            100.57281025379234,
            100.573040738062,
            100.5785765589394
        ],
        "e_local": [
            0.0,
            0.0,
            0.0,
            0.0,
            0.0,
            0.0,
            0.0,
            0.0,
            0.0,
            0.0,
            0.0,
            0.0,
            0.0,
            0.0,
            0.0,
            0.0
        ],
        "e_nrep": [
            6.1154025111126105,
            6.1154025111126105,
            6.1154025111126105,
            6.1154025111126105,
            6.1154025111126105,
            6.1154025111126105,
            6.1154025111126105,
            6.1154025111126105,
            6.1154025111126105,
            6.1154025111126105,
            6.1154025111126105,
            6.1154025111126105,
            6.1154025111126105,
            6.1154025111126105,
            6.1154025111126105,
            6.1154025111126105
        ],
        "e_nuclear": [
            -254.59411134475414,
            -252.77279631143537,
            -253.39751511612306,
            -253.25575845551742,
            -253.22959203394296,
            -253.2077231437965,
            -253.1881111216871,
            -253.12758681631863,
            -253.06183683147606,
            -253.06478137882607,
            -253.08570396730403,
            -253.07569477619342,
            -253.08350063124573,
            -253.0807870057402,
            -253.0808181657195,
            -253.08741999875247
        ],
        "e_pcm": [
            0.0,
            0.0,
            0.0,
            0.0,
            0.0,
            0.0,
            0.0,
            0.0,
            0.0,
            0.0,
            0.0,
            0.0,
            0.0,
            0.0,
            0.0,
            0.0
        ],
        "e_tot": [
            -100.40495282147924,
            -100.49138280819413,
            -100.50221341975144,
            -100.51090531777157,
            -100.51834566560312,
            -100.52339113147967,
            -100.52650412108235,
            -100.52740247628387,
            -100.52795463141555,
            -100.52807802093598,
            -100.52811398863548,
            -100.52811821568265,
            -100.52812326726482,
            -100.52812543761448,
            -100.52797075969784,
            -100.5286010729351
        ],
        "e_xc": [
            -10.707884675095965,
            -10.586493970370455,
            -10.641217130060365,
            -10.64712206603751,
            -10.666242057781098,
            -10.684212234436819,
            -10.700288769187036,
            -10.702778131586255,
            -10.699728464374655,
            -10.698919616085862,
            -10.700819116760554,
            -10.699070599853602,
            -10.700441274153382,
            -10.699877596030095,
            -10.6998641616181,
            -10.700167151654092
        ],
        "iterations": 16
    },
    "scf_eigenvalues_a": {
        "dims": [
            6
        ],
        "size": 6,
        "vals": [
            -26.39879024323607,
            -1.344217468150342,
            -0.6205251193596366,
            -0.7321009553924931,
            -0.7287508308999033,
            -1.1553107434204666
        ]
    },
    "scf_eigenvalues_b": {
        "dims": [
            5
        ],
        "size": 5,
        "vals": [
            -26.351585666916307,
            -1.4763005542195664,
            -0.6129143248739666,
            -0.6793941018503591,
            -0.6792737205880215
        ]
    },
    "time": "2024-05-02 15:35:05",
    "wall_time": 43.82882213592529
}