{
    "calcinfo_nalpha": 8,
    "calcinfo_natom": 3,
    "calcinfo_nbeta": 7,
    "calcinfo_nmo": 15,
    "molecule": {
        "geometry": [
            [
                -1.2087516137277465,
                0.20151191532087545,
                0.0
            ],
            [
                0.8207989516547314,
                -0.41734661116881566,
                0.0
            ],
            [
                2.7156686345111067,
                1.5108428709355821,
                0.0
            ]
        ],
        "symbols": [
            "N",
            "N",
            "H"
        ]
    },
    "parameters": {
        "charge": 0.0,
        "conv_only_dens": false,
        "dconv": 0.0001,
        "derivatives": false,
        "dipole": false,
        "econv": 1e-05,
        "ginitial_hessian": false,
        "gmaxiter": 20,
        "gopt": false,
        "gprec": 0.0001,
        "gtest": false,
        "gtol": 0.0001,
        "gval": 1e-05,
        "k": -1,
        "l": 52.716,
        "lo": 0.0016603,
        "loadbalparts": 2,
        "maxiter": 25,
        "maxrotn": 0.25,
        "maxsub": 10,
        "nalpha": 8,
        "nbeta": 7,
        "nio": 1,
        "nmo_alpha": 8,
        "nmo_beta": 7,
        "no_compute": false,
        "noiter": false,
        "nopen": 1,
        "npt_plot": 101,
        "nv_factor": 1,
        "nvalpha": 0,
        "nvbeta": 0,
        "orbitalshift": 0.0,
        "plot_cell": [],
        "plotcoul": false,
        "plotdens": false,
        "plothi": -1,
        "plotlo": 0,
        "print_level": 3,
        "protocol": [
            0.0001,
            1e-06
        ],
        "psp_calc": false,
        "pure_ae": true,
        "restart": false,
        "restartao": false,
        "save": true,
        "smear": 0.0,
        "spin_restricted": false,
        "vnucextra": 2
    },
    "precision": {
        "dconv": 0.0001,
        "econv": 1e-05,
        "eprec": 0.0001,
        "k": 8,
        "thresh": 1e-06
    },
    "return_energy": -109.95145594592285,
    "scf_e_data": {
        "e_coulomb": [
            79.92991642989041,
            78.90183351573282,
            79.3753222555266,
            79.25733468189374,
            79.23384653607692,
            79.19121447305571,
            79.16927109976046,
            79.15191042880262,
            79.15612657967836,
            79.16132701770206,
            79.16051492492925,
            79.16119679292657,
            79.16111385655041,
            79.1594141080493
        ],
        "e_kinetic": [
            109.77484170729547,
            109.0662076670209,
            109.52460182999693,
            109.54628194589827,
            109.58434504092813,
            109.58486803129313,
            109.57719081966879,
            109.57275048231455,
            109.57810630227968,
            109.5815140981413,
            109.57987153275862,
            109.57893400674082,
            109.57929881954777,
            109.57359074833192
        ],
        "e_local": [
            0.0,
            0.0,
            0.0,
            0.0,
            0.0,
            0.0,
            0.0,
            0.0,
            0.0,
            0.0,
            0.0,
            0.0,
            0.0,
            0.0
        ],
        "e_nrep": [
            27.37486665666924,
            27.37486665666924,
            27.37486665666924,
            27.37486665666924,
            27.37486665666924,
            27.37486665666924,
            27.37486665666924,
            27.37486665666924,
            27.37486665666924,
            27.37486665666924,
            27.37486665666924,
            27.37486665666924,
            27.37486665666924,
            27.37486665666924
        ],
        "e_nuclear": [
            -312.9185476568195,
            -311.4324319257893,
            -312.31596206812094,
            -312.23108121409655,
            -312.24445897262206,
            -312.2024127591131,
            -312.17252133664056,
            -312.1519597581281,
            -312.16120287663523,
            -312.1692892891134,
            -312.1670635116268,
            -312.1668521055329,
            -312.16687943785405,
            -312.1609397505541
        ],
        "e_pcm": [
            0.0,
            0.0,
            0.0,
            0.0,
            0.0,
            0.0,
            0.0,
            0.0,
            0.0,
            0.0,
            0.0,
            0.0,
            0.0,
            0.0
        ],
        "e_tot": [
            -109.8191094569234,
            -109.93302454473897,
            -109.94392005802504,
            -109.9472028813708,
            -109.9487111115661,
            -109.94998026688862,
            -109.95035506583937,
            -109.95053968011726,
            -109.9505789934027,
            -109.9505720441712,
            -109.95058651451376,
            -109.95058048068822,
            -109.95032573195996,
            -109.95145594592285
        ],
        "e_xc": [
            -13.980186593959028,
            -13.843500458372649,
            -13.902748732096866,
            -13.894604951735513,
            -13.897310372618325,
            -13.898516668793597,
            -13.899162305297306,
            -13.898107489775562,
            -13.89847565539476,
            -13.898990527570387,
            -13.898776117244054,
            -13.898725831491983,
            -13.898725626873338,
            -13.89838770841918
        ],
        "iterations": 14
    },
    "scf_eigenvalues_a": {
        "dims": [
            8
        ],
        "size": 8,
        "vals": [
            -14.078048991387842,
            -14.059312410996416,
            -1.0078921515629595,
            -0.44533219043190275,
            -0.36893225006501007,
            -0.42241404665569626,
            -0.4528351933294581,
            -0.3679989381331503
        ]
    },
    "scf_eigenvalues_b": {
        "dims": [
            7
        ],
        "size": 7,
        "vals": [
            -14.076655175439733,
            -14.044483988667885,
            -1.0023229258643243,
            -0.512024148001551,
            -0.41768084315048615,
            -0.41581365016663985,
            -0.43777938554428353
        ]
    },
    "time": "2024-05-03 21:40:10",
    "wall_time": 52.8534619808197
}