{
    "calcinfo_nalpha": 14,
    "calcinfo_natom": 7,
    "calcinfo_nbeta": 14,
    "calcinfo_nmo": 28,
    "molecule": {
        "geometry": [
            [
                -0.00024098191913631296,
                -0.024903842871562706,
                -3.497159921229458
            ],
            [
                0.0005086736927026596,
                0.02000501893689609,
                -0.17169466184178667
            ],
            [
                -0.02220624898028849,
                2.0400505182983446,
                -0.07730249974972164
            ],
            [
                -1.7441077100707425,
                -0.9978032698761474,
                -0.07022793964228093
            ],
            [
                1.767142467645295,
                -0.9589620316350473,
                -0.07083783532623415
            ],
            [
                -0.00022354448401626495,
                0.19514494022072965,
                3.576880636006722
            ],
            [
                7.664239387725804e-05,
                -1.5403402663302999,
                4.107930448780289
            ]
        ],
        "symbols": [
            "F",
            "C",
            "H",
            "H",
            "H",
            "O",
            "H"
        ]
    },
    "parameters": {
        "charge": -1.0,
        "conv_only_dens": false,
        "dconv": 0.0001,
        "derivatives": false,
        "dipole": false,
        "econv": 1e-05,
        "ginitial_hessian": false,
        "gmaxiter": 20,
        "gopt": false,
        "gprec": 0.0001,
        "gtest": false,
        "gtol": 0.0001,
        "gval": 1e-05,
        "k": -1,
        "l": 54.108,
        "lo": 0.0010921,
        "loadbalparts": 2,
        "maxiter": 25,
        "maxrotn": 0.25,
        "maxsub": 10,
        "nalpha": 14,
        "nbeta": 14,
        "nio": 1,
        "nmo_alpha": 14,
        "nmo_beta": 14,
        "no_compute": false,
        "noiter": false,
        "nopen": 0,
        "npt_plot": 101,
        "nv_factor": 1,
        "nvalpha": 0,
        "nvbeta": 0,
        "orbitalshift": 0.0,
        "plot_cell": [],
        "plotcoul": false,
        "plotdens": false,
        "plothi": -1,
        "plotlo": 0,
        "print_level": 3,
        "protocol": [
            0.0001,
            1e-06
        ],
        "psp_calc": false,
        "pure_ae": true,
        "restart": false,
        "restartao": false,
        "save": true,
        "smear": 0.0,
        "spin_restricted": true,
        "vnucextra": 2
    },
    "precision": {
        "dconv": 0.0001,
        "econv": 1e-05,
        "eprec": 0.0001,
        "k": 8,
        "thresh": 1e-06
    },
    "return_energy": -215.43378000280103,
    "scf_e_data": {
        "e_coulomb": [
            189.70050909683874,
            176.41152745314827,
            181.91154792768532,
            182.13359818114978,
            182.40686675952944,
            182.35502574893658,
            182.36454823012943,
            182.37745340115413,
            182.40359317076644,
            182.40718016515126,
            182.40145400891745,
            182.40156557390037,
            182.41581944774026,
            182.4066318360061,
            182.40765538734715,
            182.40725061194922,
            182.40892651173985,
            182.41255670652555,
            182.41093177179613,
            182.41163315765837
        ],
        "e_kinetic": [
            218.80383063104554,
            209.9310844738035,
            213.99592439955035,
            214.3331304081363,
            214.75860995166326,
            214.69600195757238,
            214.74496742549522,
            214.75190252547878,
            214.7823848073486,
            214.78774685187938,
            214.77739846080638,
            214.77041034861006,
            214.77902555807782,
            214.77234049261367,
            214.77256242358638,
            214.77350997532886,
            214.77690285781696,
            214.781709573741,
            214.78143958739915,
            214.78254775213452
        ],
        "e_local": [
            0.0,
            0.0,
            0.0,
            0.0,
            0.0,
            0.0,
            0.0,
            0.0,
            0.0,
            0.0,
            0.0,
            0.0,
            0.0,
            0.0,
            0.0,
            0.0,
            0.0,
            0.0,
            0.0,
            0.0
        ],
        "e_nrep": [
            69.00549267049327,
            69.00549267049327,
            69.00549267049327,
            69.00549267049327,
            69.00549267049327,
            69.00549267049327,
            69.00549267049327,
            69.00549267049327,
            69.00549267049327,
            69.00549267049327,
            69.00549267049327,
            69.00549267049327,
            69.00549267049327,
            69.00549267049327,
            69.00549267049327,
            69.00549267049327,
            69.00549267049327,
            69.00549267049327,
            69.00549267049327,
            69.00549267049327
        ],
        "e_nuclear": [
            -665.8468654689079,
            -645.4074152036949,
            -654.529755015255,
            -655.0644227928085,
            -655.7312815157904,
            -655.6262136294895,
            -655.682171226211,
            -655.7010517755516,
            -655.7546393535247,
            -655.7633927116174,
            -655.748490387227,
            -655.7421587906309,
            -655.7636138553455,
            -655.7488857683684,
            -655.7501018824059,
            -655.7501571392893,
            -655.7573513151602,
            -655.7653230240487,
            -655.7635794911047,
            -655.7652941103265
        ],
        "e_pcm": [
            0.0,
            0.0,
            0.0,
            0.0,
            0.0,
            0.0,
            0.0,
            0.0,
            0.0,
            0.0,
            0.0,
            0.0,
            0.0,
            0.0,
            0.0,
            0.0,
            0.0,
            0.0,
            0.0,
            0.0
        ],
        "e_tot": [
            -215.00313943824244,
            -215.2294812282791,
            -215.41095694736674,
            -215.42324931108487,
            -215.42970558852312,
            -215.43056922795148,
            -215.43106849615748,
            -215.4312814943691,
            -215.4314664441638,
            -215.43160501049243,
            -215.4316377759793,
            -215.43171039291292,
            -215.43173773735583,
            -215.43175891654465,
            -215.43177075949853,
            -215.43128186675608,
            -215.43377539996544,
            -215.43377948616774,
            -215.43378045376664,
            -215.43378000280103
        ],
        "e_xc": [
            -26.66610636771206,
            -25.17017062202924,
            -25.794166929840692,
            -25.831047778055684,
            -25.869393454418617,
            -25.860875975464218,
            -25.8639055960644,
            -25.865078315943677,
            -25.868297739247392,
            -25.86863198639893,
            -25.867492528969354,
            -25.86702019528571,
            -25.86846155832165,
            -25.867338147289335,
            -25.867379358519372,
            -25.867377985238164,
            -25.867746124855287,
            -25.86821541287884,
            -25.868064992350515,
            -25.868159472760645
        ],
        "iterations": 20
    },
    "scf_eigenvalues_a": {
        "dims": [
            14
        ],
        "size": 14,