{
    "calcinfo_nalpha": 9,
    "calcinfo_natom": 6,
    "calcinfo_nbeta": 9,
    "calcinfo_nmo": 18,
    "molecule": {
        "geometry": [
            [
                1.255515963629746,
                -0.037844998786759364,
                0.0
            ],
            [
                -1.4109673537061151,
                0.22978266858719631,
                0.0
            ],
            [
                2.040168303528129,
                1.8596040806828074,
                0.0
            ],
            [
                -2.149944856049792,
                -1.4186665850894307,
                0.0
            ],
            [
                1.9322098001960535,
                -1.0260644257851956,
                1.6809901211924756
            ],
            [
                1.9322098001960535,
                -1.0260644257851956,
                -1.6809901211924756
            ]
        ],
        "symbols": [
            "C",
            "O",
            "H",
            "H",
            "H",
            "H"
        ]
    },
    "parameters": {
        "charge": 0.0,
        "conv_only_dens": false,
        "dconv": 0.0001,
        "derivatives": false,
        "dipole": false,
        "econv": 1e-05,
        "ginitial_hessian": false,
        "gmaxiter": 20,
        "gopt": false,
        "gprec": 0.0001,
        "gtest": false,
        "gtol": 0.0001,
        "gval": 1e-05,
        "k": -1,
        "l": 52.15,
        "lo": 0.001329,
        "loadbalparts": 2,
        "maxiter": 25,
        "maxrotn": 0.25,
        "maxsub": 10,
        "nalpha": 9,
        "nbeta": 9,
        "nio": 1,
        "nmo_alpha": 9,
        "nmo_beta": 9,
        "no_compute": false,
        "noiter": false,
        "nopen": 0,
        "npt_plot": 101,
        "nv_factor": 1,
        "nvalpha": 0,
        "nvbeta": 0,
        "orbitalshift": 0.0,
        "plot_cell": [],
        "plotcoul": false,
        "plotdens": false,
        "plothi": -1,
        "plotlo": 0,
        "print_level": 3,
        "protocol": [
            0.0001,
            1e-06
        ],
        "psp_calc": false,
        "pure_ae": true,
        "restart": false,
        "restartao": false,
        "save": true,
        "smear": 0.0,
        "spin_restricted": true,
        "vnucextra": 2
    },
    "precision": {
        "dconv": 0.0001,
        "econv": 1e-05,
        "eprec": 0.0001,
        "k": 8,
        "thresh": 1e-06
    },
    "return_energy": -115.64219372248417,
    "scf_e_data": {
        "e_coulomb": [
            99.5503018649455,
            94.2523152796916,
            96.28710998847552,
            96.49197024196205,
            96.47129192282964,
            96.45073182607518,
            96.44213804536875,
            96.44001964707971,
            96.43843756143679,
            96.4382964502082,
            96.43708227111006
        ],
        "e_kinetic": [
            116.95087656199648,
            113.50943630731352,
            114.96359737796834,
            115.2077223795946,
            115.24497052145078,
            115.24407019629793,
            115.2466796460581,
            115.24728536788109,
            115.24629176274838,
            115.24693034849156,
            115.24515632827634
        ],
        "e_local": [
            0.0,
            0.0,
            0.0,
            0.0,
            0.0,
            0.0,
            0.0,
            0.0,
            0.0,
            0.0,
            0.0
        ],
        "e_nrep": [
            40.393359957120474,
            40.393359957120474,
            40.393359957120474,
            40.393359957120474,
            40.393359957120474,
            40.393359957120474,
            40.393359957120474,
            40.393359957120474,
            40.393359957120474,
            40.393359957120474,
            40.393359957120474
        ],
        "e_nuclear": [
            -356.6567509079956,
            -348.6355818238392,
            -351.94848385873115,
            -352.37093410840066,
            -352.3853337214895,
            -352.3645171027108,
            -352.35824736971057,
            -352.3565353866245,
            -352.35411514059535,
            -352.3541365834977,
            -352.35284352701575
        ],
        "e_pcm": [
            0.0,
            0.0,
            0.0,
            0.0,
            0.0,
            0.0,
            0.0,
            0.0,
            0.0,
            0.0,
            0.0
        ],
        "e_tot": [
            -115.44445078327948,
            -115.57570323212036,
            -115.63432746607378,
            -115.63989164411859,
            -115.64081226363854,
            -115.64095579285251,
            -115.64102387620153,
            -115.64108374603725,
            -115.641091648457,
            -115.6406211864635,
            -115.64219372248417
        ],
        "e_xc": [
            -15.682238259346308,
            -15.095232952406807,
            -15.329910930906985,
            -15.362010114395082,
            -15.36510094354998,
            -15.364600669635287,
            -15.364954155038308,
            -15.36521333149404,
            -15.365065789167328,
            -15.36507135878609,
            -15.36494875197528
        ],
        "iterations": 11
    },
    "scf_eigenvalues_a": {
        "dims": [
            9
        ],
        "size": 9,
        "vals": [
            -18.74747497991973,
            -9.914504967518255,
            -0.6411547415050922,
            -0.44431651531644145,
            -0.6813116909539367,
            -0.4443164449737802,
            -0.4423176534329436,
            -0.4194612191814886,
            -0.2594052646135676
        ]
    },
    "time": "2024-05-03 21:08:14",
    "wall_time": 25.030107021331787
}