{
    "calcinfo_nalpha": 6,
    "calcinfo_natom": 6,
    "calcinfo_nbeta": 5,
    "calcinfo_nmo": 11,
    "molecule": {
        "geometry": [
            [
                -1.739420302475064e-05,
                0.5004243141231279,
                0.0
            ],
            [
                -1.990723860228146,
                0.9762931219361861,
                0.0
            ],
            [
                0.9951473397820643,
                0.9770704432880682,
                1.72390013249191
            ],
            [
                0.9951473397820643,
                0.9770704432880682,
                -1.72390013249191
            ],
            [
                0.0005634756990591974,
                -2.112279876145002,
                0.0
            ],
            [
                -2.992981689312527e-05,
                -3.8207000171060876,
                0.0
            ]
        ],
        "symbols": [
            "C",
            "H",
            "H",
            "H",
            "H",
            "H"
        ]
    },
    "parameters": {
        "charge": 0.0,
        "conv_only_dens": false,
        "dconv": 0.0001,
        "derivatives": false,
        "dipole": false,
        "econv": 1e-05,
        "ginitial_hessian": false,
        "gmaxiter": 20,
        "gopt": false,
        "gprec": 0.0001,
        "gtest": false,
        "gtol": 0.0001,
        "gval": 1e-05,
        "k": -1,
        "l": 53.821,
        "lo": 0.0021467,
        "loadbalparts": 2,
        "maxiter": 25,
        "maxrotn": 0.25,
        "maxsub": 10,
        "nalpha": 6,
        "nbeta": 5,
        "nio": 1,
        "nmo_alpha": 6,
        "nmo_beta": 5,
        "no_compute": false,
        "noiter": false,
        "nopen": 1,
        "npt_plot": 101,
        "nv_factor": 1,
        "nvalpha": 0,
        "nvbeta": 0,
        "orbitalshift": 0.0,
        "plot_cell": [],
        "plotcoul": false,
        "plotdens": false,
        "plothi": -1,
        "plotlo": 0,
        "print_level": 3,
        "protocol": [
            0.0001,
            1e-06
        ],
        "psp_calc": false,
        "pure_ae": true,
        "restart": false,
        "restartao": false,
        "save": true,
        "smear": 0.0,
        "spin_restricted": false,
        "vnucextra": 2
    },
    "precision": {
        "dconv": 0.0001,
        "econv": 1e-05,
        "eprec": 0.0001,
        "k": 8,
        "thresh": 1e-06
    },
    "return_energy": -40.95255195345961,
    "scf_e_data": {
        "e_coulomb": [
            36.559085501524635,
            34.14663153103183,
            34.800885620809595,
            34.87291780821573,
            34.844162304150935,
            34.82016586489238,
            34.82215598866287,
            34.820522790983134,
            34.81906463362195,
            34.81922381047953,
            34.819167427157666,
            34.818590402881895
        ],
        "e_kinetic": [
            41.643722726835065,
            40.19100422038648,
            40.61750308530905,
            40.725027042156675,
            40.72835069034561,
            40.72888790128923,
            40.73250464230216,
            40.73228313396942,
            40.731575194800214,
            40.73192952492322,
            40.732195871673554,
            40.73284289458164
        ],
        "e_local": [
            0.0,
            0.0,
            0.0,
            0.0,
            0.0,
            0.0,
            0.0,
            0.0,
            0.0,
            0.0,
            0.0,
            0.0
        ],
        "e_nrep": [
            15.328619009639162,
            15.328619009639162,
            15.328619009639162,
            15.328619009639162,
            15.328619009639162,
            15.328619009639162,
            15.328619009639162,
            15.328619009639162,
            15.328619009639162,
            15.328619009639162,
            15.328619009639162,
            15.328619009639162
        ],
        "e_nuclear": [
            -127.08130553504625,
            -123.59087930287079,
            -124.59872743126166,
            -124.76058975779945,
            -124.73571517659511,
            -124.71223472319203,
            -124.71706022719727,
            -124.71517016397526,
            -124.71317453538677,
            -124.71367809423458,
            -124.7136835414884,
            -124.71457484966234
        ],
        "e_pcm": [
            0.0,
            0.0,
            0.0,
            0.0,
            0.0,
            0.0,
            0.0,
            0.0,
            0.0,
            0.0,
            0.0,
            0.0
        ],
        "e_tot": [
            -40.84366656006721,
            -40.92890685916979,
            -40.9484787565085,
            -40.950295046999486,
            -40.95145464644932,
            -40.951759932842485,
            -40.95184854683339,
            -40.951898768293646,
            -40.951909489165914,
            -40.951927098959125,
            -40.95172446912225,
            -40.95255195345961
        ],
        "e_xc": [
            -7.293788263019817,
            -7.004282317356488,
            -7.096759041004649,
            -7.116269149211594,
            -7.116871473989919,
            -7.117197985471231,
            -7.118067960240316,
            -7.1181535389101,
            -7.117993791840467,
            -7.118021349766449,
            -7.118023236104232,
            -7.118029410899965
        ],
        "iterations": 12
    },
    "scf_eigenvalues_a": {
        "dims": [
            6
        ],
        "size": 6,
        "vals": [
            -9.89025248928796,
            -0.4540903038121915,
            -0.45409030053549326,
            -0.4540877097226612,
            -0.33787007777633526,
            -0.28419267887216226
        ]
    },
    "scf_eigenvalues_b": {
        "dims": [
            5
        ],
        "size": 5,
        "vals": [
            -9.872043286948358,
            -0.4432886219040246,
            -0.44328861723225055,
            -0.44328508538781386,
            -0.3987974559641039
        ]
    },
    "time": "2024-05-03 22:03:28",
    "wall_time": 34.84594988822937
}