{
    "calcinfo_nalpha": 10,
    "calcinfo_natom": 3,
    "calcinfo_nbeta": 9,
    "calcinfo_nmo": 19,
    "molecule": {
        "geometry": [
            [
                0.0,
                0.0,
                2.8077602093993086
            ],
            [
                0.0,
                0.0,
                0.0
            ],
            [
                0.0,
                0.0,
                -2.8077602093993086
            ]
        ],
        "symbols": [
            "H",
            "Cl",
            "H"
        ]
    },
    "parameters": {
        "charge": 0.0,
        "conv_only_dens": false,
        "dconv": 0.0001,
        "derivatives": false,
        "dipole": false,
        "econv": 1e-05,
        "ginitial_hessian": false,
        "gmaxiter": 20,
        "gopt": false,
        "gprec": 0.0001,
        "gtest": false,
        "gtol": 0.0001,
        "gval": 1e-05,
        "k": -1,
        "l": 52.808,
        "lo": 0.00037839,
        "loadbalparts": 2,
        "maxiter": 25,
        "maxrotn": 0.25,
        "maxsub": 10,
        "nalpha": 10,
        "nbeta": 9,
        "nio": 1,
        "nmo_alpha": 10,
        "nmo_beta": 9,
        "no_compute": false,
        "noiter": false,
        "nopen": 1,
        "npt_plot": 101,
        "nv_factor": 1,
        "nvalpha": 0,
        "nvbeta": 0,
        "orbitalshift": 0.0,
        "plot_cell": [],
        "plotcoul": false,
        "plotdens": false,
        "plothi": -1,
        "plotlo": 0,
        "print_level": 3,
        "protocol": [
            0.0001,
            1e-06
        ],
        "psp_calc": false,
        "pure_ae": true,
        "restart": false,
        "restartao": false,
        "save": true,
        "smear": 0.0,
        "spin_restricted": false,
        "vnucextra": 2
    },
    "precision": {
        "dconv": 0.0001,
        "econv": 1e-05,
        "eprec": 0.0001,
        "k": 8,
        "thresh": 1e-06
    },
    "return_energy": -460.5628069044055,
    "scf_e_data": {
        "e_coulomb": [
            216.31698008065337,
            215.78360247021536,
            215.81483303557172,
            215.82810639365647,
            215.86580169117173,
            215.87794259444306,
            215.88300303325707,
            215.8843681218897,
            215.8841583099433,
            215.88606836063963,
            215.88701729360278
        ],
        "e_kinetic": [
            460.57644151110884,
            460.398901778646,
            460.57990090389774,
            460.59935756958265,
            460.57744607087045,
            460.5778386371457,
            460.5846180045495,
            460.5881619413351,
            460.5883919652978,
            460.5759331597507,
            460.5728356593154
        ],
        "e_local": [
            0.0,
            0.0,
            0.0,
            0.0,
            0.0,
            0.0,
            0.0,
            0.0,
            0.0,
            0.0,
            0.0
        ],
        "e_nrep": [
            12.28737407293799,
            12.28737407293799,
            12.28737407293799,
            12.28737407293799,
            12.28737407293799,
            12.28737407293799,
            12.28737407293799,
            12.28737407293799,
            12.28737407293799,
            12.28737407293799,
            12.28737407293799
        ],
        "e_nuclear": [
            -1121.4993915931443,
            -1120.877981411716,
            -1121.0825758782871,
            -1121.1064418625344,
            -1121.1131224019782,
            -1121.1218900832212,
            -1121.1327817618508,
            -1121.1374293965218,
            -1121.1374660852027,
            -1121.127560322695,
            -1121.1253025554288
        ],
        "e_pcm": [
            0.0,
            0.0,
            0.0,
            0.0,
            0.0,
            0.0,
            0.0,
            0.0,
            0.0,
            0.0,
            0.0
        ],
        "e_tot": [
            -460.45893058883115,
            -460.53758734897895,
            -460.5527929598755,
            -460.56008028671596,
            -460.5617774423895,
            -460.56198756625446,
            -460.56202179219537,
            -460.5620336036907,
            -460.56201995111525,
            -460.56280128975084,
            -460.5628069044055
        ],
        "e_xc": [
            -28.140334660387097,
            -28.129484259062163,
            -28.152325093995856,
            -28.168476460358733,
            -28.179276875391455,
            -28.183252787560132,
            -28.184235141089196,
            -28.184508343331615,
            -28.18447821409157,
            -28.18461656038427,
            -28.184731374832854
        ],
        "iterations": 11
    },
    "scf_eigenvalues_a": {
        "dims": [
            10
        ],
        "size": 10,
        "vals": [
            -104.86347058267742,
            -10.585715428729841,
            -8.051268645824614,
            -8.054089835399296,
            -8.055837479058923,
            -0.9989975027448326,
            -0.6104264141743355,
            -0.4956472694283982,
            -0.4956472840106474,
            -0.6104263967728862
        ]
    },
    "scf_eigenvalues_b": {
        "dims": [
            9
        ],
        "size": 9,
        "vals": [
            -104.86479530372188,
            -10.588199309682253,
            -8.062853024000475,
            -8.052579590248989,
            -8.055552595788104,
            -0.8705773037367899,
            -0.8705755564039599,
            -0.4806177776566676,
            -0.4806177695810101
        ]
    },
    "time": "2024-05-02 15:39:09",
    "wall_time": 75.774827003479
}