{
    "calcinfo_nalpha": 5,
    "calcinfo_natom": 2,
    "calcinfo_nbeta": 3,
    "calcinfo_nmo": 8,
    "molecule": {
        "geometry": [
            [
                0.0,
                0.0,
                0.2448927701276078
            ],
            [
                0.0,
                0.0,
                -1.7142493908932543
            ]
        ],
        "symbols": [
            "N",
            "H"
        ]
    },
    "parameters": {
        "charge": 0.0,
        "conv_only_dens": false,
        "dconv": 0.0001,
        "derivatives": false,
        "dipole": false,
        "econv": 1e-05,
        "ginitial_hessian": false,
        "gmaxiter": 20,
        "gopt": false,
        "gprec": 0.0001,
        "gtest": false,
        "gtol": 0.0001,
        "gval": 1e-05,
        "k": -1,
        "l": 51.714,
        "lo": 0.0016603,
        "loadbalparts": 2,
        "maxiter": 25,
        "maxrotn": 0.25,
        "maxsub": 10,
        "nalpha": 5,
        "nbeta": 3,
        "nio": 1,
        "nmo_alpha": 5,
        "nmo_beta": 3,
        "no_compute": false,
        "noiter": false,
        "nopen": 2,
        "npt_plot": 101,
        "nv_factor": 1,
        "nvalpha": 0,
        "nvbeta": 0,
        "orbitalshift": 0.0,
        "plot_cell": [],
        "plotcoul": false,
        "plotdens": false,
        "plothi": -1,
        "plotlo": 0,
        "print_level": 3,
        "protocol": [
            0.0001,
            1e-06
        ],
        "psp_calc": false,
        "pure_ae": true,
        "restart": false,
        "restartao": false,
        "save": true,
        "smear": 0.0,
        "spin_restricted": false,
        "vnucextra": 2
    },
    "precision": {
        "dconv": 0.0001,
        "econv": 1e-05,
        "eprec": 0.0001,
        "k": 8,
        "thresh": 1e-06
    },
    "return_energy": -54.98620191905096,
    "scf_e_data": {
        "e_coulomb": [
            30.29087958400862,
            29.994082837118246,
            30.011185729188462,
            30.000833061868846,
            30.00123878920892,
            30.002007963170307,
            30.00041003561813,
            30.000218307572396,
            30.000535864191846,
            30.00070345773799,
            30.00067079990991,
            30.000489223854473
        ],
        "e_kinetic": [
            55.038447893702106,
            54.861000932276255,
            54.94646937974731,
            54.95674255556928,
            54.96164757726142,
            54.96248218545722,
            54.96249267177557,
            54.9635968269557,
            54.96389575651905,
            54.96351621396735,
            54.96364533665239,
            54.96028992676594
        ],
        "e_local": [
            0.0,
            0.0,
            0.0,
            0.0,
            0.0,
            0.0,
            0.0,
            0.0,
            0.0,
            0.0,
            0.0,
            0.0
        ],
        "e_nrep": [
            3.572992373535807,
            3.572992373535807,
            3.572992373535807,
            3.572992373535807,
            3.572992373535807,
            3.572992373535807,
            3.572992373535807,
            3.572992373535807,
            3.572992373535807,
            3.572992373535807,
            3.572992373535807,
            3.572992373535807
        ],
        "e_nuclear": [
            -136.88483178403885,
            -136.48734555108877,
            -136.58218040754753,
            -136.57981715596384,
            -136.58198860988367,
            -136.5824569470031,
            -136.5809359287881,
            -136.5818540412132,
            -136.58241340412584,
            -136.58217901726658,
            -136.58218356585894,
            -136.57920720168224
        ],
        "e_pcm": [
            0.0,
            0.0,
            0.0,
            0.0,
            0.0,
            0.0,
            0.0,
            0.0,
            0.0,
            0.0,
            0.0,
            0.0
        ],
        "e_tot": [
            -54.929377070718395,
            -54.97922218427819,
            -54.984479520966026,
            -54.98539914632318,
            -54.98576415291226,
            -54.98584023090915,
            -54.9858729609442,
            -54.98589079742732,
            -54.985884041560546,
            -54.98589407142454,
            -54.985797125095964,
            -54.98620191905096
        ],
        "e_xc": [
            -6.94686513792608,
            -6.919952776119732,
            -6.932946595890081,
            -6.936149981333276,
            -6.939654283034732,
            -6.940865806069383,
            -6.940832113085603,
            -6.940844264278009,
            -6.940894631681401,
            -6.940927099399107,
            -6.940922069335134,
            -6.940766241524937
        ],
        "iterations": 12
    },
    "scf_eigenvalues_a": {
        "dims": [
            5
        ],
        "size": 5,
        "vals": [
            -15.635502679461577,
            -0.935890827604251,
            -0.8267564337360325,
            -0.5471176958804129,
            -0.5471188176629544
        ]
    },
    "scf_eigenvalues_b": {
        "dims": [
            3
        ],
        "size": 3,
        "vals": [
            -15.57337229445626,
            -0.8214368412750157,
            -0.6122757205554632
        ]
    },
    "time": "2024-05-02 15:16:39",
    "wall_time": 25.95902395248413
}