{
    "calcinfo_nalpha": 14,
    "calcinfo_natom": 6,
    "calcinfo_nbeta": 13,
    "calcinfo_nmo": 27,
    "molecule": {
        "geometry": [
            [
                1.9638458575448452e-05,
                6.464805125900144e-07,
                3.442071346264693
            ],
            [
                1.9261715953123055,
                -0.5583188175829579,
                3.840110414163416
            ],
            [
                -0.47942000370579074,
                1.9472048856219513,
                3.840538334466969
            ],
            [
                -1.4464633241441625,
                -1.3888681345108789,
                3.8407887501038624
            ],
            [
                -0.0004061446368545657,
                -5.709304418901642e-06,
                0.80298751479621
            ],
            [
                2.7307676213652114e-09,
                -9.472415746719659e-07,
                -1.9398148877128596
            ]
        ],
        "symbols": [
            "C",
            "H",
            "H",
            "H",
            "H",
            "Cl"
        ]
    },
    "parameters": {
        "charge": 0.0,
        "conv_only_dens": false,
        "dconv": 0.0001,
        "derivatives": false,
        "dipole": false,
        "econv": 1e-05,
        "ginitial_hessian": false,
        "gmaxiter": 20,
        "gopt": false,
        "gprec": 0.0001,
        "gtest": false,
        "gtol": 0.0001,
        "gval": 1e-05,
        "k": -1,
        "l": 53.841,
        "lo": 0.00037839,
        "loadbalparts": 2,
        "maxiter": 25,
        "maxrotn": 0.25,
        "maxsub": 10,
        "nalpha": 14,
        "nbeta": 13,
        "nio": 1,
        "nmo_alpha": 14,
        "nmo_beta": 13,
        "no_compute": false,
        "noiter": false,
        "nopen": 1,
        "npt_plot": 101,
        "nv_factor": 1,
        "nvalpha": 0,
        "nvbeta": 0,
        "orbitalshift": 0.0,
        "plot_cell": [],
        "plotcoul": false,
        "plotdens": false,
        "plothi": -1,
        "plotlo": 0,
        "print_level": 3,
        "protocol": [
            0.0001,
            1e-06
        ],
        "psp_calc": false,
        "pure_ae": true,
        "restart": false,
        "restartao": false,
        "save": true,
        "smear": 0.0,
        "spin_restricted": false,
        "vnucextra": 2
    },
    "precision": {
        "dconv": 0.0001,
        "econv": 1e-05,
        "eprec": 0.0001,
        "k": 8,
        "thresh": 1e-06
    },
    "return_energy": -499.6730604187626,
    "scf_e_data": {
        "e_coulomb": [
            270.56022667027355,
            268.75722884444775,
            268.7441968352859,
            268.7211645269072,
            268.73393325134356,
            268.7587865485478,
            268.78439207296015,
            268.7938985331041,
            268.798602506329,
            268.8017005662801,
            268.8016478171183,
            268.8024167383211,
            268.8030753027437,
            268.8034319705547,
            268.80308868989516,
            268.8058989371073,
            268.8086891991002
        ],
        "e_kinetic": [
            500.48665904689676,
            499.42473238882343,
            499.56375119204586,
            499.6589868699929,
            499.67665730489773,
            499.66418258213776,
            499.6627173245545,
            499.66653764045066,
            499.66776774032417,
            499.66602783087956,
            499.66597009509593,
            499.6654517162642,
            499.6656785216943,
            499.66571921214637,
            499.6665867762645,
            499.65501046732913,
            499.65461798406136
        ],
        "e_local": [
            0.0,
            0.0,
            0.0,
            0.0,
            0.0,
            0.0,
            0.0,
            0.0,
            0.0,
            0.0,
            0.0,
            0.0,
            0.0,
            0.0,
            0.0,
            0.0,
            0.0
        ],
        "e_nrep": [
            46.25147753614021,
            46.25147753614021,
            46.25147753614021,
            46.25147753614021,
            46.25147753614021,
            46.25147753614021,
            46.25147753614021,
            46.25147753614021,
            46.25147753614021,
            46.25147753614021,
            46.25147753614021,
            46.25147753614021,
            46.25147753614021,
            46.25147753614021,
            46.25147753614021,
            46.25147753614021,
            46.25147753614021
        ],
        "e_nuclear": [
            -1282.5837545476593,
            -1280.028411149408,
            -1280.1437456196836,
            -1280.202675066728,
            -1280.2226898806857,
            -1280.2332566282369,
            -1280.2566669523962,
            -1280.269810025955,
            -1280.2758061942834,
            -1280.2772851810892,
            -1280.2773023229524,
            -1280.2776693582136,
            -1280.2785594669438,
            -1280.2789852105047,
            -1280.2790130822182,
            -1280.2722447111205,
            -1280.2743882928967
        ],
        "e_pcm": [
            0.0,
            0.0,
            0.0,
            0.0,
            0.0,
            0.0,
            0.0,
            0.0,
            0.0,
            0.0,
            0.0,
            0.0,
            0.0,
            0.0,
            0.0,
            0.0,
            0.0
        ],
        "e_tot": [
            -499.48754932535087,
            -499.64592322994463,
            -499.66019086454094,
            -499.66761013125017,
            -499.6701709430638,
            -499.6708335997896,
            -499.67108381530716,
            -499.6711774031455,
            -499.6712488033377,
            -499.67122399902246,
            -499.6712676929619,
            -499.67128220959614,
            -499.67126074284033,
            -499.671273905724,
            -499.67077242927064,
            -499.6730566739227,
            -499.6730604187626
        ],
        "e_xc": [
            -34.202158031002156,
            -34.05095084994814,
            -34.075870808329256,
            -34.096563997562455,
            -34.109549154759534,
            -34.11202363837849,
            -34.11300379656572,
            -34.11328108688549,
            -34.11329039184764,
            -34.113144751233186,
            -34.11306081836385,
            -34.112958842108,
            -34.112932636474795,
            -34.11291741406046,
            -34.11291234935237,
            -34.11319890337884,
            -34.11345684516762
        ],
        "iterations": 17
    },
    "scf_eigenvalues_a": {
        "dims": [
            14
        ],
        "size": 14,
        "vals": [
            -104.81774560847404,
            -11.275698546475109,
            -9.812846285516166,
            -8.754104810297456,
            -8.007995316787223,
            -8.008741925503692,
            -0.8656751699225742,
            -0.7325846703478511,
            -0.7325849735181753,
            -0.7325856349412327,
            -0.7684681631082197,
            -0.45402615681596714,
            -0.45400137335366697,
            -0.5652851582148859
        ]
    },
    "scf_eigenvalues_b": {
        "dims": [
            13
        ],
        "size": 13,
        "vals": [
            -104.81136145833634,
            -11.256554334594007,
            -10.144286336322267,
            -8.391927622389105,
            -8.004796310478078,
            -8.005329776754792,
            -0.930794727746382,
            -0.7100502952620347,
            -0.7100516586285277,
            -0.7100515407363461,
            -0.683140970317546,
            -0.4443083710513127,
            -0.44430841714112645
        ]
    },
    "time": "2024-05-02 15:32:09",
    "wall_time": 149.7613091468811
}