{
    "calcinfo_nalpha": 14,
    "calcinfo_natom": 6,
    "calcinfo_nbeta": 13,
    "calcinfo_nmo": 27,
    "molecule": {
        "geometry": [
            [
                -4.269702400794938,
                0.026864057775683344,
                0.0
            ],
            [
                -1.171555944516246,
                -0.002948299683340852,
                0.0
            ],
            [
                2.5082905081979257,
                0.002360070669135884,
                0.0
            ],
            [
                3.0430238578142785,
                1.9761122022154871,
                0.0
            ],
            [
                3.0466932752846385,
                -0.9835077946945956,
                1.7088501268024727
            ],
            [
                3.0466932752846385,
                -0.9835077946945956,
                -1.7088501268024727
            ]
        ],
        "symbols": [
            "H",
            "Cl",
            "C",
            "H",
            "H",
            "H"
        ]
    },
    "parameters": {
        "charge": 0.0,
        "conv_only_dens": false,
        "dconv": 0.0001,
        "derivatives": false,
        "dipole": false,
        "econv": 1e-05,
        "ginitial_hessian": false,
        "gmaxiter": 20,
        "gopt": false,
        "gprec": 0.0001,
        "gtest": false,
        "gtol": 0.0001,
        "gval": 1e-05,
        "k": -1,
        "l": 54.27,
        "lo": 0.00037839,
        "loadbalparts": 2,
        "maxiter": 25,
        "maxrotn": 0.25,
        "maxsub": 10,
        "nalpha": 14,
        "nbeta": 13,
        "nio": 1,
        "nmo_alpha": 14,
        "nmo_beta": 13,
        "no_compute": false,
        "noiter": false,
        "nopen": 1,
        "npt_plot": 101,
        "nv_factor": 1,
        "nvalpha": 0,
        "nvbeta": 0,
        "orbitalshift": 0.0,
        "plot_cell": [],
        "plotcoul": false,
        "plotdens": false,
        "plothi": -1,
        "plotlo": 0,
        "print_level": 3,
        "protocol": [
            0.0001,
            1e-06
        ],
        "psp_calc": false,
        "pure_ae": true,
        "restart": false,
        "restartao": false,
        "save": true,
        "smear": 0.0,
        "spin_restricted": false,
        "vnucextra": 2
    },
    "precision": {
        "dconv": 0.0001,
        "econv": 1e-05,
        "eprec": 0.0001,
        "k": 8,
        "thresh": 1e-06
    },
    "return_energy": -499.6225455650259,
    "scf_e_data": {
        "e_coulomb": [
            279.6276064762996,
            277.32138061019765,
            277.54849113753687,
            277.47102953525933,
            277.4464878181705,
            277.4690237420198,
            277.4922782755936,
            277.4941596868245,
            277.4922415948971,
            277.49037516692545,
            277.4874555191652,
            277.48572671111634,
            277.48490028165304,
            277.48471458610425,
            277.4843603417947,
            277.48770774869445,
            277.4901564837026
        ],
        "e_kinetic": [
            500.287048712633,
            499.2677759406797,
            499.52059198427435,
            499.6146808350031,
            499.61674362836084,
            499.6127591424954,
            499.6212415011588,
            499.62692968245824,
            499.62939255388267,
            499.6304846373647,
            499.6299619083188,
            499.6296420851404,
            499.6288604807477,
            499.62783710660227,
            499.628730411903,
            499.6187453298008,
            499.6182913359288
        ],
        "e_local": [
            0.0,
            0.0,
            0.0,
            0.0,
            0.0,
            0.0,
            0.0,
            0.0,
            0.0,
            0.0,
            0.0,
            0.0,
            0.0,
            0.0,
            0.0,
            0.0,
            0.0
        ],
        "e_nrep": [
            55.12055126530956,
            55.12055126530956,
            55.12055126530956,
            55.12055126530956,
            55.12055126530956,
            55.12055126530956,
            55.12055126530956,
            55.12055126530956,
            55.12055126530956,
            55.12055126530956,
            55.12055126530956,
            55.12055126530956,
            55.12055126530956,
            55.12055126530956,
            55.12055126530956,
            55.12055126530956,
            55.12055126530956
        ],
        "e_nuclear": [
            -1300.277562477023,
            -1297.2845329279403,
            -1297.7400389696106,
            -1297.745084335118,
            -1297.7107789767695,
            -1297.7215992789233,
            -1297.7496089648662,
            -1297.7570569367363,
            -1297.75743614416,
            -1297.7563721396696,
            -1297.7530867227551,
            -1297.7512236664984,
            -1297.7499043222897,
            -1297.748982620105,
            -1297.749024214395,
            -1297.7442269361577,
            -1297.7460116454859
        ],
        "e_pcm": [
            0.0,
            0.0,
            0.0,
            0.0,
            0.0,
            0.0,
            0.0,
            0.0,
            0.0,
            0.0,
            0.0,
            0.0,
            0.0,
            0.0,
            0.0,
            0.0,
            0.0
        ],
        "e_tot": [
            -499.39939533180507,
            -499.5755094263353,
            -499.5964311577204,
            -499.6115482628693,
            -499.6179805174693,
            -499.62010014309317,
            -499.62065209431057,
            -499.6208004288968,
            -499.62086027396504,
            -499.62088634777206,
            -499.62091295822313,
            -499.62092136076114,
            -499.6209468657571,
            -499.6209565131852,
            -499.6203698840801,
            -499.62253987170266,
            -499.6225455650259
        ],
        "e_xc": [
            -34.15703930902433,
            -34.000684314581875,
            -34.0460265752306,
            -34.07272556332331,
            -34.09098425254072,
            -34.10083501399464,
            -34.1051141715063,
            -34.10538412675289,
            -34.105609543894374,
            -34.10592527770217,
            -34.105794928261574,
            -34.10561775582907,
            -34.105354571177756,
            -34.10507685109643,
            -34.10498768869245,
            -34.10531727934976,
            -34.1055330044811
        ],
        "iterations": 17
    },
    "scf_eigenvalues_a": {
        "dims": [
            14
        ],
        "size": 14,
        "vals": [
            -104.833319012528,
            -11.280065921817535,
            -10.55726705816,
            -8.020595817260865,
            -8.02638436477164,
            -8.024841501920665,
            -0.9910974538007884,
            -0.7164167033481461,
            -0.7164166487545673,
            -0.7164382350050218,
            -0.6046034615746909,
            -0.4677594518672814,
            -0.46771450270137205,
            -0.5056461236555838
        ]
    },
    "scf_eigenvalues_b": {
        "dims": [
            13
        ],
        "size": 13,
        "vals": [
            -104.83510734948266,
            -11.267080513541575,
            -10.559190582266503,
            -8.033158549209091,
            -8.02586635846879,
            -8.024296686266815,
            -0.8722386125800377,
            -0.7037757844141386,
            -0.7037756722758954,
            -0.7037867611188475,
            -0.7839270693892364,
            -0.45892060760529274,
            -0.45878256634940495
        ]
    },
    "time": "2024-05-02 14:49:58",
    "wall_time": 152.7206108570099
}