{
    "calcinfo_nalpha": 10,
    "calcinfo_natom": 6,
    "calcinfo_nbeta": 9,
    "calcinfo_nmo": 19,
    "molecule": {
        "geometry": [
            [
                3.7812803492147307,
                -0.0004833086680769261,
                0.0
            ],
            [
                1.4408800992016453,
                0.00020576157234508883,
                0.0
            ],
            [
                -1.7124101314308164,
                -0.00010068439077588764,
                0.0
            ],
            [
                -2.15706663603818,
                -1.991530200278303,
                0.0
            ],
            [
                -2.158836908703231,
                0.9953828805699649,
                1.7241001222085532
            ],
            [
                -2.158836908703231,
                0.9953828805699649,
                -1.7241001222085532
            ]
        ],
        "symbols": [
            "H",
            "F",
            "C",
            "H",
            "H",
            "H"
        ]
    },
    "parameters": {
        "charge": 0.0,
        "conv_only_dens": false,
        "dconv": 0.0001,
        "derivatives": false,
        "dipole": false,
        "econv": 1e-05,
        "ginitial_hessian": false,
        "gmaxiter": 20,
        "gopt": false,
        "gprec": 0.0001,
        "gtest": false,
        "gtol": 0.0001,
        "gval": 1e-05,
        "k": -1,
        "l": 53.781,
        "lo": 0.0010921,
        "loadbalparts": 2,
        "maxiter": 25,
        "maxrotn": 0.25,
        "maxsub": 10,
        "nalpha": 10,
        "nbeta": 9,
        "nio": 1,
        "nmo_alpha": 10,
        "nmo_beta": 9,
        "no_compute": false,
        "noiter": false,
        "nopen": 1,
        "npt_plot": 101,
        "nv_factor": 1,
        "nvalpha": 0,
        "nvbeta": 0,
        "orbitalshift": 0.0,
        "plot_cell": [],
        "plotcoul": false,
        "plotdens": false,
        "plothi": -1,
        "plotlo": 0,
        "print_level": 3,
        "protocol": [
            0.0001,
            1e-06
        ],
        "psp_calc": false,
        "pure_ae": true,
        "restart": false,
        "restartao": false,
        "save": true,
        "smear": 0.0,
        "spin_restricted": false,
        "vnucextra": 2
    },
    "precision": {
        "dconv": 0.0001,
        "econv": 1e-05,
        "eprec": 0.0001,
        "k": 8,
        "thresh": 1e-06
    },
    "return_energy": -139.53426998565132,
    "scf_e_data": {
        "e_coulomb": [
            111.11261300253649,
            107.86154552670286,
            108.31918624468345,
            108.13606009814352,
            108.07323811866952,
            108.02149682844714,
            107.99054634798796,
            107.86401809949962,
            108.02512857599237,
            108.25873132431704,
            107.99325378943595,
            107.92475583024529,
            107.89683967008932,
            107.88225527685759,
            107.8330745305904,
            107.86330747592508,
            107.88214004648023,
            107.88478131509652,
            107.88001840433063,
            107.87825613635263,
            107.87770517469752,
            107.87765699183458,
            107.8774973166104,
            107.87868424413158
        ],
        "e_kinetic": [
            140.88510397479627,
            138.9647335743004,
            139.41365513076778,
            139.44364671568806,
            139.4775375586509,
            139.51120129557816,
            139.4993540221253,
            139.40605768071558,
            139.55282613231952,
            139.7231130340628,
            139.54350082523067,
            139.49793533087228,
            139.48168077267187,
            139.47120510979477,
            139.4281289936571,
            139.4574526661307,
            139.47678792178823,
            139.4790965503098,
            139.47767820669924,
            139.4748669835172,
            139.47280346404585,
            139.47240578575884,
            139.4727111246968,
            139.4794956447007
        ],
        "e_local": [
            0.0,
            0.0,
            0.0,
            0.0,
            0.0,
            0.0,
            0.0,
            0.0,
            0.0,
            0.0,
            0.0,
            0.0,
            0.0,
            0.0,
            0.0,
            0.0,
            0.0,
            0.0,
            0.0,
            0.0,
            0.0,
            0.0,
            0.0,
            0.0
        ],
        "e_nrep": [
            38.79776453399641,
            38.79776453399641,
            38.79776453399641,
            38.79776453399641,
            38.79776453399641,
            38.79776453399641,
            38.79776453399641,
            38.79776453399641,
            38.79776453399641,
            38.79776453399641,
            38.79776453399641,
            38.79776453399641,
            38.79776453399641,
            38.79776453399641,
            38.79776453399641,
            38.79776453399641,
            38.79776453399641,
            38.79776453399641,
            38.79776453399641,
            38.79776453399641,
            38.79776453399641,
            38.79776453399641,
            38.79776453399641,
            38.79776453399641
        ],
        "e_nuclear": [
            -413.3554464834734,
            -408.6747955957629,
            -409.52350015269224,
            -409.37193871036277,
            -409.33822011461655,
            -409.30949930931945,
            -409.26492076925524,
            -409.0602432165696,
            -409.3475157408533,
            -409.70781559813213,
            -409.30080028338807,
            -409.19295917073055,
            -409.1505688896342,
            -409.1271569295514,
            -409.0423541714176,
            -409.0965038515384,
            -409.1313725964192,
            -409.13575626632235,
            -409.1298047959473,
            -409.1259130782289,
            -409.1239938946626,
            -409.12371104233796,
            -409.1237375692202,
            -409.13220272273486
        ],
        "e_pcm": [
            0.0,
            0.0,
            0.0,
            0.0,
            0.0,
            0.0,
            0.0,
            0.0,
            0.0,
            0.0,
            0.0,
            0.0,
            0.0,
            0.0,
            0.0,
            0.0,
            0.0,
            0.0,
            0.0,
            0.0,
            0.0,
            0.0,
            0.0,
            0.0
        ],
        "e_tot": [
            -139.29961099145044,
            -139.48802485545875,
            -139.5049099888944,
            -139.5150805430639,
            -139.52098542630065,
            -139.5270178246762,
            -139.5294789872372,
            -139.53104521039552,
            -139.53129711395496,
            -139.52923931008982,
            -139.53276298715394,
            -139.53318524930611,
            -139.53326007347277,
            -139.5332293419122,
            -139.53315511094553,
            -139.53323400317535,
            -139.53330084072292,
            -139.53335185892547,
            -139.53330629934828,
            -139.53342074715945,
            -139.53341472941437,
            -139.5334396003156,
            -139.53331959287763,
            -139.53426998565132
        ],