{
    "calcinfo_nalpha": 14,
    "calcinfo_natom": 10,
    "calcinfo_nbeta": 12,
    "calcinfo_nmo": 26,
    "molecule": {
        "geometry": [
            [
                0.001329207346143956,
                -0.8497348698699956,
                2.636139176261297
            ],
            [
                0.0038296629648207443,
                1.3493808430255352,
                0.8234394955507164
            ],
            [
                0.005736995083263716,
                -0.7149824066637592,
                -3.6425813241023133
            ],
            [
                -1.5792187050860735,
                -2.118289994026511,
                2.267839679903147
            ],
            [
                1.7419014670853576,
                -1.9424179773797572,
                2.498399184729228
            ],
            [
                -0.16881640474222895,
                -0.19908545352280654,
                4.589599190669238
            ],
            [
                -1.7143616102670904,
                2.4726699068720106,
                0.7893144593639628
            ],
            [
                1.695968619031502,
                2.511631933102837,
                0.8336079704213795
            ],
            [
                -0.05397305418305482,
                0.3412711380650511,
                -1.5656414281229332
            ],
            [
                0.007387500712953616,
                0.9412214546022549,
                -4.672521819119911
            ]
        ],
        "symbols": [
            "C",
            "C",
            "N",
            "H",
            "H",
            "H",
            "H",
            "H",
            "H",
            "H"
        ]
    },
    "parameters": {
        "charge": 0.0,
        "conv_only_dens": false,
        "dconv": 0.0001,
        "derivatives": false,
        "dipole": false,
        "econv": 1e-05,
        "ginitial_hessian": false,
        "gmaxiter": 20,
        "gopt": false,
        "gprec": 0.0001,
        "gtest": false,
        "gtol": 0.0001,
        "gval": 1e-05,
        "k": -1,
        "l": 54.673,
        "lo": 0.0016603,
        "loadbalparts": 2,
        "maxiter": 25,
        "maxrotn": 0.25,
        "maxsub": 10,
        "nalpha": 14,
        "nbeta": 12,
        "nio": 1,
        "nmo_alpha": 14,
        "nmo_beta": 12,
        "no_compute": false,
        "noiter": true,
        "nopen": 2,
        "npt_plot": 101,
        "nv_factor": 1,
        "nvalpha": 0,
        "nvbeta": 0,
        "orbitalshift": 0.0,
        "plot_cell": [],
        "plotcoul": false,
        "plotdens": false,
        "plothi": -1,
        "plotlo": 0,
        "print_level": 3,
        "protocol": [
            1e-06
        ],
        "psp_calc": false,
        "pure_ae": true,
        "restart": true,
        "restartao": false,
        "save": true,
        "smear": 0.0,
        "spin_restricted": false,
        "vnucextra": 2
    },
    "precision": {
        "dconv": 0.0001,
        "econv": 1e-05,
        "eprec": 0.0001,
        "k": 8,
        "thresh": 1e-06
    },
    "return_energy": -134.8661407977054,
    "scf_e_data": {
        "e_coulomb": [
            136.06371546364144
        ],
        "e_kinetic": [
            134.12639667659585
        ],
        "e_local": [
            0.0
        ],
        "e_nrep": [
            71.85719635448817
        ],
        "e_nuclear": [
            -456.8115206843565
        ],
        "e_pcm": [
            0.0
        ],
        "e_tot": [
            -134.8661407977054
        ],
        "e_xc": [
            -20.101928608074395
        ],
        "iterations": 1
    },
    "scf_eigenvalues_a": {
        "dims": [
            14
        ],
        "size": 14,
        "vals": [
            -15.599289957544165,
            -11.211535076905605,
            -11.236480795991337,
            -0.6549688542717522,
            -0.8851069615284466,
            -0.6933085212449202,
            -0.6550230021555699,
            -0.6566938274759309,
            -0.7206063391548698,
            -0.7322215993619945,
            -0.6925433536722281,
            -0.6501830033931655,
            -0.5185518948432111,
            -0.5267439361883843
        ]
    },
    "scf_eigenvalues_b": {
        "dims": [
            12
        ],
        "size": 12,
        "vals": [
            -15.546587378077852,
            -11.21359161442438,
            -11.216927416291874,
            -0.6549377643438388,
            -0.800235433603423,
            -0.6719862083225296,
            -0.6721821288051303,
            -0.6544227130531206,
            -0.7045077095408896,
            -0.6130601592997316,
            -0.6554461590413736,
            -0.575426909659094
        ]
    },
    "time": "2024-05-02 17:29:35",
    "wall_time": 13.597924947738647
}