{
    "calcinfo_nalpha": 9,
    "calcinfo_natom": 4,
    "calcinfo_nbeta": 9,
    "calcinfo_nmo": 18,
    "molecule": {
        "geometry": [
            [
                -0.23888201900611628,
                3.2356220370945095e-09,
                0.0
            ],
            [
                1.1944100847308206,
                -1.1256551029756698,
                1.9496917918083914
            ],
            [
                1.1944100847308206,
                -1.1256551029756698,
                -1.9496917918083914
            ],
            [
                1.194410115630105,
                2.251310157417009,
                0.0
            ]
        ],
        "symbols": [
            "P",
            "H",
            "H",
            "H"
        ]
    },
    "parameters": {
        "charge": 0.0,
        "conv_only_dens": false,
        "dconv": 0.0001,
        "derivatives": false,
        "dipole": false,
        "econv": 1e-05,
        "ginitial_hessian": false,
        "gmaxiter": 20,
        "gopt": false,
        "gprec": 0.0001,
        "gtest": false,
        "gtol": 0.0001,
        "gval": 1e-05,
        "k": -1,
        "l": 52.251,
        "lo": 0.00046616,
        "loadbalparts": 2,
        "maxiter": 25,
        "maxrotn": 0.25,
        "maxsub": 10,
        "nalpha": 9,
        "nbeta": 9,
        "nio": 1,
        "nmo_alpha": 9,
        "nmo_beta": 9,
        "no_compute": false,
        "noiter": true,
        "nopen": 0,
        "npt_plot": 101,
        "nv_factor": 1,
        "nvalpha": 0,
        "nvbeta": 0,
        "orbitalshift": 0.0,
        "plot_cell": [],
        "plotcoul": false,
        "plotdens": false,
        "plothi": -1,
        "plotlo": 0,
        "print_level": 3,
        "protocol": [
            1e-06
        ],
        "psp_calc": false,
        "pure_ae": true,
        "restart": true,
        "restartao": false,
        "save": true,
        "smear": 0.0,
        "spin_restricted": true,
        "vnucextra": 2
    },
    "precision": {
        "dconv": 0.0001,
        "econv": 1e-05,
        "eprec": 0.0001,
        "k": 8,
        "thresh": 1e-06
    },
    "return_energy": -342.97868571766605,
    "scf_e_data": {
        "e_coulomb": [
            172.10403118405668
        ],
        "e_kinetic": [
            342.46962239540625
        ],
        "e_local": [
            0.0
        ],
        "e_nrep": [
            17.63059054613049
        ],
        "e_nuclear": [
            -851.0117262883523
        ],
        "e_pcm": [
            0.0
        ],
        "e_tot": [
            -342.97868571766605
        ],
        "e_xc": [
            -24.17120355490721
        ],
        "iterations": 1
    },
    "scf_eigenvalues_a": {
        "dims": [
            9
        ],
        "size": 9,
        "vals": [
            -79.93777213183154,
            -5.943285329142867,
            -6.00957180233622,
            -5.949328037038221,
            -5.71324625308611,
            -0.6104987223403742,
            -0.6105020783242048,
            -0.6104980306306669,
            -0.46950313245689035
        ]
    },
    "time": "2024-05-02 17:26:27",
    "wall_time": 4.104372024536133
}