{
    "calcinfo_nalpha": 14,
    "calcinfo_natom": 6,
    "calcinfo_nbeta": 13,
    "calcinfo_nmo": 27,
    "molecule": {
        "geometry": [
            [
                1.9638458575448452e-05,
                6.464805125900144e-07,
                3.442071346264693
            ],
            [
                1.9261715953123055,
                -0.5583188175829579,
                3.840110414163416
            ],
            [
                -0.47942000370579074,
                1.9472048856219513,
                3.840538334466969
            ],
            [
                -1.4464633241441625,
                -1.3888681345108789,
                3.8407887501038624
            ],
            [
                -0.0004061446368545657,
                -5.709304418901642e-06,
                0.80298751479621
            ],
            [
                2.7307676213652114e-09,
                -9.472415746719659e-07,
                -1.9398148877128596
            ]
        ],
        "symbols": [
            "C",
            "H",
            "H",
            "H",
            "H",
            "Cl"
        ]
    },
    "parameters": {
        "charge": 0.0,
        "conv_only_dens": false,
        "dconv": 0.0001,
        "derivatives": false,
        "dipole": false,
        "econv": 1e-05,
        "ginitial_hessian": false,
        "gmaxiter": 20,
        "gopt": false,
        "gprec": 0.0001,
        "gtest": false,
        "gtol": 0.0001,
        "gval": 1e-05,
        "k": -1,
        "l": 53.841,
        "lo": 0.00037839,
        "loadbalparts": 2,
        "maxiter": 25,
        "maxrotn": 0.25,
        "maxsub": 10,
        "nalpha": 14,
        "nbeta": 13,
        "nio": 1,
        "nmo_alpha": 14,
        "nmo_beta": 13,
        "no_compute": false,
        "noiter": true,
        "nopen": 1,
        "npt_plot": 101,
        "nv_factor": 1,
        "nvalpha": 0,
        "nvbeta": 0,
        "orbitalshift": 0.0,
        "plot_cell": [],
        "plotcoul": false,
        "plotdens": false,
        "plothi": -1,
        "plotlo": 0,
        "print_level": 3,
        "protocol": [
            1e-06
        ],
        "psp_calc": false,
        "pure_ae": true,
        "restart": true,
        "restartao": false,
        "save": true,
        "smear": 0.0,
        "spin_restricted": false,
        "vnucextra": 2
    },
    "precision": {
        "dconv": 0.0001,
        "econv": 1e-05,
        "eprec": 0.0001,
        "k": 8,
        "thresh": 1e-06
    },
    "return_energy": -500.4178851708498,
    "scf_e_data": {
        "e_coulomb": [
            268.8086891692183
        ],
        "e_kinetic": [
            499.6546179382272
        ],
        "e_local": [
            0.0
        ],
        "e_nrep": [
            46.25147753614021
        ],
        "e_nuclear": [
            -1280.2743882156021
        ],
        "e_pcm": [
            0.0
        ],
        "e_tot": [
            -500.4178851708498
        ],
        "e_xc": [
            -34.858281598833344
        ],
        "iterations": 1
    },
    "scf_eigenvalues_a": {
        "dims": [
            14
        ],
        "size": 14,
        "vals": [
            -104.81774560847404,
            -11.275698546475109,
            -9.812846285516166,
            -8.754104810297456,
            -8.007995316787223,
            -8.008741925503692,
            -0.8656751699225742,
            -0.7325846703478511,
            -0.7325849735181753,
            -0.7325856349412327,
            -0.7684681631082197,
            -0.45402615681596714,
            -0.45400137335366697,
            -0.5652851582148859
        ]
    },
    "scf_eigenvalues_b": {
        "dims": [
            13
        ],
        "size": 13,
        "vals": [
            -104.81136145833634,
            -11.256554334594007,
            -10.144286336322267,
            -8.391927622389105,
            -8.004796310478078,
            -8.005329776754792,
            -0.930794727746382,
            -0.7100502952620347,
            -0.7100516586285277,
            -0.7100515407363461,
            -0.683140970317546,
            -0.4443083710513127,
            -0.44430841714112645
        ]
    },
    "time": "2024-05-02 17:27:40",
    "wall_time": 11.588602066040039
}