{
    "calcinfo_nalpha": 10,
    "calcinfo_natom": 7,
    "calcinfo_nbeta": 9,
    "calcinfo_nmo": 19,
    "molecule": {
        "geometry": [
            [
                0.0007691531204725784,
                0.015057478651249736,
                2.289380551073977
            ],
            [
                0.0002518260547805744,
                -0.205402505125792,
                -2.44523978614735
            ],
            [
                0.005289881353755717,
                -0.22302615860091354,
                -0.017906691605360067
            ],
            [
                1.908761148803048,
                -0.44077468336821635,
                2.882830637838491
            ],
            [
                -0.5255031683524232,
                1.952529249142355,
                2.7035703060670455
            ],
            [
                -1.3940571677962863,
                -1.3419228368754483,
                2.9342007863160013
            ],
            [
                -0.0011202211691744254,
                1.6060695988010607,
                -2.677060055881237
            ]
        ],
        "symbols": [
            "C",
            "O",
            "H",
            "H",
            "H",
            "H",
            "H"
        ]
    },
    "parameters": {
        "charge": 0.0,
        "conv_only_dens": false,
        "dconv": 0.0001,
        "derivatives": false,
        "dipole": false,
        "econv": 1e-05,
        "ginitial_hessian": false,
        "gmaxiter": 20,
        "gopt": false,
        "gprec": 0.0001,
        "gtest": false,
        "gtol": 0.0001,
        "gval": 1e-05,
        "k": -1,
        "l": 52.934,
        "lo": 0.001329,
        "loadbalparts": 2,
        "maxiter": 25,
        "maxrotn": 0.25,
        "maxsub": 10,
        "nalpha": 10,
        "nbeta": 9,
        "nio": 1,
        "nmo_alpha": 10,
        "nmo_beta": 9,
        "no_compute": false,
        "noiter": false,
        "nopen": 1,
        "npt_plot": 101,
        "nv_factor": 1,
        "nvalpha": 0,
        "nvbeta": 0,
        "orbitalshift": 0.0,
        "plot_cell": [],
        "plotcoul": false,
        "plotdens": false,
        "plothi": -1,
        "plotlo": 0,
        "print_level": 3,
        "protocol": [
            0.0001,
            1e-06
        ],
        "psp_calc": false,
        "pure_ae": true,
        "restart": false,
        "restartao": false,
        "save": true,
        "smear": 0.0,
        "spin_restricted": false,
        "vnucextra": 2
    },
    "precision": {
        "dconv": 0.0001,
        "econv": 1e-05,
        "eprec": 0.0001,
        "k": 8,
        "thresh": 1e-06
    },
    "return_energy": -115.60207340292067,
    "scf_e_data": {
        "e_coulomb": [
            96.59656263182998,
            93.21616782061358,
            93.64724665725058,
            93.50943901318584,
            93.45903530975335,
            93.4462265129888,
            93.4505827085694,
            93.44718187710745,
            93.43474077664241,
            93.43250506597501,
            93.43032512435732,
            93.42689033992646,
            93.42635549128406,
            93.42609925215581,
            93.42614480284313,
            93.4266797938102,
            93.42649705818152,
            93.4263365994276,
            93.42670609196296
        ],
        "e_kinetic": [
            117.53225230258354,
            114.99554665402897,
            115.483820758308,
            115.48588070327858,
            115.52503018756566,
            115.53837665749293,
            115.55027399847395,
            115.56246320231051,
            115.56367131491284,
            115.5668305917591,
            115.56764426422819,
            115.56664671904497,
            115.5682462985244,
            115.56921885000133,
            115.56946815831901,
            115.56950116728896,
            115.56915259022547,
            115.56978657567637,
            115.57012325012518
        ],
        "e_local": [
            0.0,
            0.0,
            0.0,
            0.0,
            0.0,
            0.0,
            0.0,
            0.0,
            0.0,
            0.0,
            0.0,
            0.0,
            0.0,
            0.0,
            0.0,
            0.0,
            0.0,
            0.0,
            0.0
        ],
        "e_nrep": [
            37.11878016963886,
            37.11878016963886,
            37.11878016963886,
            37.11878016963886,
            37.11878016963886,
            37.11878016963886,
            37.11878016963886,
            37.11878016963886,
            37.11878016963886,
            37.11878016963886,
            37.11878016963886,
            37.11878016963886,
            37.11878016963886,
            37.11878016963886,
            37.11878016963886,
            37.11878016963886,
            37.11878016963886,
            37.11878016963886,
            37.11878016963886
        ],
        "e_nuclear": [
            -351.218003522166,
            -345.88614158607396,
            -346.7390196323746,
            -346.6010297664031,
            -346.5766219532165,
            -346.56977721565613,
            -346.5823896066297,
            -346.58924415457136,
            -346.57796094513526,
            -346.5779302277074,
            -346.57628199192067,
            -346.57227722321716,
            -346.5733652759001,
            -346.57412329028386,
            -346.5744190496055,
            -346.57488541372004,
            -346.57439923200934,
            -346.57442675167863,
            -346.57663132323114
        ],
        "e_pcm": [
            0.0,
            0.0,
            0.0,
            0.0,
            0.0,
            0.0,
            0.0,
            0.0,
            0.0,
            0.0,
            0.0,
            0.0,
            0.0,
            0.0,
            0.0,
            0.0,
            0.0,
            0.0,
            0.0
        ],
        "e_tot": [
            -115.35473636721031,
            -115.56736684505955,
            -115.58588177070874,
            -115.59343847211699,
            -115.59710727778693,
            -115.5985711814383,
            -115.59933968651194,
            -115.6001406066718,
            -115.60056101328587,
            -115.60071612779933,
            -115.60078491565366,
            -115.60080373307494,
            -115.60083142715996,
            -115.60084711968696,
            -115.60085344616255,
            -115.60084959453297,
            -115.60085219049341,
            -115.60040209202475,
            -115.60207340292067
        ],
        "e_xc": [
            -15.384327949096699,
            -15.011719903266979,
            -15.096709723531577,
            -15.106508591817189,
            -15.123330991528324,
            -15.132177305902747,
            -15.136586956564415,
            -15.139321701157261,
            -15.139792329344692,
            -15.140901727464907,
            -15.141252481957377,
            -15.14084373846805,
            -15.140848110707196,
            -15.140822101199104,
            -15.140827527358002,
            -15.140925311550937,
            -15.14088277652992,
            -15.140878685088957,
            -15.141051591416488
        ],
        "iterations": 19
    },
    "scf_eigenvalues_a": {
        "dims": [
            10
        ],
        "size": 10,
        "vals": [
            -20.607908164228235,
            -11.2250866707937,
            -1.0581433584293043,
            -0.6749096335554647,
            -0.8190269914288191,
            -0.6758991015019411,
            -0.6786622980143722,
            -0.8005283493744928,
            -0.5432354876610983,
            -0.604630907165771
        ]
    },
    "scf_eigenvalues_b": {
        "dims": [
            9
        ],
        "size": 9,