{
    "calcinfo_nalpha": 6,
    "calcinfo_natom": 4,
    "calcinfo_nbeta": 5,
    "calcinfo_nmo": 11,
    "molecule": {
        "geometry": [
            [
                0.5689283808317652,
                0.20418194397118697,
                0.0
            ],
            [
                0.8086950140468733,
                -1.6092313724935907,
                0.0
            ],
            [
                -1.9189908161609985,
                0.18966685306577735,
                0.0
            ],
            [
                -3.4411312445399957,
                -0.2138910323416831,
                0.0
            ]
        ],
        "symbols": [
            "O",
            "H",
            "H",
            "H"
        ]
    },
    "parameters": {
        "charge": 0.0,
        "conv_only_dens": false,
        "dconv": 0.0001,
        "derivatives": false,
        "dipole": false,
        "econv": 1e-05,
        "ginitial_hessian": false,
        "gmaxiter": 20,
        "gopt": false,
        "gprec": 0.0001,
        "gtest": false,
        "gtol": 0.0001,
        "gval": 1e-05,
        "k": -1,
        "l": 53.441,
        "lo": 0.001329,
        "loadbalparts": 2,
        "maxiter": 25,
        "maxrotn": 0.25,
        "maxsub": 10,
        "nalpha": 6,
        "nbeta": 5,
        "nio": 1,
        "nmo_alpha": 6,
        "nmo_beta": 5,
        "no_compute": false,
        "noiter": false,
        "nopen": 1,
        "npt_plot": 101,
        "nv_factor": 1,
        "nvalpha": 0,
        "nvbeta": 0,
        "orbitalshift": 0.0,
        "plot_cell": [],
        "plotcoul": false,
        "plotdens": false,
        "plothi": -1,
        "plotlo": 0,
        "print_level": 3,
        "protocol": [
            0.0001,
            1e-06
        ],
        "psp_calc": false,
        "pure_ae": true,
        "restart": false,
        "restartao": false,
        "save": true,
        "smear": 0.0,
        "spin_restricted": false,
        "vnucextra": 2
    },
    "precision": {
        "dconv": 0.0001,
        "econv": 1e-05,
        "eprec": 0.0001,
        "k": 8,
        "thresh": 1e-06
    },
    "return_energy": -76.86612809205496,
    "scf_e_data": {
        "e_coulomb": [
            50.51220295090005,
            46.86763726722684,
            48.32054606221547,
            48.42344830289014,
            48.470190821793935,
            48.45426447660611,
            48.43596249052468,
            48.43217270336598,
            48.422566134487056,
            48.41917865984757,
            48.41745800624258,
            48.41531196079192,
            48.414114325095724,
            48.416035077809354,
            48.41652128645782,
            48.416208956543784,
            48.41649855113907,
            48.416547415828234,
            48.41725468445284,
            48.41875436185585,
            48.417359992091704,
            48.41754457993205,
            48.417077338882535,
            48.41757950054567,
            48.41699126124568,
            48.416911618817615,
            48.416462558234755,
            48.41817752663654
        ],
        "e_kinetic": [
            77.69241930027837,
            75.08755603030372,
            76.34874910040855,
            76.49058992219315,
            76.58038536626353,
            76.58428426490846,
            76.59130731309352,
            76.59206424349833,
            76.59401207439788,
            76.59456364704943,
            76.59496612731888,
            76.59510312412041,
            76.59389466342246,
            76.595868601554,
            76.59619995667491,
            76.59607927590112,
            76.59643007615313,
            76.59641282785645,
            76.59700760920512,
            76.59724682046806,
            76.59687253660303,
            76.59702722881018,
            76.59671417600424,
            76.59719903786504,
            76.59701397102764,
            76.59737162065666,
            76.59406923471562,
            76.59563213536535
        ],
        "e_local": [
            0.0,
            0.0,
            0.0,
            0.0,
            0.0,
            0.0,
            0.0,
            0.0,
            0.0,
            0.0,
            0.0,
            0.0,
            0.0,
            0.0,
            0.0,
            0.0,
            0.0,
            0.0,
            0.0,
            0.0,
            0.0,
            0.0,
            0.0,
            0.0,
            0.0,
            0.0,
            0.0,
            0.0
        ],
        "e_nrep": [
            10.737859791104752,
            10.737859791104752,
            10.737859791104752,
            10.737859791104752,
            10.737859791104752,
            10.737859791104752,
            10.737859791104752,
            10.737859791104752,
            10.737859791104752,
            10.737859791104752,
            10.737859791104752,
            10.737859791104752,
            10.737859791104752,
            10.737859791104752,
            10.737859791104752,
            10.737859791104752,
            10.737859791104752,
            10.737859791104752,
            10.737859791104752,
            10.737859791104752,
            10.737859791104752,
            10.737859791104752,
            10.737859791104752,
            10.737859791104752,
            10.737859791104752,
            10.737859791104752,
            10.737859791104752,
            10.737859791104752
        ],
        "e_nuclear": [
            -205.94244407516493,
            -200.22861006825883,
            -202.79801457964913,
            -203.02849466666584,
            -203.15547877886826,
            -203.14344433258913,
            -203.1317395564135,
            -203.12865490175028,
            -203.12029431402271,
            -203.1175862936322,
            -203.11623364092395,
            -203.11448413098796,
            -203.11235869107304,
            -203.1159489180394,
            -203.11634965243775,
            -203.11604446849776,
            -203.1168576852074,
            -203.1169380999907,
            -203.11813302254973,
            -203.11956603337853,
            -203.1181760613408,
            -203.1184776542343,
            -203.117762185954,
            -203.11863751484452,
            -203.1178817426121,
            -203.11789598462224,
            -203.11531478433662,
            -203.11835784812675
        ],
        "e_pcm": [
            0.0,
            0.0,
            0.0,
            0.0,
            0.0,
            0.0,
            0.0,
            0.0,
            0.0,
            0.0,
            0.0,
            0.0,
            0.0,
            0.0,
            0.0,
            0.0,
            0.0,
            0.0,
            0.0,
            0.0,
            0.0,
            0.0,
            0.0,
            0.0,
            0.0,
            0.0,
            0.0,
            0.0
        ],
        "e_tot": [
            -76.71624910793615,
            -76.81378869094449,
            -76.85864947304604,
            -76.86244587836109,
            -76.86370199389536,
            -76.86418655933824,
            -76.86460116737082,
            -76.86507342197349,
            -76.86496060512133,
            -76.86528184498901,
            -76.86537771745562,
            -76.86532155079854,
            -76.86540161056,
            -76.8654474591778,
            -76.86496631229367,
            -76.8650177317888,
            -76.86532903526445,
            -76.86540786761277,
            -76.86545158599108,
            -76.86515277050455,
            -76.86544456998094,
            -76.8654312012272,
            -76.86545287567236,
            -76.86541267733186,
            -76.86532382775123,
            -76.86506477795731,
            -76.86612642784864,
            -76.86612809205496
        ],