{
    "calcinfo_nalpha": 10,
    "calcinfo_natom": 6,
    "calcinfo_nbeta": 9,
    "calcinfo_nmo": 19,
    "molecule": {
        "geometry": [
            [
                3.7812803492147307,
                -0.0004833086680769261,
                0.0
            ],
            [
                1.4408800992016453,
                0.00020576157234508883,
                0.0
            ],
            [
                -1.7124101314308164,
                -0.00010068439077588764,
                0.0
            ],
            [
                -2.15706663603818,
                -1.991530200278303,
                0.0
            ],
            [
                -2.158836908703231,
                0.9953828805699649,
                1.7241001222085532
            ],
            [
                -2.158836908703231,
                0.9953828805699649,
                -1.7241001222085532
            ]
        ],
        "symbols": [
            "H",
            "F",
            "C",
            "H",
            "H",
            "H"
        ]
    },
    "parameters": {
        "charge": 0.0,
        "conv_only_dens": false,
        "dconv": 0.0001,
        "derivatives": false,
        "dipole": false,
        "econv": 1e-05,
        "ginitial_hessian": false,
        "gmaxiter": 20,
        "gopt": false,
        "gprec": 0.0001,
        "gtest": false,
        "gtol": 0.0001,
        "gval": 1e-05,
        "k": -1,
        "l": 53.781,
        "lo": 0.0010921,
        "loadbalparts": 2,
        "maxiter": 25,
        "maxrotn": 0.25,
        "maxsub": 10,
        "nalpha": 10,
        "nbeta": 9,
        "nio": 1,
        "nmo_alpha": 10,
        "nmo_beta": 9,
        "no_compute": false,
        "noiter": false,
        "nopen": 1,
        "npt_plot": 101,
        "nv_factor": 1,
        "nvalpha": 0,
        "nvbeta": 0,
        "orbitalshift": 0.0,
        "plot_cell": [],
        "plotcoul": false,
        "plotdens": false,
        "plothi": -1,
        "plotlo": 0,
        "print_level": 3,
        "protocol": [
            0.0001,
            1e-06
        ],
        "psp_calc": false,
        "pure_ae": true,
        "restart": false,
        "restartao": false,
        "save": true,
        "smear": 0.0,
        "spin_restricted": false,
        "vnucextra": 2
    },
    "precision": {
        "dconv": 0.0001,
        "econv": 1e-05,
        "eprec": 0.0001,
        "k": 8,
        "thresh": 1e-06
    },
    "return_energy": -140.1290306713056,
    "scf_e_data": {
        "e_coulomb": [
            111.11261300253653,
            106.23707005390014,
            108.12211553146952,
            107.93065350195411,
            108.08610113224167,
            108.01328738791285,
            108.01552258582544,
            107.9984749671942,
            108.07454322561291,
            107.997739887051,
            107.97390726076864,
            107.99236735902554,
            107.96351147366394,
            107.88004559023273,
            107.92940839552487,
            107.92807969734652,
            107.93327654668329,
            107.95506898024367,
            107.94190812831297,
            107.94139849054937,
            107.9412377730377,
            107.94220647830399
        ],
        "e_kinetic": [
            140.8851039747969,
            138.09723684846446,
            139.5830937401107,
            139.50374738501097,
            139.73017427074024,
            139.703715791036,
            139.70303174211938,
            139.69851621684063,
            139.76662081176096,
            139.7122879705442,
            139.69544037040538,
            139.71419068501746,
            139.69412764408736,
            139.64916638339537,
            139.6840656230352,
            139.68153142003735,
            139.68448493739407,
            139.70000434731915,
            139.6909641550501,
            139.69069704129635,
            139.69104082395205,
            139.69727937939655
        ],
        "e_local": [
            0.0,
            0.0,
            0.0,
            0.0,
            0.0,
            0.0,
            0.0,
            0.0,
            0.0,
            0.0,
            0.0,
            0.0,
            0.0,
            0.0,
            0.0,
            0.0,
            0.0,
            0.0,
            0.0,
            0.0,
            0.0,
            0.0
        ],
        "e_nrep": [
            38.79776453399641,
            38.79776453399641,
            38.79776453399641,
            38.79776453399641,
            38.79776453399641,
            38.79776453399641,
            38.79776453399641,
            38.79776453399641,
            38.79776453399641,
            38.79776453399641,
            38.79776453399641,
            38.79776453399641,
            38.79776453399641,
            38.79776453399641,
            38.79776453399641,
            38.79776453399641,
            38.79776453399641,
            38.79776453399641,
            38.79776453399641,
            38.79776453399641,
            38.79776453399641,
            38.79776453399641
        ],
        "e_nuclear": [
            -413.35544648347343,
            -406.35742711567053,
            -409.5411874622002,
            -409.2889173138498,
            -409.6475454047558,
            -409.55396021700926,
            -409.5552606317999,
            -409.53455871547,
            -409.6680105654078,
            -409.54458310557084,
            -409.50673600004995,
            -409.54105716076447,
            -409.49505407734705,
            -409.3728881887441,
            -409.45248282476314,
            -409.44857994582895,
            -409.4564402875467,
            -409.49140533739484,
            -409.47059465818984,
            -409.469880340342,
            -409.4699170895889,
            -409.47786672373365
        ],
        "e_pcm": [
            0.0,
            0.0,
            0.0,
            0.0,
            0.0,
            0.0,
            0.0,
            0.0,
            0.0,
            0.0,
            0.0,
            0.0,
            0.0,
            0.0,
            0.0,
            0.0,
            0.0,
            0.0,
            0.0,
            0.0,
            0.0,
            0.0
        ],
        "e_tot": [
            -139.92436994850954,
            -140.07487670434287,
            -140.11371363114324,
            -140.12039455834102,
            -140.1234978462006,
            -140.12513037044369,
            -140.12553376909148,
            -140.12622421598033,
            -140.12728575319292,
            -140.12770596820823,
            -140.12777773737972,
            -140.12789473981488,
            -140.12798285814281,
            -140.127688171423,
            -140.12784066153966,
            -140.12800125035173,
            -140.128088687828,
            -140.12807454736108,
            -140.12808288264884,
            -140.12809341117995,
            -140.1279480097413,
            -140.1290306713056
        ],
        "e_xc": [
            -17.364404976365936,
            -16.849521025033315,
            -17.07549997451968,
            -17.063642665452665,
            -17.089992378423077,
            -17.085937866379624,
            -17.086591999232773,
            -17.08642121854158,
            -17.09820375915536,
            -17.090915254229003,
            -17.088153902500167,
            -17.091160157089806,
            -17.088332432543474,
            -17.08177649030334,
            -17.08659638933298,
            -17.08679695590302,
            -17.087174418355104,
            -17.089507071525468,
            -17.088125041818483,
            -17.08807313668008,
            -17.088074051138566,
            -17.08841433926889
        ],
        "iterations": 22
    },
    "scf_eigenvalues_a": {
        "dims": [
            10
        ],
        "size": 10,