{
    "calcinfo_nalpha": 9,
    "calcinfo_natom": 1,
    "calcinfo_nbeta": 9,
    "calcinfo_nmo": 18,
    "molecule": {
        "geometry": [
            [
                0.0,
                0.0,
                0.0
            ]
        ],
        "symbols": [
            "Cl"
        ]
    },
    "parameters": {
        "charge": -1.0,
        "conv_only_dens": false,
        "dconv": 0.0001,
        "derivatives": false,
        "dipole": false,
        "econv": 1e-05,
        "ginitial_hessian": false,
        "gmaxiter": 20,
        "gopt": false,
        "gprec": 0.0001,
        "gtest": false,
        "gtol": 0.0001,
        "gval": 1e-05,
        "k": -1,
        "l": 50.0,
        "lo": 0.00037839,
        "loadbalparts": 2,
        "maxiter": 25,
        "maxrotn": 0.25,
        "maxsub": 10,
        "nalpha": 9,
        "nbeta": 9,
        "nio": 1,
        "nmo_alpha": 9,
        "nmo_beta": 9,
        "no_compute": false,
        "noiter": false,
        "nopen": 0,
        "npt_plot": 101,
        "nv_factor": 1,
        "nvalpha": 0,
        "nvbeta": 0,
        "orbitalshift": 0.0,
        "plot_cell": [],
        "plotcoul": false,
        "plotdens": false,
        "plothi": -1,
        "plotlo": 0,
        "print_level": 3,
        "protocol": [
            0.0001,
            1e-06
        ],
        "psp_calc": false,
        "pure_ae": true,
        "restart": false,
        "restartao": false,
        "save": true,
        "smear": 0.0,
        "spin_restricted": true,
        "vnucextra": 2
    },
    "precision": {
        "dconv": 0.0001,
        "econv": 1e-05,
        "eprec": 0.0001,
        "k": 8,
        "thresh": 1e-06
    },
    "return_energy": -460.1086451876546,
    "scf_e_data": {
        "e_coulomb": [
            213.5788595484188,
            205.60581464115015,
            209.0550630259693,
            209.33834837965995,
            209.1055041311999,
            209.19032283359545,
            209.16509489959364,
            209.16413362172779,
            209.16764198103687,
            209.16747400204497,
            209.16689232805751,
            209.16899879409746
        ],
        "e_kinetic": [
            461.4280922350849,
            456.96197603799715,
            459.0287759957846,
            459.43961627561555,
            459.47135857985035,
            459.5322146369948,
            459.52738576150057,
            459.5408482420614,
            459.5468845989084,
            459.5471700144251,
            459.52769171232035,
            459.52511963834394
        ],
        "e_local": [
            0.0,
            0.0,
            0.0,
            0.0,
            0.0,
            0.0,
            0.0,
            0.0,
            0.0,
            0.0,
            0.0,
            0.0
        ],
        "e_nrep": [
            0.0,
            0.0,
            0.0,
            0.0,
            0.0,
            0.0,
            0.0,
            0.0,
            0.0,
            0.0,
            0.0,
            0.0
        ],
        "e_nuclear": [
            -1106.4367982215144,
            -1094.6513107657674,
            -1099.9617954028831,
            -1100.635971826985,
            -1100.4510448674882,
            -1100.5908114983488,
            -1100.5624436926153,
            -1100.5749006821397,
            -1100.584160136367,
            -1100.584198515417,
            -1100.5652018586657,
            -1100.5646281824663
        ],
        "e_pcm": [
            0.0,
            0.0,
            0.0,
            0.0,
            0.0,
            0.0,
            0.0,
            0.0,
            0.0,
            0.0,
            0.0,
            0.0
        ],
        "e_tot": [
            -459.98734424451607,
            -460.0661777092676,
            -460.10570928500647,
            -460.1074349276087,
            -460.10786259468864,
            -460.1078923207793,
            -460.1079037339084,
            -460.1079141045402,
            -460.1079291958115,
            -460.1078500963759,
            -460.1086403740885,
            -460.1086451876546
        ],
        "e_xc": [
            -28.55749780650538,
            -27.98265762264742,
            -28.22775290387723,
            -28.249427755899156,
            -28.23368043825073,
            -28.239618293020783,
            -28.237940702387405,
            -28.237995286189662,
            -28.238295639389733,
            -28.23829559742894,
            -28.238022555800754,
            -28.23813543762968
        ],
        "iterations": 12
    },
    "scf_eigenvalues_a": {
        "dims": [
            9
        ],
        "size": 9,
        "vals": [
            -100.33952879176266,
            -8.856577841440714,
            -6.67313853558797,
            -6.673075391612418,
            -6.6756165555488955,
            -0.4112521434270393,
            0.007806226039535069,
            0.007806226658737092,
            0.007806234893715569
        ]
    },
    "time": "2024-05-03 21:09:58",
    "wall_time": 30.26290488243103
}