{
    "calcinfo_nalpha": 9,
    "calcinfo_natom": 5,
    "calcinfo_nbeta": 9,
    "calcinfo_nmo": 18,
    "molecule": {
        "geometry": [
            [
                1.194453004411973,
                -2.390939145103389e-09,
                0.0
            ],
            [
                -1.4156272061099677,
                5.395703310177223e-10,
                0.0
            ],
            [
                1.8579756084134496,
                -0.9730508481864876,
                -1.6853735110330559
            ],
            [
                1.8579756084134496,
                -0.9730508481864876,
                1.6853735110330559
            ],
            [
                1.8579756116909751,
                1.946101705862477,
                0.0
            ]
        ],
        "symbols": [
            "C",
            "F",
            "H",
            "H",
            "H"
        ]
    },
    "parameters": {
        "charge": 0.0,
        "conv_only_dens": false,
        "dconv": 0.0001,
        "derivatives": false,
        "dipole": false,
        "econv": 1e-05,
        "ginitial_hessian": false,
        "gmaxiter": 20,
        "gopt": false,
        "gprec": 0.0001,
        "gtest": false,
        "gtol": 0.0001,
        "gval": 1e-05,
        "k": -1,
        "l": 51.946,
        "lo": 0.0010921,
        "loadbalparts": 2,
        "maxiter": 25,
        "maxrotn": 0.25,
        "maxsub": 10,
        "nalpha": 9,
        "nbeta": 9,
        "nio": 1,
        "nmo_alpha": 9,
        "nmo_beta": 9,
        "no_compute": false,
        "noiter": false,
        "nopen": 0,
        "npt_plot": 101,
        "nv_factor": 1,
        "nvalpha": 0,
        "nvbeta": 0,
        "orbitalshift": 0.0,
        "plot_cell": [],
        "plotcoul": false,
        "plotdens": false,
        "plothi": -1,
        "plotlo": 0,
        "print_level": 3,
        "protocol": [
            0.0001,
            1e-06
        ],
        "psp_calc": false,
        "pure_ae": true,
        "restart": false,
        "restartao": false,
        "save": true,
        "smear": 0.0,
        "spin_restricted": true,
        "vnucextra": 2
    },
    "precision": {
        "dconv": 0.0001,
        "econv": 1e-05,
        "eprec": 0.0001,
        "k": 8,
        "thresh": 1e-06
    },
    "return_energy": -139.65854802851865,
    "scf_e_data": {
        "e_coulomb": [
            108.220829364523,
            105.19041704331298,
            106.47460996439806,
            106.24726727959617,
            106.27847246573106,
            106.26641009029385,
            106.26680224788139,
            106.26671600423838,
            106.26657925262457,
            106.26568710473296
        ],
        "e_kinetic": [
            140.15975974493938,
            138.0955620794834,
            139.2336673083386,
            139.15118547050426,
            139.2314946397999,
            139.23166521708578,
            139.23259171581526,
            139.23126007667466,
            139.23156816903057,
            139.23665449228108
        ],
        "e_local": [
            0.0,
            0.0,
            0.0,
            0.0,
            0.0,
            0.0,
            0.0,
            0.0,
            0.0,
            0.0
        ],
        "e_nrep": [
            37.423061549465224,
            37.423061549465224,
            37.423061549465224,
            37.423061549465224,
            37.423061549465224,
            37.423061549465224,
            37.423061549465224,
            37.423061549465224,
            37.423061549465224,
            37.423061549465224
        ],
        "e_nuclear": [
            -408.2759405456587,
            -403.6516790375737,
            -405.93582627713613,
            -405.64931525240263,
            -405.754288942937,
            -405.7427526113356,
            -405.74363429783523,
            -405.74225143431096,
            -405.7422944349087,
            -405.7474091843581
        ],
        "e_pcm": [
            0.0,
            0.0,
            0.0,
            0.0,
            0.0,
            0.0,
            0.0,
            0.0,
            0.0,
            0.0
        ],
        "e_tot": [
            -139.51200046615247,
            -139.63722418823235,
            -139.65411783643566,
            -139.65706744282332,
            -139.65748447792265,
            -139.65759750863995,
            -139.65763627612296,
            -139.6576613982746,
            -139.65753932705655,
            -139.65854802851865
        ],
        "e_xc": [
            -17.039710579421353,
            -16.694585822920267,
            -16.84963038150136,
            -16.82926648998637,
            -16.836224189981806,
            -16.835981754149174,
            -16.836457491449593,
            -16.836447594341937,
            -16.83645386326821,
            -16.836541990639777
        ],
        "iterations": 10
    },
    "scf_eigenvalues_a": {
        "dims": [
            9
        ],
        "size": 9,
        "vals": [
            -24.23970421578258,
            -9.944774680963498,
            -0.7682662829502611,
            -0.4641233945890517,
            -0.7902440721075852,
            -0.46412341466785634,
            -0.46412592269268105,
            -0.3411369017000925,
            -0.34113754541010666
        ]
    },
    "time": "2024-05-03 21:03:21",
    "wall_time": 23.001121044158936
}