{
    "calcinfo_nalpha": 14,
    "calcinfo_natom": 6,
    "calcinfo_nbeta": 13,
    "calcinfo_nmo": 27,
    "molecule": {
        "geometry": [
            [
                1.9638458575448452e-05,
                6.464805125900144e-07,
                3.442071346264693
            ],
            [
                1.9261715953123055,
                -0.5583188175829579,
                3.840110414163416
            ],
            [
                -0.47942000370579074,
                1.9472048856219513,
                3.840538334466969
            ],
            [
                -1.4464633241441625,
                -1.3888681345108789,
                3.8407887501038624
            ],
            [
                -0.0004061446368545657,
                -5.709304418901642e-06,
                0.80298751479621
            ],
            [
                2.7307676213652114e-09,
                -9.472415746719659e-07,
                -1.9398148877128596
            ]
        ],
        "symbols": [
            "C",
            "H",
            "H",
            "H",
            "H",
            "Cl"
        ]
    },
    "parameters": {
        "charge": 0.0,
        "conv_only_dens": false,
        "dconv": 0.0001,
        "derivatives": false,
        "dipole": false,
        "econv": 1e-05,
        "ginitial_hessian": false,
        "gmaxiter": 20,
        "gopt": false,
        "gprec": 0.0001,
        "gtest": false,
        "gtol": 0.0001,
        "gval": 1e-05,
        "k": -1,
        "l": 53.841,
        "lo": 0.00037839,
        "loadbalparts": 2,
        "maxiter": 25,
        "maxrotn": 0.25,
        "maxsub": 10,
        "nalpha": 14,
        "nbeta": 13,
        "nio": 1,
        "nmo_alpha": 14,
        "nmo_beta": 13,
        "no_compute": false,
        "noiter": false,
        "nopen": 1,
        "npt_plot": 101,
        "nv_factor": 1,
        "nvalpha": 0,
        "nvbeta": 0,
        "orbitalshift": 0.0,
        "plot_cell": [],
        "plotcoul": false,
        "plotdens": false,
        "plothi": -1,
        "plotlo": 0,
        "print_level": 3,
        "protocol": [
            0.0001,
            1e-06
        ],
        "psp_calc": false,
        "pure_ae": true,
        "restart": false,
        "restartao": false,
        "save": true,
        "smear": 0.0,
        "spin_restricted": false,
        "vnucextra": 2
    },
    "precision": {
        "dconv": 0.0001,
        "econv": 1e-05,
        "eprec": 0.0001,
        "k": 8,
        "thresh": 1e-06
    },
    "return_energy": -500.44519999101794,
    "scf_e_data": {
        "e_coulomb": [
            270.56022667027077,
            268.2163614573016,
            268.82538027864524,
            268.877243880414,
            268.89971968155294,
            268.92105101087617,
            268.9249076592111,
            268.933164549711,
            268.9351566286996,
            268.92962140666447,
            268.9337613564443,
            268.9363066143035,
            268.93730741664194,
            268.93808033003035,
            268.93818368751135,
            268.93937662788653,
            268.9388332655371,
            268.93994868397806,
            268.93983549528963,
            268.9346993114015,
            268.9316623330052,
            268.9363526307398,
            268.93732371851866,
            268.93784016660743,
            268.938379668268,
            268.9380343308411,
            268.93958043048167,
            268.94368948841566
        ],
        "e_kinetic": [
            500.48665904774145,
            498.84632960598935,
            499.4098559784675,
            499.62951300321015,
            499.7165431481459,
            499.7587557296024,
            499.7420396971164,
            499.7217770693899,
            499.71603518997074,
            499.7035980742705,
            499.716175213051,
            499.71814826418756,
            499.71985441579307,
            499.7210958090684,
            499.72053425022693,
            499.7231080387034,
            499.7207602056832,
            499.7226696860166,
            499.72191719849695,
            499.7179150283837,
            499.7162806768845,
            499.71992669331917,
            499.72075346920127,
            499.72118865336876,
            499.72144552395883,
            499.7223290914632,
            499.70422414819734,
            499.70340295495066
        ],
        "e_local": [
            0.0,
            0.0,
            0.0,
            0.0,
            0.0,
            0.0,
            0.0,
            0.0,
            0.0,
            0.0,
            0.0,
            0.0,
            0.0,
            0.0,
            0.0,
            0.0,
            0.0,
            0.0,
            0.0,
            0.0,
            0.0,
            0.0,
            0.0,
            0.0,
            0.0,
            0.0,
            0.0,
            0.0
        ],
        "e_nrep": [
            46.25147753614021,
            46.25147753614021,
            46.25147753614021,
            46.25147753614021,
            46.25147753614021,
            46.25147753614021,
            46.25147753614021,
            46.25147753614021,
            46.25147753614021,
            46.25147753614021,
            46.25147753614021,
            46.25147753614021,
            46.25147753614021,
            46.25147753614021,
            46.25147753614021,
            46.25147753614021,
            46.25147753614021,
            46.25147753614021,
            46.25147753614021,
            46.25147753614021,
            46.25147753614021,
            46.25147753614021,
            46.25147753614021,
            46.25147753614021,
            46.25147753614021,
            46.25147753614021,
            46.25147753614021,
            46.25147753614021
        ],
        "e_nuclear": [
            -1282.583754547583,
            -1278.9954016080583,
            -1280.1076958278118,
            -1280.3723783350779,
            -1280.4792115017317,
            -1280.5410748489012,
            -1280.5287733725868,
            -1280.5172798707706,
            -1280.5138123004922,
            -1280.4970386202785,
            -1280.5131286808582,
            -1280.517360126643,
            -1280.519936603322,
            -1280.5218745289283,
            -1280.5214036867328,
            -1280.524944422814,
            -1280.5221617263485,
            -1280.525044603068,
            -1280.5242506498312,
            -1280.515689724159,
            -1280.5111939882934,
            -1280.5191649276705,
            -1280.520847549119,
            -1280.5217294748868,
            -1280.5224610651333,
            -1280.5224865864868,
            -1280.508237945642,
            -1280.5112060909125
        ],
        "e_pcm": [
            0.0,
            0.0,
            0.0,
            0.0,
            0.0,
            0.0,
            0.0,
            0.0,
            0.0,
            0.0,
            0.0,
            0.0,
            0.0,
            0.0,
            0.0,
            0.0,
            0.0,
            0.0,
            0.0,
            0.0,
            0.0,
            0.0,
            0.0,
            0.0,
            0.0,
            0.0,
            0.0,
            0.0
        ],