{
    "calcinfo_nalpha": 5,
    "calcinfo_natom": 1,
    "calcinfo_nbeta": 4,
    "calcinfo_nmo": 9,
    "molecule": {
        "geometry": [
            [
                0.0,
                0.0,
                0.0
            ]
        ],
        "symbols": [
            "F"
        ]
    },
    "parameters": {
        "charge": 0.0,
        "conv_only_dens": false,
        "dconv": 0.0001,
        "derivatives": false,
        "dipole": false,
        "econv": 1e-05,
        "ginitial_hessian": false,
        "gmaxiter": 20,
        "gopt": false,
        "gprec": 0.0001,
        "gtest": false,
        "gtol": 0.0001,
        "gval": 1e-05,
        "k": -1,
        "l": 50.0,
        "lo": 0.0010921,
        "loadbalparts": 2,
        "maxiter": 25,
        "maxrotn": 0.25,
        "maxsub": 10,
        "nalpha": 5,
        "nbeta": 4,
        "nio": 1,
        "nmo_alpha": 5,
        "nmo_beta": 4,
        "no_compute": false,
        "noiter": false,
        "nopen": 1,
        "npt_plot": 101,
        "nv_factor": 1,
        "nvalpha": 0,
        "nvbeta": 0,
        "orbitalshift": 0.0,
        "plot_cell": [],
        "plotcoul": false,
        "plotdens": false,
        "plothi": -1,
        "plotlo": 0,
        "print_level": 3,
        "protocol": [
            0.0001,
            1e-06
        ],
        "psp_calc": false,
        "pure_ae": true,
        "restart": false,
        "restartao": false,
        "save": true,
        "smear": 0.0,
        "spin_restricted": false,
        "vnucextra": 2
    },
    "precision": {
        "dconv": 0.0001,
        "econv": 1e-05,
        "eprec": 0.0001,
        "k": 8,
        "thresh": 1e-06
    },
    "return_energy": -99.67581966996575,
    "scf_e_data": {
        "e_coulomb": [
            49.832640477243054,
            49.3402346600823,
            49.7212762635532,
            49.633363620982934,
            49.65567034632946,
            49.656777891373686,
            49.65716381764056,
            49.65711667870277,
            49.65684909659929
        ],
        "e_kinetic": [
            99.02740155477862,
            98.8794747288442,
            99.38577992089844,
            99.35521248225092,
            99.41154549651807,
            99.41166318730966,
            99.41068298709189,
            99.41073200630558,
            99.41429482043151
        ],
        "e_local": [
            0.0,
            0.0,
            0.0,
            0.0,
            0.0,
            0.0,
            0.0,
            0.0,
            0.0
        ],
        "e_nrep": [
            0.0,
            0.0,
            0.0,
            0.0,
            0.0,
            0.0,
            0.0,
            0.0,
            0.0
        ],
        "e_nuclear": [
            -238.1955488424502,
            -237.68019355443624,
            -238.51811835431806,
            -238.4118008290111,
            -238.48743553369707,
            -238.488617277123,
            -238.48800004272178,
            -238.48801528965268,
            -238.49145583152784
        ],
        "e_pcm": [
            0.0,
            0.0,
            0.0,
            0.0,
            0.0,
            0.0,
            0.0,
            0.0,
            0.0
        ],
        "e_tot": [
            -99.61012206330959,
            -99.67111962463358,
            -99.6747276214162,
            -99.67538227997395,
            -99.67557514961292,
            -99.67557918929491,
            -99.67557864290875,
            -99.6755914464005,
            -99.67581966996575
        ],
        "e_xc": [
            -10.274615252881077,
            -10.210635459123832,
            -10.263665451549773,
            -10.252157554196703,
            -10.25535545876339,
            -10.25540299085525,
            -10.255425404919418,
            -10.255424841756179,
            -10.255507755468699
        ],
        "iterations": 9
    },
    "scf_eigenvalues_a": {
        "dims": [
            5
        ],
        "size": 5,
        "vals": [
            -24.364543310942295,
            -1.1271257379578437,
            -0.4107965747050484,
            -0.4107964937602726,
            -0.49274720368241276
        ]
    },
    "scf_eigenvalues_b": {
        "dims": [
            4
        ],
        "size": 4,
        "vals": [
            -24.31091110368746,
            -1.0549663266585707,
            -0.3720182252181976,
            -0.37201822547058505
        ]
    },
    "time": "2024-05-03 21:15:12",
    "wall_time": 22.50491499900818
}