{
    "calcinfo_nalpha": 14,
    "calcinfo_natom": 7,
    "calcinfo_nbeta": 14,
    "calcinfo_nmo": 28,
    "molecule": {
        "geometry": [
            [
                -6.440976044229901e-05,
                -0.7360817659593212,
                2.4528600658552953
            ],
            [
                0.00010134016961497009,
                1.3757607905143023,
                0.9018201235674467
            ],
            [
                -0.016325937911620382,
                -0.15161494773295295,
                4.444489979465292
            ],
            [
                -1.6593698549288127,
                -1.9574195115004818,
                2.1559003574585156
            ],
            [
                1.674980391987121,
                -1.9417184148676827,
                2.1791906692638467
            ],
            [
                0.00045889421236968125,
                0.7013910132748922,
                -0.9648577574447201
            ],
            [
                -1.863957259147801e-05,
                -0.36002598528136287,
                -3.3051605147126972
            ]
        ],
        "symbols": [
            "C",
            "O",
            "H",
            "H",
            "H",
            "H",
            "F"
        ]
    },
    "parameters": {
        "charge": -1.0,
        "conv_only_dens": false,
        "dconv": 0.0001,
        "derivatives": false,
        "dipole": false,
        "econv": 1e-05,
        "ginitial_hessian": false,
        "gmaxiter": 20,
        "gopt": false,
        "gprec": 0.0001,
        "gtest": false,
        "gtol": 0.0001,
        "gval": 1e-05,
        "k": -1,
        "l": 54.444,
        "lo": 0.0010921,
        "loadbalparts": 2,
        "maxiter": 25,
        "maxrotn": 0.25,
        "maxsub": 10,
        "nalpha": 14,
        "nbeta": 14,
        "nio": 1,
        "nmo_alpha": 14,
        "nmo_beta": 14,
        "no_compute": false,
        "noiter": false,
        "nopen": 0,
        "npt_plot": 101,
        "nv_factor": 1,
        "nvalpha": 0,
        "nvbeta": 0,
        "orbitalshift": 0.0,
        "plot_cell": [],
        "plotcoul": false,
        "plotdens": false,
        "plothi": -1,
        "plotlo": 0,
        "print_level": 3,
        "protocol": [
            0.0001,
            1e-06
        ],
        "psp_calc": false,
        "pure_ae": true,
        "restart": false,
        "restartao": false,
        "save": true,
        "smear": 0.0,
        "spin_restricted": true,
        "vnucextra": 2
    },
    "precision": {
        "dconv": 0.0001,
        "econv": 1e-05,
        "eprec": 0.0001,
        "k": 8,
        "thresh": 1e-06
    },
    "return_energy": -214.6008777864517,
    "scf_e_data": {
        "e_coulomb": [
            193.74825168991242,
            183.2987153289704,
            186.7715562183384,
            187.13236954072636,
            187.1897460197664,
            187.1208387461755,
            187.05907217554733,
            187.05638153065118,
            187.05712756138152,
            187.05487883723413,
            187.05451366110194,
            187.05412309387958,
            187.05757669759726
        ],
        "e_kinetic": [
            218.87073035005795,
            211.3752295490658,
            214.0528137073051,
            214.43002583639108,
            214.53723960099165,
            214.51345785829636,
            214.48500794846564,
            214.48879622425895,
            214.4915005271917,
            214.49008716337198,
            214.49109899521704,
            214.4948518013588,
            214.50041701595111
        ],
        "e_local": [
            0.0,
            0.0,
            0.0,
            0.0,
            0.0,
            0.0,
            0.0,
            0.0,
            0.0,
            0.0,
            0.0,
            0.0,
            0.0
        ],
        "e_nrep": [
            73.17392323370335,
            73.17392323370335,
            73.17392323370335,
            73.17392323370335,
            73.17392323370335,
            73.17392323370335,
            73.17392323370335,
            73.17392323370335,
            73.17392323370335,
            73.17392323370335,
            73.17392323370335,
            73.17392323370335,
            73.17392323370335
        ],
        "e_nuclear": [
            -674.1789362803675,
            -657.7029599351745,
            -663.5098944443721,
            -664.1900103406493,
            -664.3362178044833,
            -664.2476581901619,
            -664.1614289116086,
            -664.1617253727436,
            -664.1646954886371,
            -664.1612364777196,
            -664.1612742426934,
            -664.1670708598936,
            -664.1755981528431
        ],
        "e_pcm": [
            0.0,
            0.0,
            0.0,
            0.0,
            0.0,
            0.0,
            0.0,
            0.0,
            0.0,
            0.0,
            0.0,
            0.0,
            0.0
        ],
        "e_tot": [
            -214.21146755487018,
            -214.49342394444875,
            -214.58641596883018,
            -214.59590487578942,
            -214.5981043676107,
            -214.59853019460536,
            -214.59871368366908,
            -214.59878226242233,
            -214.59879365806137,
            -214.59879840042663,
            -214.59818862978148,
            -214.60087431649117,
            -214.6008777864517
        ],
        "e_xc": [
            -25.825436548176476,
            -24.638332121013832,
            -25.074814683804917,
            -25.142213145960895,
            -25.162795417588764,
            -25.159091842618636,
            -25.155288129776814,
            -25.15615787829223,
            -25.156649491700804,
            -25.156451157016495,
            -25.156450277110476,
            -25.15670158553934,
            -25.15719658086031
        ],
        "iterations": 13
    },
    "scf_eigenvalues_a": {
        "dims": [
            14
        ],
        "size": 14,
        "vals": [
            -25.904360461874603,
            -20.31049845648013,
            -11.080392625466033,
            -0.8836854190448009,
            -0.7482050748056839,
            -0.48879225236628154,
            -0.6768141455010834,
            -0.4887661410011954,
            -0.4945103078386025,
            -0.5740765242230443,
            -0.267900732245387,
            -0.268066846553471,
            -0.48115405635684994,
            -0.26998740976517777
        ]
    },
    "time": "2024-05-03 15:10:47",
    "wall_time": 64.46740293502808
}