{
    "calcinfo_nalpha": 9,
    "calcinfo_natom": 2,
    "calcinfo_nbeta": 9,
    "calcinfo_nmo": 18,
    "molecule": {
        "geometry": [
            [
                0.0,
                0.0,
                0.13379767677403542
            ],
            [
                0.0,
                0.0,
                -2.2745605051586013
            ]
        ],
        "symbols": [
            "Cl",
            "H"
        ]
    },
    "parameters": {
        "charge": 0.0,
        "conv_only_dens": false,
        "dconv": 0.0001,
        "derivatives": false,
        "dipole": false,
        "econv": 1e-05,
        "ginitial_hessian": false,
        "gmaxiter": 20,
        "gopt": false,
        "gprec": 0.0001,
        "gtest": false,
        "gtol": 0.0001,
        "gval": 1e-05,
        "k": -1,
        "l": 52.275,
        "lo": 0.00037839,
        "loadbalparts": 2,
        "maxiter": 25,
        "maxrotn": 0.25,
        "maxsub": 10,
        "nalpha": 9,
        "nbeta": 9,
        "nio": 1,
        "nmo_alpha": 9,
        "nmo_beta": 9,
        "no_compute": false,
        "noiter": false,
        "nopen": 0,
        "npt_plot": 101,
        "nv_factor": 1,
        "nvalpha": 0,
        "nvbeta": 0,
        "orbitalshift": 0.0,
        "plot_cell": [],
        "plotcoul": false,
        "plotdens": false,
        "plothi": -1,
        "plotlo": 0,
        "print_level": 3,
        "protocol": [
            0.0001,
            1e-06
        ],
        "psp_calc": false,
        "pure_ae": true,
        "restart": false,
        "restartao": false,
        "save": true,
        "smear": 0.0,
        "spin_restricted": true,
        "vnucextra": 2
    },
    "precision": {
        "dconv": 0.0001,
        "econv": 1e-05,
        "eprec": 0.0001,
        "k": 8,
        "thresh": 1e-06
    },
    "return_energy": -460.1126705765998,
    "scf_e_data": {
        "e_coulomb": [
            211.64707646339807,
            210.58815664941085,
            210.61927409137502,
            210.59236231611544,
            210.58575770099748,
            210.581801912456,
            210.58172064862833,
            210.58218426206525,
            210.58201077126773,
            210.58374511564358,
            210.5850808508709
        ],
        "e_kinetic": [
            460.4111613938756,
            459.91679591657277,
            460.0880409752832,
            460.12050976043537,
            460.11842231408895,
            460.1090881726746,
            460.1091066658553,
            460.1118454969097,
            460.112288218524,
            460.09906248073975,
            460.09667864942685
        ],
        "e_local": [
            0.0,
            0.0,
            0.0,
            0.0,
            0.0,
            0.0,
            0.0,
            0.0,
            0.0,
            0.0,
            0.0
        ],
        "e_nrep": [
            7.058750698933827,
            7.058750698933827,
            7.058750698933827,
            7.058750698933827,
            7.058750698933827,
            7.058750698933827,
            7.058750698933827,
            7.058750698933827,
            7.058750698933827,
            7.058750698933827,
            7.058750698933827
        ],
        "e_nuclear": [
            -1111.2073986566106,
            -1109.7901950284026,
            -1109.986254204966,
            -1109.9907384511414,
            -1109.9805188640403,
            -1109.9670550287751,
            -1109.9668936016585,
            -1109.96998460709,
            -1109.9699955540343,
            -1109.9595900690992,
            -1109.9584427879745
        ],
        "e_pcm": [
            0.0,
            0.0,
            0.0,
            0.0,
            0.0,
            0.0,
            0.0,
            0.0,
            0.0,
            0.0,
            0.0
        ],
        "e_tot": [
            -460.021249368436,
            -460.10219217002515,
            -460.1087759212307,
            -460.1109132501709,
            -460.1116695121618,
            -460.1117401984118,
            -460.11177868356265,
            -460.11179115674565,
            -460.11152360990593,
            -460.1126657691783,
            -460.1126705765998
        ],
        "e_xc": [
            -27.93083926803281,
            -27.875700406539867,
            -27.888587481856806,
            -27.891797574514143,
            -27.894081362141808,
            -27.894325953700992,
            -27.894463095321562,
            -27.894587007564372,
            -27.894577744597118,
            -27.894633995396255,
            -27.894737987856853
        ],
        "iterations": 11
    },
    "scf_eigenvalues_a": {
        "dims": [
            9
        ],
        "size": 9,
        "vals": [
            -104.84507114054156,
            -9.971286969803607,
            -8.643515218453636,
            -8.038109986746072,
            -8.038264886274064,
            -0.9016333090530111,
            -0.8454095630687171,
            -0.4786241876128461,
            -0.4786239451277434
        ]
    },
    "time": "2024-05-02 14:50:38",
    "wall_time": 37.91826605796814
}