{
    "calcinfo_nalpha": 14,
    "calcinfo_natom": 6,
    "calcinfo_nbeta": 14,
    "calcinfo_nmo": 28,
    "molecule": {
        "geometry": [
            [
                0.0001448052422475816,
                0.00041936707623984546,
                -3.446200583842594
            ],
            [
                -0.000404049287058325,
                -0.0007317600689577353,
                -0.00044630636908326573
            ],
            [
                1.9375253324821573,
                -0.5750851322002991,
                -0.000295157118861582
            ],
            [
                -0.4721305577331611,
                1.9646927783315313,
                -0.0007166251362604509
            ],
            [
                -1.4656465818986566,
                -1.3931261350065454,
                5.454986985272222e-06
            ],
            [
                0.00015253952130911711,
                0.000459416178100112,
                3.446609935562887
            ]
        ],
        "symbols": [
            "F",
            "C",
            "H",
            "H",
            "H",
            "F"
        ]
    },
    "parameters": {
        "charge": -1.0,
        "conv_only_dens": false,
        "dconv": 0.0001,
        "derivatives": false,
        "dipole": false,
        "econv": 1e-05,
        "ginitial_hessian": false,
        "gmaxiter": 20,
        "gopt": false,
        "gprec": 0.0001,
        "gtest": false,
        "gtol": 0.0001,
        "gval": 1e-05,
        "k": -1,
        "l": 53.447,
        "lo": 0.0010921,
        "loadbalparts": 2,
        "maxiter": 25,
        "maxrotn": 0.25,
        "maxsub": 10,
        "nalpha": 14,
        "nbeta": 14,
        "nio": 1,
        "nmo_alpha": 14,
        "nmo_beta": 14,
        "no_compute": false,
        "noiter": true,
        "nopen": 0,
        "npt_plot": 101,
        "nv_factor": 1,
        "nvalpha": 0,
        "nvbeta": 0,
        "orbitalshift": 0.0,
        "plot_cell": [],
        "plotcoul": false,
        "plotdens": false,
        "plothi": -1,
        "plotlo": 0,
        "print_level": 3,
        "protocol": [
            1e-06
        ],
        "psp_calc": false,
        "pure_ae": true,
        "restart": true,
        "restartao": false,
        "save": true,
        "smear": 0.0,
        "spin_restricted": true,
        "vnucextra": 2
    },
    "precision": {
        "dconv": 0.0001,
        "econv": 1e-05,
        "eprec": 0.0001,
        "k": 8,
        "thresh": 1e-06
    },
    "return_energy": -239.4253722609256,
    "scf_e_data": {
        "e_coulomb": [
            193.82231648378385
        ],
        "e_kinetic": [
            238.51261228555512
        ],
        "e_local": [
            0.0
        ],
        "e_nrep": [
            66.36612630402315
        ],
        "e_nuclear": [
            -710.6472774405206
        ],
        "e_pcm": [
            0.0
        ],
        "e_tot": [
            -239.4253722609256
        ],
        "e_xc": [
            -27.479149893767094
        ],
        "iterations": 1
    },
    "scf_eigenvalues_a": {
        "dims": [
            14
        ],
        "size": 14,
        "vals": [
            -25.94363971792493,
            -25.94343153709137,
            -11.113407508331445,
            -1.0525675244725923,
            -1.0526610561412149,
            -0.5275424523731043,
            -0.5275609075495853,
            -0.5274982921650284,
            -0.46802824261823606,
            -0.30763159779588944,
            -0.3076297918835973,
            -0.30742634386018697,
            -0.3074258108468486,
            -0.4674830117445614
        ]
    },
    "time": "2024-05-03 15:25:19",
    "wall_time": 6.028079986572266
}