{
    "calcinfo_nalpha": 10,
    "calcinfo_natom": 7,
    "calcinfo_nbeta": 9,
    "calcinfo_nmo": 19,
    "molecule": {
        "geometry": [
            [
                0.07420799229210404,
                0.6202486931031364,
                -0.9156456050988843
            ],
            [
                -0.2245045099981023,
                -0.22844697772519865,
                1.541840396014045
            ],
            [
                1.2532106304442439,
                -1.1473402172534826,
                2.038050060721122
            ],
            [
                1.9141004020526002,
                1.4422108096571515,
                -1.3370996035089038
            ],
            [
                -1.494519847605512,
                1.8355309698384092,
                -1.426469174188314
            ],
            [
                -0.10173294957190282,
                -1.2851690332654597,
                -2.503720191551725
            ],
            [
                -0.22027010908723535,
                -2.7391488657938465,
                -3.611610628991238
            ]
        ],
        "symbols": [
            "C",
            "O",
            "H",
            "H",
            "H",
            "H",
            "H"
        ]
    },
    "parameters": {
        "charge": 0.0,
        "conv_only_dens": false,
        "dconv": 0.0001,
        "derivatives": false,
        "dipole": false,
        "econv": 1e-05,
        "ginitial_hessian": false,
        "gmaxiter": 20,
        "gopt": false,
        "gprec": 0.0001,
        "gtest": false,
        "gtol": 0.0001,
        "gval": 1e-05,
        "k": -1,
        "l": 53.612,
        "lo": 0.001329,
        "loadbalparts": 2,
        "maxiter": 25,
        "maxrotn": 0.25,
        "maxsub": 10,
        "nalpha": 10,
        "nbeta": 9,
        "nio": 1,
        "nmo_alpha": 10,
        "nmo_beta": 9,
        "no_compute": false,
        "noiter": true,
        "nopen": 1,
        "npt_plot": 101,
        "nv_factor": 1,
        "nvalpha": 0,
        "nvbeta": 0,
        "orbitalshift": 0.0,
        "plot_cell": [],
        "plotcoul": false,
        "plotdens": false,
        "plothi": -1,
        "plotlo": 0,
        "print_level": 3,
        "protocol": [
            1e-06
        ],
        "psp_calc": false,
        "pure_ae": true,
        "restart": true,
        "restartao": false,
        "save": true,
        "smear": 0.0,
        "spin_restricted": false,
        "vnucextra": 2
    },
    "precision": {
        "dconv": 0.0001,
        "econv": 1e-05,
        "eprec": 0.0001,
        "k": 8,
        "thresh": 1e-06
    },
    "return_energy": -116.10993233488028,
    "scf_e_data": {
        "e_coulomb": [
            100.02613659478124
        ],
        "e_kinetic": [
            115.4768255663468
        ],
        "e_local": [
            0.0
        ],
        "e_nrep": [
            44.04861231157512
        ],
        "e_nuclear": [
            -359.9815959222207
        ],
        "e_pcm": [
            0.0
        ],
        "e_tot": [
            -116.10993233488028
        ],
        "e_xc": [
            -15.67991088536272
        ],
        "iterations": 1
    },
    "scf_eigenvalues_a": {
        "dims": [
            10
        ],
        "size": 10,
        "vals": [
            -20.576611424108393,
            -11.29522592267767,
            -0.9911640008180114,
            -0.7203180313915554,
            -1.0038763899603578,
            -0.7155670483805281,
            -0.5846060329668259,
            -0.7220503892639045,
            -0.5368249654115043,
            -0.5096092972752532
        ]
    },
    "scf_eigenvalues_b": {
        "dims": [
            9
        ],
        "size": 9,
        "vals": [
            -20.57396618817711,
            -11.277044163269863,
            -0.9895401784432929,
            -0.7046601695262311,
            -0.9992151315039708,
            -0.6991739881706569,
            -0.5864022628352339,
            -0.7083988035612534,
            -0.5372271422893924
        ]
    },
    "time": "2024-05-02 17:27:12",
    "wall_time": 9.334271907806396
}