{
    "calcinfo_nalpha": 10,
    "calcinfo_natom": 8,
    "calcinfo_nbeta": 9,
    "calcinfo_nmo": 19,
    "molecule": {
        "geometry": [
            [
                0.023226336191866464,
                -1.1500560948682932e-05,
                2.3824703003505903
            ],
            [
                -0.25848026621368736,
                -9.726085703106661e-06,
                -2.4816901156462916
            ],
            [
                -0.9160352335475774,
                1.7168895510432207,
                2.9933001571021616
            ],
            [
                2.0358098006128857,
                -0.008640976384705018,
                2.765940749711474
            ],
            [
                -0.9310676946033922,
                -1.7080907280688427,
                2.994740155099432
            ],
            [
                -0.28665577050094354,
                -0.0001212381779738285,
                -0.08146224060881203
            ],
            [
                0.8839221900204424,
                1.52232035342056,
                -2.7976599068748693
            ],
            [
                0.8840305543631963,
                -1.5222198758666456,
                -2.797849907008884
            ]
        ],
        "symbols": [
            "C",
            "N",
            "H",
            "H",
            "H",
            "H",
            "H",
            "H"
        ]
    },
    "parameters": {
        "charge": 0.0,
        "conv_only_dens": false,
        "dconv": 0.0001,
        "derivatives": false,
        "dipole": false,
        "econv": 1e-05,
        "ginitial_hessian": false,
        "gmaxiter": 20,
        "gopt": false,
        "gprec": 0.0001,
        "gtest": false,
        "gtol": 0.0001,
        "gval": 1e-05,
        "k": -1,
        "l": 52.995,
        "lo": 0.0016603,
        "loadbalparts": 2,
        "maxiter": 25,
        "maxrotn": 0.25,
        "maxsub": 10,
        "nalpha": 10,
        "nbeta": 9,
        "nio": 1,
        "nmo_alpha": 10,
        "nmo_beta": 9,
        "no_compute": false,
        "noiter": false,
        "nopen": 1,
        "npt_plot": 101,
        "nv_factor": 1,
        "nvalpha": 0,
        "nvbeta": 0,
        "orbitalshift": 0.0,
        "plot_cell": [],
        "plotcoul": false,
        "plotdens": false,
        "plothi": -1,
        "plotlo": 0,
        "print_level": 3,
        "protocol": [
            0.0001,
            1e-06
        ],
        "psp_calc": false,
        "pure_ae": true,
        "restart": false,
        "restartao": false,
        "save": true,
        "smear": 0.0,
        "spin_restricted": false,
        "vnucextra": 2
    },
    "precision": {
        "dconv": 0.0001,
        "econv": 1e-05,
        "eprec": 0.0001,
        "k": 8,
        "thresh": 1e-06
    },
    "return_energy": -96.29643769989251,
    "scf_e_data": {
        "e_coulomb": [
            88.70142020182759,
            84.08531171311516,
            85.44358168156435,
            85.57702812808236,
            85.56958025219349,
            85.55504049010618,
            85.54773090019367,
            85.54793684984315,
            85.54677275048208,
            85.54652389641137,
            85.546713543837,
            85.54618571737609,
            85.54637993394446,
            85.54636318143555,
            85.54521152342267,
            85.54596737448742,
            85.54607850921086,
            85.54697465757597,
            85.54636527699039,
            85.54624780717836,
            85.54650263271841,
            85.54599384224247,
            85.54634627095328,
            85.54646521093497,
            85.54633888734747,
            85.54617707421167,
            85.54654403904675,
            85.54838723798736
        ],
        "e_kinetic": [
            97.70048084315023,
            94.68374938815089,
            95.66881346412922,
            95.85821103922942,
            95.90682787147365,
            95.9037007467009,
            95.90545625295454,
            95.9074191543263,
            95.90807689924804,
            95.90795903392049,
            95.90801661578925,
            95.90795003791959,
            95.90815705693242,
            95.90848539594197,
            95.90795080189088,
            95.90828147075294,
            95.90818448790111,
            95.90832791855831,
            95.90823444519503,
            95.9082028134707,
            95.90827299020644,
            95.90811053199619,
            95.90823200256722,
            95.90826187466878,
            95.90820785631952,
            95.90873635927485,
            95.90718394853837,
            95.90883804548909
        ],
        "e_local": [
            0.0,
            0.0,
            0.0,
            0.0,
            0.0,
            0.0,
            0.0,
            0.0,
            0.0,
            0.0,
            0.0,
            0.0,
            0.0,
            0.0,
            0.0,
            0.0,
            0.0,
            0.0,
            0.0,
            0.0,
            0.0,
            0.0,
            0.0,
            0.0,
            0.0,
            0.0,
            0.0,
            0.0
        ],
        "e_nrep": [
            39.42841335037984,
            39.42841335037984,
            39.42841335037984,
            39.42841335037984,
            39.42841335037984,
            39.42841335037984,
            39.42841335037984,
            39.42841335037984,
            39.42841335037984,
            39.42841335037984,
            39.42841335037984,
            39.42841335037984,
            39.42841335037984,
            39.42841335037984,
            39.42841335037984,
            39.42841335037984,
            39.42841335037984,
            39.42841335037984,
            39.42841335037984,
            39.42841335037984,
            39.42841335037984,
            39.42841335037984,
            39.42841335037984,
            39.42841335037984,
            39.42841335037984,
            39.42841335037984,
            39.42841335037984,
            39.42841335037984
        ],
        "e_nuclear": [
            -307.21622598689873,
            -300.30917638807495,
            -302.5096707919932,
            -302.8088397489961,
            -302.84459422266195,
            -302.827489779841,
            -302.82147252859534,
            -302.8231427670214,
            -302.8224890385222,
            -302.82213126215555,
            -302.8223507042378,
            -302.821790313458,
            -302.8221724099953,
            -302.82248394267066,
            -302.82089680394733,
            -302.8219247078225,
            -302.8219399063511,
            -302.82290900941985,
            -302.8222576920937,
            -302.82211832992664,
            -302.8224202257316,
            -302.82178287302816,
            -302.82223680089623,
            -302.8223758729949,
            -302.8222038680334,
            -302.82222590892025,
            -302.822514201402,
            -302.8257546470625
        ],
        "e_pcm": [
            0.0,
            0.0,
            0.0,
            0.0,
            0.0,
            0.0,
            0.0,
            0.0,
            0.0,
            0.0,
            0.0,
            0.0,
            0.0,
            0.0,
            0.0,
            0.0,
            0.0,
            0.0,
            0.0,
            0.0,
            0.0,
            0.0,
            0.0,
            0.0,
            0.0,
            0.0,
            0.0,
            0.0
        ],