{
    "calcinfo_nalpha": 14,
    "calcinfo_natom": 6,
    "calcinfo_nbeta": 14,
    "calcinfo_nmo": 28,
    "molecule": {
        "geometry": [
            [
                0.0001448052422475816,
                0.00041936707623984546,
                -3.446200583842594
            ],
            [
                -0.000404049287058325,
                -0.0007317600689577353,
                -0.00044630636908326573
            ],
            [
                1.9375253324821573,
                -0.5750851322002991,
                -0.000295157118861582
            ],
            [
                -0.4721305577331611,
                1.9646927783315313,
                -0.0007166251362604509
            ],
            [
                -1.4656465818986566,
                -1.3931261350065454,
                5.454986985272222e-06
            ],
            [
                0.00015253952130911711,
                0.000459416178100112,
                3.446609935562887
            ]
        ],
        "symbols": [
            "F",
            "C",
            "H",
            "H",
            "H",
            "F"
        ]
    },
    "parameters": {
        "charge": -1.0,
        "conv_only_dens": false,
        "dconv": 0.0001,
        "derivatives": false,
        "dipole": false,
        "econv": 1e-05,
        "ginitial_hessian": false,
        "gmaxiter": 20,
        "gopt": false,
        "gprec": 0.0001,
        "gtest": false,
        "gtol": 0.0001,
        "gval": 1e-05,
        "k": -1,
        "l": 53.447,
        "lo": 0.0010921,
        "loadbalparts": 2,
        "maxiter": 25,
        "maxrotn": 0.25,
        "maxsub": 10,
        "nalpha": 14,
        "nbeta": 14,
        "nio": 1,
        "nmo_alpha": 14,
        "nmo_beta": 14,
        "no_compute": false,
        "noiter": false,
        "nopen": 0,
        "npt_plot": 101,
        "nv_factor": 1,
        "nvalpha": 0,
        "nvbeta": 0,
        "orbitalshift": 0.0,
        "plot_cell": [],
        "plotcoul": false,
        "plotdens": false,
        "plothi": -1,
        "plotlo": 0,
        "print_level": 3,
        "protocol": [
            0.0001,
            1e-06
        ],
        "psp_calc": false,
        "pure_ae": true,
        "restart": false,
        "restartao": false,
        "save": true,
        "smear": 0.0,
        "spin_restricted": true,
        "vnucextra": 2
    },
    "precision": {
        "dconv": 0.0001,
        "econv": 1e-05,
        "eprec": 0.0001,
        "k": 8,
        "thresh": 1e-06
    },
    "return_energy": -238.55514005162394,
    "scf_e_data": {
        "e_coulomb": [
            199.6892765645519,
            189.18692452146888,
            193.51924435544015,
            193.92205316821176,
            193.87065026613058,
            193.79581152645233,
            193.78138567889442,
            193.81965495571666,
            193.82267917433813,
            193.81996389198792,
            193.82158370224633,
            193.82118969570521,
            193.8223164839378
        ],
        "e_kinetic": [
            242.47008382994582,
            234.6288294321677,
            238.08758003576523,
            238.52604864102432,
            238.53968061618326,
            238.49749294091393,
            238.4853902123,
            238.50488762628828,
            238.50323837458,
            238.5000622196956,
            238.50165802323409,
            238.50225532868959,
            238.51261228563845
        ],
        "e_local": [
            0.0,
            0.0,
            0.0,
            0.0,
            0.0,
            0.0,
            0.0,
            0.0,
            0.0,
            0.0,
            0.0,
            0.0,
            0.0
        ],
        "e_nrep": [
            66.36612630402315,
            66.36612630402315,
            66.36612630402315,
            66.36612630402315,
            66.36612630402315,
            66.36612630402315,
            66.36612630402315,
            66.36612630402315,
            66.36612630402315,
            66.36612630402315,
            66.36612630402315,
            66.36612630402315,
            66.36612630402315
        ],
        "e_nuclear": [
            -719.5595928648357,
            -702.6457583578574,
            -709.9915001024126,
            -710.7678729477939,
            -710.726529562889,
            -710.6136671851568,
            -710.5845029136027,
            -710.6356193376913,
            -710.6365152866415,
            -710.6309659728993,
            -710.634111716912,
            -710.6341989394618,
            -710.647277441527
        ],
        "e_pcm": [
            0.0,
            0.0,
            0.0,
            0.0,
            0.0,
            0.0,
            0.0,
            0.0,
            0.0,
            0.0,
            0.0,
            0.0,
            0.0
        ],
        "e_tot": [
            -238.22122563798285,
            -238.43372107013505,
            -238.54081493653223,
            -238.54900375238367,
            -238.55119250275237,
            -238.55211118304283,
            -238.5527100832499,
            -238.5529726093166,
            -238.55297935632336,
            -238.55300329202225,
            -238.55307345675777,
            -238.55292490068382,
            -238.55514005162394
        ],
        "e_xc": [
            -27.18711947166801,
            -25.969842969937346,
            -26.52226552934813,
            -26.595358917849037,
            -26.601120126200346,
            -26.59787476927547,
            -26.60110936486477,
            -26.60802215765343,
            -26.608507922623197,
            -26.60818973482965,
            -26.608329769349393,
            -26.60829728963992,
            -26.608917683696387
        ],
        "iterations": 13
    },
    "scf_eigenvalues_a": {
        "dims": [
            14
        ],
        "size": 14,
        "vals": [
            -25.94363971792493,
            -25.94343153709137,
            -11.113407508331445,
            -1.0525675244725923,
            -1.0526610561412149,
            -0.5275424523731043,
            -0.5275609075495853,
            -0.5274982921650284,
            -0.46802824261823606,
            -0.30763159779588944,
            -0.3076297918835973,
            -0.30742634386018697,
            -0.3074258108468486,
            -0.4674830117445614
        ]
    },
    "time": "2024-05-03 15:15:08",
    "wall_time": 57.73446297645569
}