{
    "calcinfo_nalpha": 5,
    "calcinfo_natom": 3,
    "calcinfo_nbeta": 5,
    "calcinfo_nmo": 10,
    "molecule": {
        "geometry": [
            [
                0.0,
                0.0,
                0.22137281821364851
            ],
            [
                0.0,
                -1.4299701077759148,
                -0.8854912728545938
            ],
            [
                0.0,
                1.4299701077759148,
                -0.8854912728545938
            ]
        ],
        "symbols": [
            "O",
            "H",
            "H"
        ]
    },
    "parameters": {
        "charge": 0.0,
        "conv_only_dens": false,
        "dconv": 0.0001,
        "derivatives": false,
        "dipole": false,
        "econv": 1e-05,
        "ginitial_hessian": false,
        "gmaxiter": 20,
        "gopt": false,
        "gprec": 0.0001,
        "gtest": false,
        "gtol": 0.0001,
        "gval": 1e-05,
        "k": -1,
        "l": 51.43,
        "lo": 0.001329,
        "loadbalparts": 2,
        "maxiter": 25,
        "maxrotn": 0.25,
        "maxsub": 10,
        "nalpha": 5,
        "nbeta": 5,
        "nio": 1,
        "nmo_alpha": 5,
        "nmo_beta": 5,
        "no_compute": false,
        "noiter": false,
        "nopen": 0,
        "npt_plot": 101,
        "nv_factor": 1,
        "nvalpha": 0,
        "nvbeta": 0,
        "orbitalshift": 0.0,
        "plot_cell": [],
        "plotcoul": false,
        "plotdens": false,
        "plothi": -1,
        "plotlo": 0,
        "print_level": 3,
        "protocol": [
            0.0001,
            1e-06
        ],
        "psp_calc": false,
        "pure_ae": true,
        "restart": false,
        "restartao": false,
        "save": true,
        "smear": 0.0,
        "spin_restricted": true,
        "vnucextra": 2
    },
    "precision": {
        "dconv": 0.0001,
        "econv": 1e-05,
        "eprec": 0.0001,
        "k": 8,
        "thresh": 1e-06
    },
    "return_energy": -76.38824798493947,
    "scf_e_data": {
        "e_coulomb": [
            49.196082904886694,
            44.79816096980473,
            46.34212025524313,
            46.593372581002384,
            46.66753648211072,
            46.669438593788314,
            46.67092204817757,
            46.66923821022439,
            46.667507207884796,
            46.66745982615167,
            46.667139727796346
        ],
        "e_kinetic": [
            77.81529098529661,
            74.48328098921283,
            75.8025697942629,
            76.05592219628522,
            76.1475353203116,
            76.15472647349982,
            76.16193957374875,
            76.16214989390019,
            76.16093153286143,
            76.16106777180292,
            76.15880633775448
        ],
        "e_local": [
            0.0,
            0.0,
            0.0,
            0.0,
            0.0,
            0.0,
            0.0,
            0.0,
            0.0,
            0.0,
            0.0
        ],
        "e_nrep": [
            9.197728441593087,
            9.197728441593087,
            9.197728441593087,
            9.197728441593087,
            9.197728441593087,
            9.197728441593087,
            9.197728441593087,
            9.197728441593087,
            9.197728441593087,
            9.197728441593087,
            9.197728441593087
        ],
        "e_nuclear": [
            -202.87179496418088,
            -195.80977749859903,
            -198.53140783664452,
            -199.00561885279825,
            -199.1602152873677,
            -199.16823727597762,
            -199.17588413629977,
            -199.17433551931953,
            -199.17154691108632,
            -199.17155104256653,
            -199.1694135872296
        ],
        "e_pcm": [
            0.0,
            0.0,
            0.0,
            0.0,
            0.0,
            0.0,
            0.0,
            0.0,
            0.0,
            0.0,
            0.0
        ],
        "e_tot": [
            -76.20322982857141,
            -76.32012634094139,
            -76.38174573183713,
            -76.38669082564503,
            -76.38773912231582,
            -76.3878879882512,
            -76.38797579034166,
            -76.38796589702518,
            -76.38797075353158,
            -76.387885914901,
            -76.38824798493947
        ],
        "e_xc": [
            -9.540537196166925,
            -8.98951924295299,
            -9.192756386291718,
            -9.228095191727471,
            -9.240324078963535,
            -9.241544221154799,
            -9.2426817175613,
            -9.242746923423322,
            -9.242591024784563,
            -9.24259091188214,
            -9.24250890485378
        ],
        "iterations": 11
    },
    "scf_eigenvalues_a": {
        "dims": [
            5
        ],
        "size": 5,
        "vals": [
            -18.7499737740718,
            -0.6716633519166293,
            -0.6716632400652165,
            -0.4225884798468371,
            -0.2666767118274658
        ]
    },
    "time": "2024-05-03 21:24:58",
    "wall_time": 14.300310134887695
}