{
    "calcinfo_nalpha": 5,
    "calcinfo_natom": 2,
    "calcinfo_nbeta": 3,
    "calcinfo_nmo": 8,
    "molecule": {
        "geometry": [
            [
                0.0,
                0.0,
                0.2448927701276078
            ],
            [
                0.0,
                0.0,
                -1.7142493908932543
            ]
        ],
        "symbols": [
            "N",
            "H"
        ]
    },
    "parameters": {
        "charge": 0.0,
        "conv_only_dens": false,
        "dconv": 0.0001,
        "derivatives": false,
        "dipole": false,
        "econv": 1e-05,
        "ginitial_hessian": false,
        "gmaxiter": 20,
        "gopt": false,
        "gprec": 0.0001,
        "gtest": false,
        "gtol": 0.0001,
        "gval": 1e-05,
        "k": -1,
        "l": 51.714,
        "lo": 0.0016603,
        "loadbalparts": 2,
        "maxiter": 25,
        "maxrotn": 0.25,
        "maxsub": 10,
        "nalpha": 5,
        "nbeta": 3,
        "nio": 1,
        "nmo_alpha": 5,
        "nmo_beta": 3,
        "no_compute": false,
        "noiter": false,
        "nopen": 2,
        "npt_plot": 101,
        "nv_factor": 1,
        "nvalpha": 0,
        "nvbeta": 0,
        "orbitalshift": 0.0,
        "plot_cell": [],
        "plotcoul": false,
        "plotdens": false,
        "plothi": -1,
        "plotlo": 0,
        "print_level": 3,
        "protocol": [
            0.0001,
            1e-06
        ],
        "psp_calc": false,
        "pure_ae": true,
        "restart": false,
        "restartao": false,
        "save": true,
        "smear": 0.0,
        "spin_restricted": false,
        "vnucextra": 2
    },
    "precision": {
        "dconv": 0.0001,
        "econv": 1e-05,
        "eprec": 0.0001,
        "k": 8,
        "thresh": 1e-06
    },
    "return_energy": -55.1763228321597,
    "scf_e_data": {
        "e_coulomb": [
            30.290879584008593,
            29.74811485020107,
            29.98578172573961,
            29.944166679767285,
            29.95191144227106,
            29.953529001896115,
            29.95184973755117,
            29.95096268492773,
            29.950880761521905,
            29.950848378525784,
            29.950649358351605
        ],
        "e_kinetic": [
            55.038447893702326,
            54.70379941684344,
            54.99505061846059,
            54.99894318856812,
            55.02260698861837,
            55.0262428028706,
            55.022814891661184,
            55.02186836977529,
            55.02240868743144,
            55.02254265240342,
            55.020272873162114
        ],
        "e_local": [
            0.0,
            0.0,
            0.0,
            0.0,
            0.0,
            0.0,
            0.0,
            0.0,
            0.0,
            0.0,
            0.0
        ],
        "e_nrep": [
            3.572992373535807,
            3.572992373535807,
            3.572992373535807,
            3.572992373535807,
            3.572992373535807,
            3.572992373535807,
            3.572992373535807,
            3.572992373535807,
            3.572992373535807,
            3.572992373535807,
            3.572992373535807
        ],
        "e_nuclear": [
            -136.88483178403882,
            -136.13180509178375,
            -136.62578064155525,
            -136.59325605487007,
            -136.62238548027028,
            -136.6266907888807,
            -136.62168698782313,
            -136.619919306468,
            -136.6203751137092,
            -136.6203801430473,
            -136.61843196228483
        ],
        "e_pcm": [
            0.0,
            0.0,
            0.0,
            0.0,
            0.0,
            0.0,
            0.0,
            0.0,
            0.0,
            0.0,
            0.0
        ],
        "e_tot": [
            -55.123951136506264,
            -55.171240408168366,
            -55.17514535546082,
            -55.175914449501626,
            -55.17607425781861,
            -55.17605273158637,
            -55.17604139969382,
            -55.17602284145766,
            -55.176012467487396,
            -55.1759105670588,
            -55.1763228321597
        ],
        "e_xc": [
            -7.141439203714166,
            -7.064341956964933,
            -7.1031894316415825,
            -7.098760636502764,
            -7.101199581973575,
            -7.102126121008192,
            -7.1020114146188575,
            -7.10192696322848,
            -7.1019191762673355,
            -7.101913828476505,
            -7.101805474924392
        ],
        "iterations": 11
    },
    "scf_eigenvalues_a": {
        "dims": [
            5
        ],
        "size": 5,
        "vals": [
            -14.070546409953415,
            -0.6375566449596937,
            -0.4988509841853599,
            -0.29088352928131167,
            -0.2912235426928671
        ]
    },
    "scf_eigenvalues_b": {
        "dims": [
            3
        ],
        "size": 3,
        "vals": [
            -13.999177539861122,
            -0.5738754872537983,
            -0.4115008068669832
        ]
    },
    "time": "2024-05-03 21:54:41",
    "wall_time": 23.29667901992798
}