{
    "calcinfo_nalpha": 9,
    "calcinfo_natom": 4,
    "calcinfo_nbeta": 9,
    "calcinfo_nmo": 18,
    "molecule": {
        "geometry": [
            [
                -0.23888201900611628,
                3.2356220370945095e-09,
                0.0
            ],
            [
                1.1944100847308206,
                -1.1256551029756698,
                1.9496917918083914
            ],
            [
                1.1944100847308206,
                -1.1256551029756698,
                -1.9496917918083914
            ],
            [
                1.194410115630105,
                2.251310157417009,
                0.0
            ]
        ],
        "symbols": [
            "P",
            "H",
            "H",
            "H"
        ]
    },
    "parameters": {
        "charge": 0.0,
        "conv_only_dens": false,
        "dconv": 0.0001,
        "derivatives": false,
        "dipole": false,
        "econv": 1e-05,
        "ginitial_hessian": false,
        "gmaxiter": 20,
        "gopt": false,
        "gprec": 0.0001,
        "gtest": false,
        "gtol": 0.0001,
        "gval": 1e-05,
        "k": -1,
        "l": 52.251,
        "lo": 0.00046616,
        "loadbalparts": 2,
        "maxiter": 25,
        "maxrotn": 0.25,
        "maxsub": 10,
        "nalpha": 9,
        "nbeta": 9,
        "nio": 1,
        "nmo_alpha": 9,
        "nmo_beta": 9,
        "no_compute": false,
        "noiter": false,
        "nopen": 0,
        "npt_plot": 101,
        "nv_factor": 1,
        "nvalpha": 0,
        "nvbeta": 0,
        "orbitalshift": 0.0,
        "plot_cell": [],
        "plotcoul": false,
        "plotdens": false,
        "plothi": -1,
        "plotlo": 0,
        "print_level": 3,
        "protocol": [
            0.0001,
            1e-06
        ],
        "psp_calc": false,
        "pure_ae": true,
        "restart": false,
        "restartao": false,
        "save": true,
        "smear": 0.0,
        "spin_restricted": true,
        "vnucextra": 2
    },
    "precision": {
        "dconv": 0.0001,
        "econv": 1e-05,
        "eprec": 0.0001,
        "k": 8,
        "thresh": 1e-06
    },
    "return_energy": -342.4946669170407,
    "scf_e_data": {
        "e_coulomb": [
            172.88670632782058,
            172.12412329440536,
            172.14019847370412,
            172.12200461719794,
            172.11572253211793,
            172.10655252514334,
            172.1072236340276,
            172.10646153640786,
            172.10632603026633,
            172.10342823617992,
            172.10403118412944
        ],
        "e_kinetic": [
            342.6842176603288,
            342.3715744247461,
            342.4823522389766,
            342.49439492188986,
            342.4840224537426,
            342.4784309489912,
            342.479884236639,
            342.48026325006475,
            342.48074610282544,
            342.4711777554506,
            342.4696223945337
        ],
        "e_local": [
            0.0,
            0.0,
            0.0,
            0.0,
            0.0,
            0.0,
            0.0,
            0.0,
            0.0,
            0.0,
            0.0
        ],
        "e_nrep": [
            17.63059054613049,
            17.63059054613049,
            17.63059054613049,
            17.63059054613049,
            17.63059054613049,
            17.63059054613049,
            17.63059054613049,
            17.63059054613049,
            17.63059054613049,
            17.63059054613049,
            17.63059054613049
        ],
        "e_nuclear": [
            -851.9193061405884,
            -850.9542654961294,
            -851.0732472088037,
            -851.0597631724224,
            -851.0382420846927,
            -851.0210750969081,
            -851.0236883574019,
            -851.0232420943112,
            -851.0232507534027,
            -851.0126587039019,
            -851.0117262868289
        ],
        "e_pcm": [
            0.0,
            0.0,
            0.0,
            0.0,
            0.0,
            0.0,
            0.0,
            0.0,
            0.0,
            0.0,
            0.0
        ],
        "e_tot": [
            -342.3765700817514,
            -342.4721045481101,
            -342.4882433638361,
            -342.4926556105512,
            -342.4934983744008,
            -342.493532788567,
            -342.49357837254377,
            -342.49359211399883,
            -342.49325246425303,
            -342.494662956743,
            -342.4946669170407
        ],
        "e_xc": [
            -23.658778475442837,
            -23.644127317262626,
            -23.66813741384369,
            -23.67988252334706,
            -23.68559182169911,
            -23.68803171192396,
            -23.687588431939034,
            -23.687665352290793,
            -23.687664390072502,
            -23.687200790602056,
            -23.687184755005408
        ],
        "iterations": 11
    },
    "scf_eigenvalues_a": {
        "dims": [
            9
        ],
        "size": 9,
        "vals": [
            -79.93777213183154,
            -5.943285329142867,
            -6.00957180233622,
            -5.949328037038221,
            -5.71324625308611,
            -0.6104987223403742,
            -0.6105020783242048,
            -0.6104980306306669,
            -0.46950313245689035
        ]
    },
    "time": "2024-05-02 15:20:20",
    "wall_time": 37.84014916419983
}