{
    "calcinfo_nalpha": 14,
    "calcinfo_natom": 7,
    "calcinfo_nbeta": 14,
    "calcinfo_nmo": 28,
    "molecule": {
        "geometry": [
            [
                -0.010211423239192725,
                0.14448345087990508,
                3.588689932013849
            ],
            [
                0.012790316262294602,
                -0.19933558177561056,
                0.9248567246685775
            ],
            [
                -0.6824834271047318,
                1.485640569827009,
                0.0024638829777659157
            ],
            [
                1.9336507460964716,
                -0.5638146252950207,
                0.3249246453165959
            ],
            [
                -1.1921994988288838,
                -1.7904596834360744,
                0.47194772841231725
            ],
            [
                -0.004383659366973511,
                0.13822046779311462,
                -4.09966065080657
            ],
            [
                -0.008737633648101272,
                -0.3414675707063126,
                -5.849400786390224
            ]
        ],
        "symbols": [
            "F",
            "C",
            "H",
            "H",
            "H",
            "O",
            "H"
        ]
    },
    "parameters": {
        "charge": -1.0,
        "conv_only_dens": false,
        "dconv": 0.0001,
        "derivatives": false,
        "dipole": false,
        "econv": 1e-05,
        "ginitial_hessian": false,
        "gmaxiter": 20,
        "gopt": false,
        "gprec": 0.0001,
        "gtest": false,
        "gtol": 0.0001,
        "gval": 1e-05,
        "k": -1,
        "l": 55.849,
        "lo": 0.0010921,
        "loadbalparts": 2,
        "maxiter": 25,
        "maxrotn": 0.25,
        "maxsub": 10,
        "nalpha": 14,
        "nbeta": 14,
        "nio": 1,
        "nmo_alpha": 14,
        "nmo_beta": 14,
        "no_compute": false,
        "noiter": false,
        "nopen": 0,
        "npt_plot": 101,
        "nv_factor": 1,
        "nvalpha": 0,
        "nvbeta": 0,
        "orbitalshift": 0.0,
        "plot_cell": [],
        "plotcoul": false,
        "plotdens": false,
        "plothi": -1,
        "plotlo": 0,
        "print_level": 3,
        "protocol": [
            0.0001,
            1e-06
        ],
        "psp_calc": false,
        "pure_ae": true,
        "restart": false,
        "restartao": false,
        "save": true,
        "smear": 0.0,
        "spin_restricted": true,
        "vnucextra": 2
    },
    "precision": {
        "dconv": 0.0001,
        "econv": 1e-05,
        "eprec": 0.0001,
        "k": 8,
        "thresh": 1e-06
    },
    "return_energy": -214.54570776180668,
    "scf_e_data": {
        "e_coulomb": [
            187.07900514736622,
            178.79979225475753,
            180.00072208286917,
            180.5701122268394,
            180.6678833316116,
            180.4768515276515,
            180.458187988385,
            180.4670942034983,
            180.4709944934608,
            180.4763183528669,
            180.4791711832274,
            180.47873605641084,
            180.47727408841465
        ],
        "e_kinetic": [
            218.5410312915183,
            212.6017906461825,
            213.81566428572825,
            214.34342106683047,
            214.6031524713445,
            214.43793899443307,
            214.42318334423663,
            214.4324224395756,
            214.4325093449661,
            214.4347179661132,
            214.43485483356997,
            214.43581322754335,
            214.43841803070333
        ],
        "e_local": [
            0.0,
            0.0,
            0.0,
            0.0,
            0.0,
            0.0,
            0.0,
            0.0,
            0.0,
            0.0,
            0.0,
            0.0,
            0.0
        ],
        "e_nrep": [
            67.43070968067396,
            67.43070968067396,
            67.43070968067396,
            67.43070968067396,
            67.43070968067396,
            67.43070968067396,
            67.43070968067396,
            67.43070968067396,
            67.43070968067396,
            67.43070968067396,
            67.43070968067396,
            67.43070968067396,
            67.43070968067396
        ],
        "e_nuclear": [
            -661.3453959256428,
            -648.4772377376221,
            -650.7760425861395,
            -651.7963151135974,
            -652.1245499040074,
            -651.7925142197184,
            -651.7596434005709,
            -651.7744815486205,
            -651.7772942880007,
            -651.7843887093829,
            -651.7873709295325,
            -651.7873948913008,
            -651.7909581041677
        ],
        "e_pcm": [
            0.0,
            0.0,
            0.0,
            0.0,
            0.0,
            0.0,
            0.0,
            0.0,
            0.0,
            0.0,
            0.0,
            0.0,
            0.0
        ],
        "e_tot": [
            -214.07055554790674,
            -214.45826465758358,
            -214.5284363643164,
            -214.53930499353277,
            -214.54216395025878,
            -214.54309100609004,
            -214.54343365904663,
            -214.54369128192133,
            -214.54379261488975,
            -214.54380126537637,
            -214.54381472070435,
            -214.54328593724517,
            -214.54570776180668
        ],
        "e_xc": [
            -25.775905741822346,
            -24.813319501575492,
            -24.99948982744826,
            -25.08723285427917,
            -25.119359529881493,
            -25.096076989130104,
            -25.095871271771287,
            -25.099436057048585,
            -25.100711845989895,
            -25.101158555647505,
            -25.101179488643215,
            -25.101150010572574,
            -25.101151457430998
        ],
        "iterations": 13
    },
    "scf_eigenvalues_a": {
        "dims": [
            14
        ],
        "size": 14,
        "vals": [
            -26.101061608919558,
            -20.200652442676272,
            -11.105936861908411,
            -1.019387139669659,
            -0.6603397495140113,
            -0.5135346143599877,
            -0.9220648207146325,
            -0.515773535927837,
            -0.5078198331595936,
            -0.554071088942441,
            -0.46363676369278917,
            -0.4636288737053067,
            -0.13622020594581796,
            -0.13601986977726366
        ]
    },
    "time": "2024-05-03 15:11:46",
    "wall_time": 56.9327290058136
}