{
    "calcinfo_nalpha": 9,
    "calcinfo_natom": 3,
    "calcinfo_nbeta": 9,
    "calcinfo_nmo": 18,
    "molecule": {
        "geometry": [
            [
                0.0,
                0.0,
                0.1937336816943671
            ],
            [
                0.0,
                -1.8259501435721122,
                -1.549869453554939
            ],
            [
                0.0,
                1.8259501435721122,
                -1.549869453554939
            ]
        ],
        "symbols": [
            "S",
            "H",
            "H"
        ]
    },
    "parameters": {
        "charge": 0.0,
        "conv_only_dens": false,
        "dconv": 0.0001,
        "derivatives": false,
        "dipole": false,
        "econv": 1e-05,
        "ginitial_hessian": false,
        "gmaxiter": 20,
        "gopt": false,
        "gprec": 0.0001,
        "gtest": false,
        "gtol": 0.0001,
        "gval": 1e-05,
        "k": -1,
        "l": 51.826,
        "lo": 0.00041862,
        "loadbalparts": 2,
        "maxiter": 25,
        "maxrotn": 0.25,
        "maxsub": 10,
        "nalpha": 9,
        "nbeta": 9,
        "nio": 1,
        "nmo_alpha": 9,
        "nmo_beta": 9,
        "no_compute": false,
        "noiter": false,
        "nopen": 0,
        "npt_plot": 101,
        "nv_factor": 1,
        "nvalpha": 0,
        "nvbeta": 0,
        "orbitalshift": 0.0,
        "plot_cell": [],
        "plotcoul": false,
        "plotdens": false,
        "plothi": -1,
        "plotlo": 0,
        "print_level": 3,
        "protocol": [
            0.0001,
            1e-06
        ],
        "psp_calc": false,
        "pure_ae": true,
        "restart": false,
        "restartao": false,
        "save": true,
        "smear": 0.0,
        "spin_restricted": true,
        "vnucextra": 2
    },
    "precision": {
        "dconv": 0.0001,
        "econv": 1e-05,
        "eprec": 0.0001,
        "k": 8,
        "thresh": 1e-06
    },
    "return_energy": -399.2428590038489,
    "scf_e_data": {
        "e_coulomb": [
            192.02634476280667,
            190.39364165120125,
            190.94977415187228,
            190.89232836840137,
            190.92287977695517,
            190.92092277537193,
            190.91636116400946,
            190.91412740899568,
            190.913981094553,
            190.90900494452666,
            190.91122295943217
        ],
        "e_kinetic": [
            399.1854601143351,
            398.10284192546476,
            398.60551095060055,
            398.68320771407997,
            398.7620421795496,
            398.7649861946343,
            398.74753344096706,
            398.7378836255505,
            398.73847177992826,
            398.71554682349637,
            398.7122099187782
        ],
        "e_local": [
            0.0,
            0.0,
            0.0,
            0.0,
            0.0,
            0.0,
            0.0,
            0.0,
            0.0,
            0.0,
            0.0
        ],
        "e_nrep": [
            12.948468333999308,
            12.948468333999308,
            12.948468333999308,
            12.948468333999308,
            12.948468333999308,
            12.948468333999308,
            12.948468333999308,
            12.948468333999308,
            12.948468333999308,
            12.948468333999308,
            12.948468333999308
        ],
        "e_nuclear": [
            -977.0122946502689,
            -974.5022964940442,
            -975.5239399334905,
            -975.5481592288668,
            -975.6544257842629,
            -975.6550851014445,
            -975.633429551819,
            -975.6217323830339,
            -975.6217691407571,
            -975.595832860051,
            -975.5946257995151
        ],
        "e_pcm": [
            0.0,
            0.0,
            0.0,
            0.0,
            0.0,
            0.0,
            0.0,
            0.0,
            0.0,
            0.0,
            0.0
        ],
        "e_tot": [
            -399.140999455358,
            -399.23070151996,
            -399.23789436041693,
            -399.2406415330752,
            -399.2417288032868,
            -399.24202038613015,
            -399.242051308528,
            -399.24202677148486,
            -399.2416094238501,
            -399.2428529613996,
            -399.2428590038489
        ],
        "e_xc": [
            -26.288978016230168,
            -26.173356936581094,
            -26.217707863398513,
            -26.216486720689065,
            -26.220693309527874,
            -26.22131258869119,
            -26.22098469568484,
            -26.220773756996536,
            -26.22076149157349,
            -26.220040203370832,
            -26.220134416543402
        ],
        "iterations": 11
    },
    "scf_eigenvalues_a": {
        "dims": [
            9
        ],
        "size": 9,
        "vals": [
            -88.04468166679038,
            -7.3275032438954355,
            -5.701868856286367,
            -6.047470650903822,
            -5.690715038861175,
            -0.4942492281042361,
            -0.4942486027760147,
            -0.4384777838996139,
            -0.23341254960584124
        ]
    },
    "time": "2024-05-03 20:47:41",
    "wall_time": 31.159271955490112
}