{
    "calcinfo_nalpha": 9,
    "calcinfo_natom": 7,
    "calcinfo_nbeta": 8,
    "calcinfo_nmo": 17,
    "molecule": {
        "geometry": [
            [
                -0.042320926509787034,
                1.2738955482806056e-05,
                -1.501588346938146
            ],
            [
                -0.0008696408123915291,
                0.0003199183128206313,
                1.314061863825236
            ],
            [
                -0.9090635943609575,
                1.6810884706284708,
                2.0851235971057522
            ],
            [
                0.09162200507730302,
                -1.7461977813799006,
                -2.5482501202596213
            ],
            [
                1.9362998167827414,
                -0.02518735109854634,
                2.0523217921756056
            ],
            [
                -0.9516181573487111,
                -1.6567617640836299,
                2.085930372704523
            ],
            [
                0.09190333378269593,
                1.7450624823237855,
                -2.5499667430487984
            ]
        ],
        "symbols": [
            "C",
            "C",
            "H",
            "H",
            "H",
            "H",
            "H"
        ]
    },
    "parameters": {
        "charge": 0.0,
        "conv_only_dens": false,
        "dconv": 0.0001,
        "derivatives": false,
        "dipole": false,
        "econv": 1e-05,
        "ginitial_hessian": false,
        "gmaxiter": 20,
        "gopt": false,
        "gprec": 0.0001,
        "gtest": false,
        "gtol": 0.0001,
        "gval": 1e-05,
        "k": -1,
        "l": 52.55,
        "lo": 0.0021467,
        "loadbalparts": 2,
        "maxiter": 25,
        "maxrotn": 0.25,
        "maxsub": 10,
        "nalpha": 9,
        "nbeta": 8,
        "nio": 1,
        "nmo_alpha": 9,
        "nmo_beta": 8,
        "no_compute": false,
        "noiter": false,
        "nopen": 1,
        "npt_plot": 101,
        "nv_factor": 1,
        "nvalpha": 0,
        "nvbeta": 0,
        "orbitalshift": 0.0,
        "plot_cell": [],
        "plotcoul": false,
        "plotdens": false,
        "plothi": -1,
        "plotlo": 0,
        "print_level": 3,
        "protocol": [
            0.0001,
            1e-06
        ],
        "psp_calc": false,
        "pure_ae": true,
        "restart": false,
        "restartao": false,
        "save": true,
        "smear": 0.0,
        "spin_restricted": false,
        "vnucextra": 2
    },
    "precision": {
        "dconv": 0.0001,
        "econv": 1e-05,
        "eprec": 0.0001,
        "k": 8,
        "thresh": 1e-06
    },
    "return_energy": -79.07221640150128,
    "scf_e_data": {
        "e_coulomb": [
            77.47646173002025,
            73.40347623191694,
            74.52645628607047,
            74.66787509370627,
            74.64372488105867,
            74.61819377999561,
            74.61680545708371,
            74.61899573752663,
            74.61783905751275,
            74.61745042627194,
            74.61732398544885,
            74.61743071690844
        ],
        "e_kinetic": [
            80.07319602161404,
            77.8789284296463,
            78.52626661708479,
            78.6829164434692,
            78.70922105410432,
            78.7031861014976,
            78.70663166382516,
            78.7084466267847,
            78.70753049686283,
            78.70765486607826,
            78.70813234018917,
            78.7104784220455
        ],
        "e_local": [
            0.0,
            0.0,
            0.0,
            0.0,
            0.0,
            0.0,
            0.0,
            0.0,
            0.0,
            0.0,
            0.0,
            0.0
        ],
        "e_nrep": [
            36.98161618552092,
            36.98161618552092,
            36.98161618552092,
            36.98161618552092,
            36.98161618552092,
            36.98161618552092,
            36.98161618552092,
            36.98161618552092,
            36.98161618552092,
            36.98161618552092,
            36.98161618552092,
            36.98161618552092
        ],
        "e_nuclear": [
            -260.6216612522115,
            -254.91394931929167,
            -256.5756446161963,
            -256.8494599906008,
            -256.8485860566968,
            -256.8182253565635,
            -256.8193555280686,
            -256.8227616504408,
            -256.8208646944927,
            -256.8206330551474,
            -256.82063683178524,
            -256.82430560138596
        ],
        "e_pcm": [
            0.0,
            0.0,
            0.0,
            0.0,
            0.0,
            0.0,
            0.0,
            0.0,
            0.0,
            0.0,
            0.0,
            0.0
        ],
        "e_tot": [
            -78.91450922497611,
            -79.04009408013371,
            -79.06711480048989,
            -79.07029901041373,
            -79.07095819432791,
            -79.07107310395442,
            -79.07114679805582,
            -79.07114302996101,
            -79.07116492775225,
            -79.07116769424238,
            -79.07081938309852,
            -79.07221640150128
        ],
        "e_xc": [
            -12.824121909919821,
            -12.390165607926189,
            -12.525809272969747,
            -12.553246742509334,
            -12.55693425831506,
            -12.555843814405014,
            -12.55684457641699,
            -12.55743992935249,
            -12.55728597315607,
            -12.55725611696607,
            -12.557255062472223,
            -12.557436124590177
        ],
        "iterations": 12
    },
    "scf_eigenvalues_a": {
        "dims": [
            9
        ],
        "size": 9,
        "vals": [
            -9.872734680552085,
            -9.88878139481535,
            -0.48822086894388117,
            -0.4548303448730824,
            -0.45487670175396344,
            -0.4281383334462445,
            -0.4277857638275364,
            -0.4277754058187646,
            -0.1861137492265872
        ]
    },
    "scf_eigenvalues_b": {
        "dims": [
            8
        ],
        "size": 8,
        "vals": [
            -9.874332718022828,
            -9.861964093241323,
            -0.4701126547613925,
            -0.43171808043557025,
            -0.431735691964825,
            -0.4297904414251995,
            -0.42870258262228345,
            -0.42866596369762977
        ]
    },
    "time": "2024-05-03 20:48:34",
    "wall_time": 52.11347699165344
}