{
    "calcinfo_nalpha": 13,
    "calcinfo_natom": 5,
    "calcinfo_nbeta": 13,
    "calcinfo_nmo": 26,
    "molecule": {
        "geometry": [
            [
                -2.1276197713397473,
                0.0,
                0.0
            ],
            [
                1.2412304759150028,
                0.0,
                0.0
            ],
            [
                -2.7783998208388554,
                -0.9713150749057281,
                -1.6823670512419413
            ],
            [
                -2.7783998208388554,
                -0.9713150749057281,
                1.6823670512419413
            ],
            [
                -2.7783998208388554,
                1.9426301498114562,
                0.0
            ]
        ],
        "symbols": [
            "C",
            "Cl",
            "H",
            "H",
            "H"
        ]
    },
    "parameters": {
        "charge": 0.0,
        "conv_only_dens": false,
        "dconv": 0.0001,
        "derivatives": false,
        "dipole": false,
        "econv": 1e-05,
        "ginitial_hessian": false,
        "gmaxiter": 20,
        "gopt": false,
        "gprec": 0.0001,
        "gtest": false,
        "gtol": 0.0001,
        "gval": 1e-05,
        "k": -1,
        "l": 52.778,
        "lo": 0.00037839,
        "loadbalparts": 2,
        "maxiter": 25,
        "maxrotn": 0.25,
        "maxsub": 10,
        "nalpha": 13,
        "nbeta": 13,
        "nio": 1,
        "nmo_alpha": 13,
        "nmo_beta": 13,
        "no_compute": false,
        "noiter": false,
        "nopen": 0,
        "npt_plot": 101,
        "nv_factor": 1,
        "nvalpha": 0,
        "nvbeta": 0,
        "orbitalshift": 0.0,
        "plot_cell": [],
        "plotcoul": false,
        "plotdens": false,
        "plothi": -1,
        "plotlo": 0,
        "print_level": 3,
        "protocol": [
            0.0001,
            1e-06
        ],
        "psp_calc": false,
        "pure_ae": true,
        "restart": false,
        "restartao": false,
        "save": true,
        "smear": 0.0,
        "spin_restricted": true,
        "vnucextra": 2
    },
    "precision": {
        "dconv": 0.0001,
        "econv": 1e-05,
        "eprec": 0.0001,
        "k": 8,
        "thresh": 1e-06
    },
    "return_energy": -499.1565297306324,
    "scf_e_data": {
        "e_coulomb": [
            275.16939892627227,
            273.51758325190036,
            273.5853491650551,
            273.51591382396276,
            273.50880035194905,
            273.5168508679468,
            273.52375452863436,
            273.52881913327906,
            273.53156898118834,
            273.5312670336557,
            273.53458249188725,
            273.53679494540506
        ],
        "e_kinetic": [
            499.7400582696758,
            498.9336849665998,
            499.089701261451,
            499.1293027599979,
            499.1313346169107,
            499.12620450992284,
            499.12494792288885,
            499.1260522599634,
            499.1264928263597,
            499.12714726362566,
            499.11540868679685,
            499.1138850641949
        ],
        "e_local": [
            0.0,
            0.0,
            0.0,
            0.0,
            0.0,
            0.0,
            0.0,
            0.0,
            0.0,
            0.0,
            0.0,
            0.0
        ],
        "e_nrep": [
            51.37849129634492,
            51.37849129634492,
            51.37849129634492,
            51.37849129634492,
            51.37849129634492,
            51.37849129634492,
            51.37849129634492,
            51.37849129634492,
            51.37849129634492,
            51.37849129634492,
            51.37849129634492,
            51.37849129634492
        ],
        "e_nuclear": [
            -1291.3822185884678,
            -1289.1856259046913,
            -1289.4007195783836,
            -1289.3677794369783,
            -1289.359433773791,
            -1289.3616801324097,
            -1289.3673725300246,
            -1289.3735859388826,
            -1289.3767927463045,
            -1289.3768457576962,
            -1289.3700554462148,
            -1289.3705391572887
        ],
        "e_pcm": [
            0.0,
            0.0,
            0.0,
            0.0,
            0.0,
            0.0,
            0.0,
            0.0,
            0.0,
            0.0,
            0.0,
            0.0
        ],
        "e_tot": [
            -498.9911637379478,
            -499.13446833512967,
            -499.1484392398354,
            -499.15356264122397,
            -499.154673349212,
            -499.15487657789106,
            -499.1549061698256,
            -499.15491038488085,
            -499.1549468066172,
            -499.15458945376577,
            -499.15652342499504,
            -499.1565297306324
        ],
        "e_xc": [
            -33.89689364177284,
            -33.77860194528354,
            -33.80126138430269,
            -33.809491084551404,
            -33.8138658406257,
            -33.814743119696,
            -33.814727387669116,
            -33.81468713558567,
            -33.814707164205615,
            -33.81464928969581,
            -33.81495045380926,
            -33.81516187928858
        ],
        "iterations": 12
    },
    "scf_eigenvalues_a": {
        "dims": [
            13
        ],
        "size": 13,
        "vals": [
            -104.8212451471519,
            -11.281778740666315,
            -9.64152496797833,
            -8.924480751302834,
            -8.013731955861317,
            -8.014632228150823,
            -0.9138088282114438,
            -0.7062008489677669,
            -0.706200825073056,
            -0.7062019479311747,
            -0.7628342642677894,
            -0.45703191956235134,
            -0.4570215557066639
        ]
    },
    "time": "2024-05-02 14:36:12",
    "wall_time": 58.809788942337036
}