{
    "calcinfo_nalpha": 5,
    "calcinfo_natom": 4,
    "calcinfo_nbeta": 5,
    "calcinfo_nmo": 10,
    "molecule": {
        "geometry": [
            [
                0.21333241335317282,
                0.0,
                0.0
            ],
            [
                -0.4977756311574031,
                0.8863047243657558,
                1.5351248255088803
            ],
            [
                -0.4977756311574031,
                0.8863047243657558,
                -1.5351248255088803
            ],
            [
                -0.4977756311574031,
                -1.7726094487315116,
                0.0
            ]
        ],
        "symbols": [
            "N",
            "H",
            "H",
            "H"
        ]
    },
    "parameters": {
        "charge": 0.0,
        "conv_only_dens": false,
        "dconv": 0.0001,
        "derivatives": false,
        "dipole": false,
        "econv": 1e-05,
        "ginitial_hessian": false,
        "gmaxiter": 20,
        "gopt": false,
        "gprec": 0.0001,
        "gtest": false,
        "gtol": 0.0001,
        "gval": 1e-05,
        "k": -1,
        "l": 51.773,
        "lo": 0.0016603,
        "loadbalparts": 2,
        "maxiter": 25,
        "maxrotn": 0.25,
        "maxsub": 10,
        "nalpha": 5,
        "nbeta": 5,
        "nio": 1,
        "nmo_alpha": 5,
        "nmo_beta": 5,
        "no_compute": false,
        "noiter": true,
        "nopen": 0,
        "npt_plot": 101,
        "nv_factor": 1,
        "nvalpha": 0,
        "nvbeta": 0,
        "orbitalshift": 0.0,
        "plot_cell": [],
        "plotcoul": false,
        "plotdens": false,
        "plothi": -1,
        "plotlo": 0,
        "print_level": 3,
        "protocol": [
            1e-06
        ],
        "psp_calc": false,
        "pure_ae": true,
        "restart": true,
        "restartao": false,
        "save": true,
        "smear": 0.0,
        "spin_restricted": true,
        "vnucextra": 2
    },
    "precision": {
        "dconv": 0.0001,
        "econv": 1e-05,
        "eprec": 0.0001,
        "k": 8,
        "thresh": 1e-06
    },
    "return_energy": -56.50785714126843,
    "scf_e_data": {
        "e_coulomb": [
            39.12771790967433
        ],
        "e_kinetic": [
            56.16369724620261
        ],
        "e_local": [
            0.0
        ],
        "e_nrep": [
            11.972307208710209
        ],
        "e_nuclear": [
            -155.8171190088787
        ],
        "e_pcm": [
            0.0
        ],
        "e_tot": [
            -56.50785714126843
        ],
        "e_xc": [
            -7.95446049697688
        ],
        "iterations": 1
    },
    "scf_eigenvalues_a": {
        "dims": [
            5
        ],
        "size": 5,
        "vals": [
            -15.532177733023808,
            -0.7932629217643372,
            -0.793263697439905,
            -0.7932629241546949,
            -0.4584139355406358
        ]
    },
    "time": "2024-05-02 17:25:59",
    "wall_time": 2.5044591426849365
}