{
    "calcinfo_nalpha": 8,
    "calcinfo_natom": 3,
    "calcinfo_nbeta": 7,
    "calcinfo_nmo": 15,
    "molecule": {
        "geometry": [
            [
                3.57332927502149,
                1.5425240834308585,
                0.0
            ],
            [
                0.8621764252629813,
                -0.6135240843316447,
                0.0
            ],
            [
                -1.0932984783249222,
                0.26732755281987636,
                0.0
            ]
        ],
        "symbols": [
            "H",
            "C",
            "O"
        ]
    },
    "parameters": {
        "charge": 0.0,
        "conv_only_dens": false,
        "dconv": 0.0001,
        "derivatives": false,
        "dipole": false,
        "econv": 1e-05,
        "ginitial_hessian": false,
        "gmaxiter": 20,
        "gopt": false,
        "gprec": 0.0001,
        "gtest": false,
        "gtol": 0.0001,
        "gval": 1e-05,
        "k": -1,
        "l": 53.573,
        "lo": 0.001329,
        "loadbalparts": 2,
        "maxiter": 25,
        "maxrotn": 0.25,
        "maxsub": 10,
        "nalpha": 8,
        "nbeta": 7,
        "nio": 1,
        "nmo_alpha": 8,
        "nmo_beta": 7,
        "no_compute": false,
        "noiter": false,
        "nopen": 1,
        "npt_plot": 101,
        "nv_factor": 1,
        "nvalpha": 0,
        "nvbeta": 0,
        "orbitalshift": 0.0,
        "plot_cell": [],
        "plotcoul": false,
        "plotdens": false,
        "plothi": -1,
        "plotlo": 0,
        "print_level": 3,
        "protocol": [
            0.0001,
            1e-06
        ],
        "psp_calc": false,
        "pure_ae": true,
        "restart": false,
        "restartao": false,
        "save": true,
        "smear": 0.0,
        "spin_restricted": false,
        "vnucextra": 2
    },
    "precision": {
        "dconv": 0.0001,
        "econv": 1e-05,
        "eprec": 0.0001,
        "k": 8,
        "thresh": 1e-06
    },
    "return_energy": -113.7449510336412,
    "scf_e_data": {
        "e_coulomb": [
            80.99325079867933,
            79.24076876007237,
            80.10962785204936,
            80.02120733294618,
            79.9736424397327,
            79.97090799160685,
            79.94955784296062,
            79.93601392954855,
            79.92466771255427,
            79.93059634375156,
            79.9334618368713,
            79.93675031939979,
            79.93643514167191,
            79.93635203864554,
            79.93513230503
        ],
        "e_kinetic": [
            113.8745233499474,
            112.53858463752739,
            113.29481187855474,
            113.33135785303094,
            113.34953136160748,
            113.35262274156496,
            113.3579098213462,
            113.35385433718497,
            113.34708777468086,
            113.35638148203233,
            113.35896938860118,
            113.35990702346851,
            113.3588827171468,
            113.3593409385428,
            113.35788965420014
        ],
        "e_local": [
            0.0,
            0.0,
            0.0,
            0.0,
            0.0,
            0.0,
            0.0,
            0.0,
            0.0,
            0.0,
            0.0,
            0.0,
            0.0,
            0.0,
            0.0
        ],
        "e_nrep": [
            25.76644846766459,
            25.76644846766459,
            25.76644846766459,
            25.76644846766459,
            25.76644846766459,
            25.76644846766459,
            25.76644846766459,
            25.76644846766459,
            25.76644846766459,
            25.76644846766459,
            25.76644846766459,
            25.76644846766459,
            25.76644846766459,
            25.76644846766459,
            25.76644846766459
        ],
        "e_nuclear": [
            -320.0425285260626,
            -317.2999190322278,
            -318.836565839003,
            -318.79422140250784,
            -318.7664330029562,
            -318.76595931742554,
            -318.74878042110373,
            -318.729532866866,
            -318.71222504419757,
            -318.7264686368368,
            -318.73171176932453,
            -318.73571145031826,
            -318.7344557028912,
            -318.7344461876755,
            -318.73306648731557
        ],
        "e_pcm": [
            0.0,
            0.0,
            0.0,
            0.0,
            0.0,
            0.0,
            0.0,
            0.0,
            0.0,
            0.0,
            0.0,
            0.0,
            0.0,
            0.0,
            0.0
        ],
        "e_tot": [
            -113.59808554119846,
            -113.72088750411237,
            -113.73706810864405,
            -113.7409737875613,
            -113.7424131200095,
            -113.74291599411922,
            -113.7436261673225,
            -113.74398605054378,
            -113.74412122066164,
            -113.74406549702434,
            -113.7441375461901,
            -113.74414080295355,
            -113.7441327754592,
            -113.74374776708609,
            -113.7449510336412
        ],
        "e_xc": [
            -14.189779631427161,
            -13.966770337148882,
            -14.07139046790973,
            -14.065766038695159,
            -14.065602386058075,
            -14.06693587753009,
            -14.068761878190177,
            -14.070769918075886,
            -14.070100131363787,
            -14.071023153636048,
            -14.07130547000262,
            -14.071535163168175,
            -14.071443399051311,
            -14.071443024263534,
            -14.07135497322035
        ],
        "iterations": 15
    },
    "scf_eigenvalues_a": {
        "dims": [
            8
        ],
        "size": 8,
        "vals": [
            -18.840850174818407,
            -9.995473077535362,
            -1.03004666611398,
            -0.5537675150898833,
            -0.4234574574099521,
            -0.43296705854661743,
            -0.36378390289043705,
            -0.29455297555874793
        ]
    },
    "scf_eigenvalues_b": {
        "dims": [
            7
        ],
        "size": 7,
        "vals": [
            -18.83639363334259,
            -9.990506213239101,
            -1.0276911580643011,
            -0.5494820803344242,
            -0.42641188009453534,
            -0.4295556633253321,
            -0.3808541469081732
        ]
    },
    "time": "2024-05-03 21:33:24",
    "wall_time": 56.37615203857422
}