{
    "calcinfo_nalpha": 5,
    "calcinfo_natom": 5,
    "calcinfo_nbeta": 5,
    "calcinfo_nmo": 10,
    "molecule": {
        "geometry": [
            [
                0.0,
                0.0,
                0.0
            ],
            [
                1.1864400805788302,
                -1.1864400805788302,
                1.1864400805788302
            ],
            [
                -1.1864400805788302,
                1.1864400805788302,
                1.1864400805788302
            ],
            [
                -1.1864400805788302,
                -1.1864400805788302,
                -1.1864400805788302
            ],
            [
                1.1864400805788302,
                1.1864400805788302,
                -1.1864400805788302
            ]
        ],
        "symbols": [
            "C",
            "H",
            "H",
            "H",
            "H"
        ]
    },
    "parameters": {
        "charge": 0.0,
        "conv_only_dens": false,
        "dconv": 0.0001,
        "derivatives": false,
        "dipole": false,
        "econv": 1e-05,
        "ginitial_hessian": false,
        "gmaxiter": 20,
        "gopt": false,
        "gprec": 0.0001,
        "gtest": false,
        "gtol": 0.0001,
        "gval": 1e-05,
        "k": -1,
        "l": 51.186,
        "lo": 0.0021467,
        "loadbalparts": 2,
        "maxiter": 25,
        "maxrotn": 0.25,
        "maxsub": 10,
        "nalpha": 5,
        "nbeta": 5,
        "nio": 1,
        "nmo_alpha": 5,
        "nmo_beta": 5,
        "no_compute": false,
        "noiter": false,
        "nopen": 0,
        "npt_plot": 101,
        "nv_factor": 1,
        "nvalpha": 0,
        "nvbeta": 0,
        "orbitalshift": 0.0,
        "plot_cell": [],
        "plotcoul": false,
        "plotdens": false,
        "plothi": -1,
        "plotlo": 0,
        "print_level": 3,
        "protocol": [
            0.0001,
            1e-06
        ],
        "psp_calc": false,
        "pure_ae": true,
        "restart": false,
        "restartao": false,
        "save": true,
        "smear": 0.0,
        "spin_restricted": true,
        "vnucextra": 2
    },
    "precision": {
        "dconv": 0.0001,
        "econv": 1e-05,
        "eprec": 0.0001,
        "k": 8,
        "thresh": 1e-06
    },
    "return_energy": -40.21669377986821,
    "scf_e_data": {
        "e_coulomb": [
            34.78850600276827,
            32.60311753415854,
            32.78922224153373,
            32.758244215482776,
            32.71633332462721,
            32.7092669826759,
            32.71082300702214,
            32.710773250119345,
            32.711612061532676
        ],
        "e_kinetic": [
            41.38161950233908,
            39.96985768635211,
            40.12828003524842,
            40.1712134938563,
            40.17746012746269,
            40.17654922025246,
            40.177915216266534,
            40.17797670700943,
            40.17969826687574
        ],
        "e_local": [
            0.0,
            0.0,
            0.0,
            0.0,
            0.0,
            0.0,
            0.0,
            0.0,
            0.0
        ],
        "e_nrep": [
            13.466947944236333,
            13.466947944236333,
            13.466947944236333,
            13.466947944236333,
            13.466947944236333,
            13.466947944236333,
            13.466947944236333,
            13.466947944236333,
            13.466947944236333
        ],
        "e_nuclear": [
            -122.92657895405367,
            -119.70988419634732,
            -120.02218406069738,
            -120.02135916772414,
            -119.98096956113305,
            -119.97303216413616,
            -119.97585968352578,
            -119.97586050628172,
            -119.978756043727
        ],
        "e_pcm": [
            0.0,
            0.0,
            0.0,
            0.0,
            0.0,
            0.0,
            0.0,
            0.0,
            0.0
        ],
        "e_tot": [
            -40.06038695701252,
            -40.2008241607274,
            -40.21122640076624,
            -40.215426624178356,
            -40.21611585825091,
            -40.21615446723715,
            -40.21614406207886,
            -40.21612444932801,
            -40.21669377986821
        ],
        "e_xc": [
            -6.770881452302533,
            -6.530863129127068,
            -6.573492561087341,
            -6.590473110029619,
            -6.595887693444073,
            -6.595886450265692,
            -6.595970546078095,
            -6.595961844411399,
            -6.596196008785947
        ],
        "iterations": 9
    },
    "scf_eigenvalues_a": {
        "dims": [
            5
        ],
        "size": 5,
        "vals": [
            -11.196697186665208,
            -0.6468539359166334,
            -0.646853895464187,
            -0.6468539112582534,
            -0.6468539070537555
        ]
    },
    "time": "2024-05-02 14:42:35",
    "wall_time": 15.634557962417603
}