{
    "calcinfo_nalpha": 13,
    "calcinfo_natom": 10,
    "calcinfo_nbeta": 12,
    "calcinfo_nmo": 25,
    "molecule": {
        "geometry": [
            [
                -2.283620645696716,
                -0.5427086784109397,
                9.083635279228087e-05
            ],
            [
                0.12351006105002901,
                1.088731163851896,
                -0.00012383610737259996
            ],
            [
                2.484589692285915,
                -0.4526222607592667,
                1.3687482659094744e-05
            ],
            [
                -2.345868727731968,
                -1.7543833605745898,
                1.6652917868034744
            ],
            [
                -2.34588186695567,
                -1.7547961993857135,
                -1.6648084486836243
            ],
            [
                -3.971961126530906,
                0.6401019128168526,
                -5.433750056237113e-05
            ],
            [
                0.09113592988432183,
                2.318384929223724,
                -1.6574961146559086
            ],
            [
                0.09120124772370093,
                2.3187875417848773,
                1.6569441311802657
            ],
            [
                3.2675906044667773,
                -1.1636103609549793,
                1.7469845554784065
            ],
            [
                3.266909293308374,
                -1.164885811000309,
                -1.746745698990524
            ]
        ],
        "symbols": [
            "C",
            "C",
            "C",
            "H",
            "H",
            "H",
            "H",
            "H",
            "H",
            "H"
        ]
    },
    "parameters": {
        "charge": 0.0,
        "conv_only_dens": false,
        "dconv": 0.0001,
        "derivatives": false,
        "dipole": false,
        "econv": 1e-05,
        "ginitial_hessian": false,
        "gmaxiter": 20,
        "gopt": false,
        "gprec": 0.0001,
        "gtest": false,
        "gtol": 0.0001,
        "gval": 1e-05,
        "k": -1,
        "l": 53.972,
        "lo": 0.0021467,
        "loadbalparts": 2,
        "maxiter": 25,
        "maxrotn": 0.25,
        "maxsub": 10,
        "nalpha": 13,
        "nbeta": 12,
        "nio": 1,
        "nmo_alpha": 13,
        "nmo_beta": 12,
        "no_compute": false,
        "noiter": true,
        "nopen": 1,
        "npt_plot": 101,
        "nv_factor": 1,
        "nvalpha": 0,
        "nvbeta": 0,
        "orbitalshift": 0.0,
        "plot_cell": [],
        "plotcoul": false,
        "plotdens": false,
        "plothi": -1,
        "plotlo": 0,
        "print_level": 3,
        "protocol": [
            1e-06
        ],
        "psp_calc": false,
        "pure_ae": true,
        "restart": true,
        "restartao": false,
        "save": true,
        "smear": 0.0,
        "spin_restricted": false,
        "vnucextra": 2
    },
    "precision": {
        "dconv": 0.0001,
        "econv": 1e-05,
        "eprec": 0.0001,
        "k": 8,
        "thresh": 1e-06
    },
    "return_energy": -118.31627616204372,
    "scf_e_data": {
        "e_coulomb": [
            131.9842175123325
        ],
        "e_kinetic": [
            117.60752454300578
        ],
        "e_local": [
            0.0
        ],
        "e_nrep": [
            75.86161481971936
        ],
        "e_nuclear": [
            -425.05973420101554
        ],
        "e_pcm": [
            0.0
        ],
        "e_tot": [
            -118.31627616204372
        ],
        "e_xc": [
            -18.709898836085774
        ],
        "iterations": 1
    },
    "scf_eigenvalues_a": {
        "dims": [
            13
        ],
        "size": 13,
        "vals": [
            -11.205291837803081,
            -11.212441229683108,
            -11.219135682298237,
            -0.7375958089528238,
            -0.6498677354851599,
            -0.6991036812810751,
            -0.6525291704909519,
            -0.649916485779762,
            -0.6734370154717089,
            -0.6991056189999647,
            -0.6498675465203798,
            -0.6525293418664494,
            -0.3818284953725257
        ]
    },
    "scf_eigenvalues_b": {
        "dims": [
            12
        ],
        "size": 12,
        "vals": [
            -11.202479131424585,
            -11.216019721559139,
            -11.195401321686965,
            -0.7065312955216463,
            -0.6484070418881365,
            -0.6593637762332837,
            -0.6529869771345433,
            -0.6489547889698841,
            -0.666229169840151,
            -0.6593647152991006,
            -0.6484065405854611,
            -0.6529913249755556
        ]
    },
    "time": "2024-05-02 17:20:41",
    "wall_time": 11.804450988769531
}