{
    "calcinfo_nalpha": 13,
    "calcinfo_natom": 10,
    "calcinfo_nbeta": 12,
    "calcinfo_nmo": 25,
    "molecule": {
        "geometry": [
            [
                -2.283620645696716,
                -0.5427086784109397,
                9.083635279228087e-05
            ],
            [
                0.12351006105002901,
                1.088731163851896,
                -0.00012383610737259996
            ],
            [
                2.484589692285915,
                -0.4526222607592667,
                1.3687482659094744e-05
            ],
            [
                -2.345868727731968,
                -1.7543833605745898,
                1.6652917868034744
            ],
            [
                -2.34588186695567,
                -1.7547961993857135,
                -1.6648084486836243
            ],
            [
                -3.971961126530906,
                0.6401019128168526,
                -5.433750056237113e-05
            ],
            [
                0.09113592988432183,
                2.318384929223724,
                -1.6574961146559086
            ],
            [
                0.09120124772370093,
                2.3187875417848773,
                1.6569441311802657
            ],
            [
                3.2675906044667773,
                -1.1636103609549793,
                1.7469845554784065
            ],
            [
                3.266909293308374,
                -1.164885811000309,
                -1.746745698990524
            ]
        ],
        "symbols": [
            "C",
            "C",
            "C",
            "H",
            "H",
            "H",
            "H",
            "H",
            "H",
            "H"
        ]
    },
    "parameters": {
        "charge": 0.0,
        "conv_only_dens": false,
        "dconv": 0.0001,
        "derivatives": false,
        "dipole": false,
        "econv": 1e-05,
        "ginitial_hessian": false,
        "gmaxiter": 20,
        "gopt": false,
        "gprec": 0.0001,
        "gtest": false,
        "gtol": 0.0001,
        "gval": 1e-05,
        "k": -1,
        "l": 53.972,
        "lo": 0.0021467,
        "loadbalparts": 2,
        "maxiter": 25,
        "maxrotn": 0.25,
        "maxsub": 10,
        "nalpha": 13,
        "nbeta": 12,
        "nio": 1,
        "nmo_alpha": 13,
        "nmo_beta": 12,
        "no_compute": false,
        "noiter": false,
        "nopen": 1,
        "npt_plot": 101,
        "nv_factor": 1,
        "nvalpha": 0,
        "nvbeta": 0,
        "orbitalshift": 0.0,
        "plot_cell": [],
        "plotcoul": false,
        "plotdens": false,
        "plothi": -1,
        "plotlo": 0,
        "print_level": 3,
        "protocol": [
            0.0001,
            1e-06
        ],
        "psp_calc": false,
        "pure_ae": true,
        "restart": false,
        "restartao": false,
        "save": true,
        "smear": 0.0,
        "spin_restricted": false,
        "vnucextra": 2
    },
    "precision": {
        "dconv": 0.0001,
        "econv": 1e-05,
        "eprec": 0.0001,
        "k": 8,
        "thresh": 1e-06
    },
    "return_energy": -118.34527290318687,
    "scf_e_data": {
        "e_coulomb": [
            136.52694643272292,
            130.33622568734265,
            132.0695129615677,
            132.28349626292226,
            132.24033025586357,
            132.2058029275282,
            132.19973279939555,
            132.19850205525515,
            132.198370024135,
            132.19961357000395,
            132.1989840075848,
            132.1981395657773,
            132.19453842310415,
            132.1941789266496,
            132.19657599588936,
            132.19640063455003,
            132.1962231527215,
            132.19697079413663,
            132.1973033485827,
            132.19784896246696,
            132.19849300717303,
            132.19782133871823,
            132.19852965747563,
            132.19809190039751,
            132.197956059711,
            132.19768291988896,
            132.19963984358486,
            132.20211172861306
        ],
        "e_kinetic": [
            119.71667628627988,
            116.66447261333357,
            117.56024346105863,
            117.78054985760376,
            117.81205697904416,
            117.80342681582682,
            117.80537806427984,
            117.8057917499952,
            117.8057093634948,
            117.80658572335018,
            117.806269188951,
            117.8057146798105,
            117.80550716543203,
            117.80720854177991,
            117.80542382335682,
            117.80559353715651,
            117.80563472487253,
            117.80569776296582,
            117.80577573167847,
            117.80594112180191,
            117.80609379570615,
            117.80587042278512,
            117.80614973348457,
            117.80591375890043,
            117.80593090177189,
            117.80674434402073,
            117.81072979676463,
            117.81421933788359
        ],
        "e_local": [
            0.0,
            0.0,
            0.0,
            0.0,
            0.0,
            0.0,
            0.0,
            0.0,
            0.0,
            0.0,
            0.0,
            0.0,
            0.0,
            0.0,
            0.0,
            0.0,
            0.0,
            0.0,
            0.0,
            0.0,
            0.0,
            0.0,
            0.0,
            0.0,
            0.0,
            0.0,
            0.0,
            0.0
        ],
        "e_nrep": [
            75.86161481971936,
            75.86161481971936,
            75.86161481971936,
            75.86161481971936,
            75.86161481971936,
            75.86161481971936,
            75.86161481971936,
            75.86161481971936,
            75.86161481971936,
            75.86161481971936,
            75.86161481971936,
            75.86161481971936,
            75.86161481971936,
            75.86161481971936,
            75.86161481971936,
            75.86161481971936,
            75.86161481971936,
            75.86161481971936,
            75.86161481971936,
            75.86161481971936,
            75.86161481971936,
            75.86161481971936,
            75.86161481971936,
            75.86161481971936,
            75.86161481971936,
            75.86161481971936,
            75.86161481971936,
            75.86161481971936
        ],
        "e_nuclear": [
            -431.16832354665434,
            -422.7005453082083,
            -425.18238731813494,
            -425.58332277529024,
            -425.56866979108486,
            -425.5273870168224,
            -425.5225356927284,
            -425.52155263060405,
            -425.52127820808187,
            -425.52318769937887,
            -425.52235224460463,
            -425.52110033662785,
            -425.5170437009476,
            -425.51680334323464,
            -425.5192658010096,
            -425.5192493120375,
            -425.51911182331185,
            -425.51994779039296,
            -425.5203516741044,
            -425.5210261966458,
            -425.52178755502337,
            -425.52095364728035,
            -425.5217948213557,
            -425.5212160961154,
            -425.52113460002977,
            -425.5211402477349,
            -425.5288788544618,
            -425.534456534387
        ],
        "e_pcm": [
            0.0,
            0.0,
            0.0,
            0.0,
            0.0,
            0.0,
            0.0,
            0.0,
            0.0,
            0.0,
            0.0,
            0.0,
            0.0,
            0.0,
            0.0,
            0.0,
            0.0,
            0.0,
            0.0,
            0.0,
            0.0,
            0.0,
            0.0,
            0.0,
            0.0,
            0.0,
            0.0,
            0.0
        ],