{
    "calcinfo_nalpha": 13,
    "calcinfo_natom": 2,
    "calcinfo_nbeta": 13,
    "calcinfo_nmo": 26,
    "molecule": {
        "geometry": [
            [
                0.0,
                0.0,
                -2.0144216887083646
            ],
            [
                0.0,
                0.0,
                1.0664585410808987
            ]
        ],
        "symbols": [
            "F",
            "Cl"
        ]
    },
    "parameters": {
        "charge": 0.0,
        "conv_only_dens": false,
        "dconv": 0.0001,
        "derivatives": false,
        "dipole": false,
        "econv": 1e-05,
        "ginitial_hessian": false,
        "gmaxiter": 20,
        "gopt": false,
        "gprec": 0.0001,
        "gtest": false,
        "gtol": 0.0001,
        "gval": 1e-05,
        "k": -1,
        "l": 52.014,
        "lo": 0.00037839,
        "loadbalparts": 2,
        "maxiter": 25,
        "maxrotn": 0.25,
        "maxsub": 10,
        "nalpha": 13,
        "nbeta": 13,
        "nio": 1,
        "nmo_alpha": 13,
        "nmo_beta": 13,
        "no_compute": false,
        "noiter": false,
        "nopen": 0,
        "npt_plot": 101,
        "nv_factor": 1,
        "nvalpha": 0,
        "nvbeta": 0,
        "orbitalshift": 0.0,
        "plot_cell": [],
        "plotcoul": false,
        "plotdens": false,
        "plothi": -1,
        "plotlo": 0,
        "print_level": 3,
        "protocol": [
            0.0001,
            1e-06
        ],
        "psp_calc": false,
        "pure_ae": true,
        "restart": false,
        "restartao": false,
        "save": true,
        "smear": 0.0,
        "spin_restricted": true,
        "vnucextra": 2
    },
    "precision": {
        "dconv": 0.0001,
        "econv": 1e-05,
        "eprec": 0.0001,
        "k": 8,
        "thresh": 1e-06
    },
    "return_energy": -559.7661538411,
    "scf_e_data": {
        "e_coulomb": [
            301.6230228097978,
            301.28069358081905,
            301.96082520069604,
            301.7450071230536,
            301.87972527642074,
            301.8611186122072,
            301.86170165360306,
            301.85196820093006,
            301.84980193968335,
            301.84954817235894,
            301.849962866711,
            301.8541636839053
        ],
        "e_kinetic": [
            558.5808640750004,
            558.001863903263,
            558.826299020244,
            558.8339033699099,
            559.0274255641934,
            559.0216714927128,
            558.9909088160433,
            558.9667451391248,
            558.9662249203335,
            558.9670823997033,
            558.9554612790932,
            558.9576286142594
        ],
        "e_local": [
            0.0,
            0.0,
            0.0,
            0.0,
            0.0,
            0.0,
            0.0,
            0.0,
            0.0,
            0.0,
            0.0,
            0.0
        ],
        "e_nrep": [
            49.661132075382696,
            49.661132075382696,
            49.661132075382696,
            49.661132075382696,
            49.661132075382696,
            49.661132075382696,
            49.661132075382696,
            49.661132075382696,
            49.661132075382696,
            49.661132075382696,
            49.661132075382696,
            49.661132075382696
        ],
        "e_nuclear": [
            -1431.0288261937317,
            -1430.3891921976742,
            -1431.8268844631348,
            -1431.6509940651335,
            -1431.9691169672205,
            -1431.9476011672293,
            -1431.918096875791,
            -1431.8851355514912,
            -1431.882521958343,
            -1431.8825847906055,
            -1431.8736602063573,
            -1431.8796103940458
        ],
        "e_pcm": [
            0.0,
            0.0,
            0.0,
            0.0,
            0.0,
            0.0,
            0.0,
            0.0,
            0.0,
            0.0,
            0.0,
            0.0
        ],
        "e_tot": [
            -559.5911264135112,
            -559.744579673516,
            -559.7571493217238,
            -559.7618175841981,
            -559.7635850469195,
            -559.7642304683492,
            -559.7643433843622,
            -559.7643615554599,
            -559.7643803604976,
            -559.7638275100203,
            -559.766146817006,
            -559.7661538411
        ],
        "e_xc": [
            -38.427319179960506,
            -38.29907703530665,
            -38.37852115491182,
            -38.35086608741071,
            -38.36275099569582,
            -38.36055148142261,
            -38.35998905360027,
            -38.35907141940625,
            -38.359017337554235,
            -38.35900536685975,
            -38.35904283183562,
            -38.3594678206017
        ],
        "iterations": 12
    },
    "scf_eigenvalues_a": {
        "dims": [
            13
        ],
        "size": 13,
        "vals": [
            -100.73936541402793,
            -24.314669555934685,
            -9.251791185322425,
            -7.083021567146503,
            -7.063594248834864,
            -7.062423344363559,
            -0.9462467433862649,
            -0.7397630438656813,
            -0.7317456941649629,
            -0.39533609517009927,
            -0.39533609447611084,
            -0.32589711712530134,
            -0.32589711224231577
        ]
    },
    "time": "2024-05-03 21:14:29",
    "wall_time": 47.43718504905701
}