{
    "calcinfo_nalpha": 12,
    "calcinfo_natom": 4,
    "calcinfo_nbeta": 11,
    "calcinfo_nmo": 23,
    "molecule": {
        "geometry": [
            [
                2.8510510059776437,
                2.3477000430282473,
                0.0
            ],
            [
                1.9964981735864484,
                -0.20205759440637608,
                0.0
            ],
            [
                -0.3224942891093397,
                -0.36319507405709706,
                0.0
            ],
            [
                -2.3665109101291217,
                0.25873231866034857,
                0.0
            ]
        ],
        "symbols": [
            "H",
            "O",
            "N",
            "N"
        ]
    },
    "parameters": {
        "charge": 0.0,
        "conv_only_dens": false,
        "dconv": 0.0001,
        "derivatives": false,
        "dipole": false,
        "econv": 1e-05,
        "ginitial_hessian": false,
        "gmaxiter": 20,
        "gopt": false,
        "gprec": 0.0001,
        "gtest": false,
        "gtol": 0.0001,
        "gval": 1e-05,
        "k": -1,
        "l": 52.851,
        "lo": 0.001329,
        "loadbalparts": 2,
        "maxiter": 25,
        "maxrotn": 0.25,
        "maxsub": 10,
        "nalpha": 12,
        "nbeta": 11,
        "nio": 1,
        "nmo_alpha": 12,
        "nmo_beta": 11,
        "no_compute": false,
        "noiter": false,
        "nopen": 1,
        "npt_plot": 101,
        "nv_factor": 1,
        "nvalpha": 0,
        "nvbeta": 0,
        "orbitalshift": 0.0,
        "plot_cell": [],
        "plotcoul": false,
        "plotdens": false,
        "plothi": -1,
        "plotlo": 0,
        "print_level": 3,
        "protocol": [
            0.0001,
            1e-06
        ],
        "psp_calc": false,
        "pure_ae": true,
        "restart": false,
        "restartao": false,
        "save": true,
        "smear": 0.0,
        "spin_restricted": false,
        "vnucextra": 2
    },
    "precision": {
        "dconv": 0.0001,
        "econv": 1e-05,
        "eprec": 0.0001,
        "k": 8,
        "thresh": 1e-06
    },
    "return_energy": -184.22328535984138,
    "scf_e_data": {
        "e_coulomb": [
            153.19404731269427,
            152.52009998438388,
            152.736349424465,
            152.63594631886627,
            152.55896464794034,
            152.53497670937875,
            152.51805639097452,
            152.54241903801682,
            152.38613569512063,
            152.44418960305833,
            152.456676567914,
            152.42892426415773,
            152.4045819144621,
            152.3974573423109,
            152.40106233149953,
            152.40165770267976,
            152.39959081158395,
            152.41245210208774,
            152.42863214449127,
            152.45022708404179,
            152.46014979189448,
            152.47409667189945,
            152.49046504457206,
            152.49979601003776,
            152.47505569882986,
            152.4748445500811,
            152.4715133953007,
            152.4727735442544,
            152.46870897484445,
            152.47069124110453,
            152.47780603729416,
            152.48603162175723,
            152.48994114157483,
            152.49247928658127,
            152.49475527596297,
            152.49668433533537,
            152.49849605281767,
            152.50004625655345,
            152.5101721795771,
            152.50990885886517,
            152.50808056995027,
            152.50298370410667,
            152.50494631008948,
            152.50841141670213,
            152.50872009078708
        ],
        "e_kinetic": [
            184.43981921562812,
            183.64079693356263,
            183.870167180657,
            183.88063641990738,
            183.89242076851855,
            183.90217825836083,
            183.919645087397,
            184.00793467149356,
            183.91216448294117,
            183.97065598061505,
            184.00652937902595,
            183.99451826425656,
            183.98547703438922,
            183.98227339029143,
            183.98603346093114,
            183.98941813641795,
            183.9868634430207,
            183.99109399606215,
            183.99672374226154,
            184.00778621366447,
            184.01699638017482,
            184.0300222619104,
            184.03972735384625,
            184.04317982052228,
            184.02151383185543,
            184.0223305308707,
            184.0126452902195,
            184.01318002854697,
            184.0124327050372,
            184.0165097828048,
            184.02265219716367,
            184.02511046241878,
            184.02705901823936,
            184.02816880231958,
            184.02918856439675,
            184.03005532534434,
            184.03069610405186,
            184.0316343562874,
            184.03557727020436,
            184.03581530945635,
            184.03528234376788,
            184.03350330211782,
            184.0345721125316,
            184.03732580696652,
            184.03786904128341
        ],
        "e_local": [
            0.0,
            0.0,
            0.0,
            0.0,
            0.0,
            0.0,
            0.0,
            0.0,
            0.0,
            0.0,
            0.0,
            0.0,
            0.0,
            0.0,
            0.0,
            0.0,
            0.0,
            0.0,
            0.0,
            0.0,
            0.0,
            0.0,
            0.0,
            0.0,
            0.0,
            0.0,
            0.0,
            0.0,
            0.0,
            0.0,
            0.0,
            0.0,
            0.0,
            0.0,
            0.0,
            0.0,
            0.0,
            0.0,
            0.0,
            0.0,
            0.0,
            0.0,
            0.0,
            0.0,
            0.0
        ],
        "e_nrep": [
            65.68637624404778,
            65.68637624404778,
            65.68637624404778,
            65.68637624404778,
            65.68637624404778,
            65.68637624404778,
            65.68637624404778,
            65.68637624404778,
            65.68637624404778,
            65.68637624404778,
            65.68637624404778,
            65.68637624404778,
            65.68637624404778,
            65.68637624404778,
            65.68637624404778,
            65.68637624404778,
            65.68637624404778,
            65.68637624404778,
            65.68637624404778,
            65.68637624404778,
            65.68637624404778,
            65.68637624404778,
            65.68637624404778,
            65.68637624404778,
            65.68637624404778,
            65.68637624404778,
            65.68637624404778,
            65.68637624404778,
            65.68637624404778,
            65.68637624404778,
            65.68637624404778,
            65.68637624404778,
            65.68637624404778,
            65.68637624404778,
            65.68637624404778,
            65.68637624404778,
            65.68637624404778,
            65.68637624404778,
            65.68637624404778,
            65.68637624404778,
            65.68637624404778,
            65.68637624404778,
            65.68637624404778,
            65.68637624404778,
            65.68637624404778
        ],