{
    "calcinfo_nalpha": 9,
    "calcinfo_natom": 5,
    "calcinfo_nbeta": 9,
    "calcinfo_nmo": 18,
    "molecule": {
        "geometry": [
            [
                1.194453004411973,
                -2.390939145103389e-09,
                0.0
            ],
            [
                -1.4156272061099677,
                5.395703310177223e-10,
                0.0
            ],
            [
                1.8579756084134496,
                -0.9730508481864876,
                -1.6853735110330559
            ],
            [
                1.8579756084134496,
                -0.9730508481864876,
                1.6853735110330559
            ],
            [
                1.8579756116909751,
                1.946101705862477,
                0.0
            ]
        ],
        "symbols": [
            "C",
            "F",
            "H",
            "H",
            "H"
        ]
    },
    "parameters": {
        "charge": 0.0,
        "conv_only_dens": false,
        "dconv": 0.0001,
        "derivatives": false,
        "dipole": false,
        "econv": 1e-05,
        "ginitial_hessian": false,
        "gmaxiter": 20,
        "gopt": false,
        "gprec": 0.0001,
        "gtest": false,
        "gtol": 0.0001,
        "gval": 1e-05,
        "k": -1,
        "l": 51.946,
        "lo": 0.0010921,
        "loadbalparts": 2,
        "maxiter": 25,
        "maxrotn": 0.25,
        "maxsub": 10,
        "nalpha": 9,
        "nbeta": 9,
        "nio": 1,
        "nmo_alpha": 9,
        "nmo_beta": 9,
        "no_compute": false,
        "noiter": false,
        "nopen": 0,
        "npt_plot": 101,
        "nv_factor": 1,
        "nvalpha": 0,
        "nvbeta": 0,
        "orbitalshift": 0.0,
        "plot_cell": [],
        "plotcoul": false,
        "plotdens": false,
        "plothi": -1,
        "plotlo": 0,
        "print_level": 3,
        "protocol": [
            0.0001,
            1e-06
        ],
        "psp_calc": false,
        "pure_ae": true,
        "restart": false,
        "restartao": false,
        "save": true,
        "smear": 0.0,
        "spin_restricted": true,
        "vnucextra": 2
    },
    "precision": {
        "dconv": 0.0001,
        "econv": 1e-05,
        "eprec": 0.0001,
        "k": 8,
        "thresh": 1e-06
    },
    "return_energy": -139.10942923932362,
    "scf_e_data": {
        "e_coulomb": [
            108.22082936452298,
            106.3566462212977,
            106.5281855356339,
            106.36273242576004,
            106.36600971148982,
            106.36364509935046,
            106.3656272977133,
            106.36895743717804,
            106.3722555107993,
            106.37296084535036,
            106.37282538345424,
            106.37406735828226
        ],
        "e_kinetic": [
            140.15975974493864,
            138.78571773385818,
            139.059739550344,
            138.9902566796824,
            139.01647136178678,
            139.01504942269904,
            139.01443257718591,
            139.01553308809684,
            139.01617609691436,
            139.0160098923895,
            139.01630339311026,
            139.0227152617748
        ],
        "e_local": [
            0.0,
            0.0,
            0.0,
            0.0,
            0.0,
            0.0,
            0.0,
            0.0,
            0.0,
            0.0,
            0.0,
            0.0
        ],
        "e_nrep": [
            37.423061549465224,
            37.423061549465224,
            37.423061549465224,
            37.423061549465224,
            37.423061549465224,
            37.423061549465224,
            37.423061549465224,
            37.423061549465224,
            37.423061549465224,
            37.423061549465224,
            37.423061549465224,
            37.423061549465224
        ],
        "e_nuclear": [
            -408.2759405456586,
            -405.36431259106706,
            -405.7785225071354,
            -405.5512333842775,
            -405.5740469455923,
            -405.568710982945,
            -405.5700376511967,
            -405.5743581558637,
            -405.57812757244915,
            -405.5786849987852,
            -405.5787254493076,
            -405.5868721017157
        ],
        "e_pcm": [
            0.0,
            0.0,
            0.0,
            0.0,
            0.0,
            0.0,
            0.0,
            0.0,
            0.0,
            0.0,
            0.0,
            0.0
        ],
        "e_tot": [
            -138.94164459041647,
            -139.0912231435033,
            -139.10480044595917,
            -139.107705732516,
            -139.10830284988373,
            -139.1084512302679,
            -139.10850139649276,
            -139.10853217969142,
            -139.10852146030516,
            -139.10857921940323,
            -139.10849020698083,
            -139.10942923932362
        ],
        "e_xc": [
            -16.469354703684694,
            -16.292336057057316,
            -16.33726457426687,
            -16.33252300314617,
            -16.339798527033278,
            -16.34149631883764,
            -16.341585169660497,
            -16.34172609856783,
            -16.34188704503488,
            -16.341926507823068,
            -16.341955083702935,
            -16.342401307130213
        ],
        "iterations": 12
    },
    "scf_eigenvalues_a": {
        "dims": [
            9
        ],
        "size": 9,
        "vals": [
            -26.27220892754491,
            -11.297801617993532,
            -1.1694671920575748,
            -0.7040102012840679,
            -1.133070628075402,
            -0.7040110886894562,
            -0.704016871341302,
            -0.6329130428240184,
            -0.6329128004600215
        ]
    },
    "time": "2024-05-02 14:36:45",
    "wall_time": 31.39112091064453
}