{
    "calcinfo_nalpha": 13,
    "calcinfo_natom": 5,
    "calcinfo_nbeta": 13,
    "calcinfo_nmo": 26,
    "molecule": {
        "geometry": [
            [
                -2.1276197713397473,
                0.0,
                0.0
            ],
            [
                1.2412304759150028,
                0.0,
                0.0
            ],
            [
                -2.7783998208388554,
                -0.9713150749057281,
                -1.6823670512419413
            ],
            [
                -2.7783998208388554,
                -0.9713150749057281,
                1.6823670512419413
            ],
            [
                -2.7783998208388554,
                1.9426301498114562,
                0.0
            ]
        ],
        "symbols": [
            "C",
            "Cl",
            "H",
            "H",
            "H"
        ]
    },
    "parameters": {
        "charge": 0.0,
        "conv_only_dens": false,
        "dconv": 0.0001,
        "derivatives": false,
        "dipole": false,
        "econv": 1e-05,
        "ginitial_hessian": false,
        "gmaxiter": 20,
        "gopt": false,
        "gprec": 0.0001,
        "gtest": false,
        "gtol": 0.0001,
        "gval": 1e-05,
        "k": -1,
        "l": 52.778,
        "lo": 0.00037839,
        "loadbalparts": 2,
        "maxiter": 25,
        "maxrotn": 0.25,
        "maxsub": 10,
        "nalpha": 13,
        "nbeta": 13,
        "nio": 1,
        "nmo_alpha": 13,
        "nmo_beta": 13,
        "no_compute": false,
        "noiter": true,
        "nopen": 0,
        "npt_plot": 101,
        "nv_factor": 1,
        "nvalpha": 0,
        "nvbeta": 0,
        "orbitalshift": 0.0,
        "plot_cell": [],
        "plotcoul": false,
        "plotdens": false,
        "plothi": -1,
        "plotlo": 0,
        "print_level": 3,
        "protocol": [
            1e-06
        ],
        "psp_calc": false,
        "pure_ae": true,
        "restart": true,
        "restartao": false,
        "save": true,
        "smear": 0.0,
        "spin_restricted": true,
        "vnucextra": 2
    },
    "precision": {
        "dconv": 0.0001,
        "econv": 1e-05,
        "eprec": 0.0001,
        "k": 8,
        "thresh": 1e-06
    },
    "return_energy": -499.887162962793,
    "scf_e_data": {
        "e_coulomb": [
            273.53679494834034
        ],
        "e_kinetic": [
            499.11388505518124
        ],
        "e_local": [
            0.0
        ],
        "e_nrep": [
            51.37849129634492
        ],
        "e_nuclear": [
            -1289.3705391464005
        ],
        "e_pcm": [
            0.0
        ],
        "e_tot": [
            -499.887162962793
        ],
        "e_xc": [
            -34.54579511625916
        ],
        "iterations": 1
    },
    "scf_eigenvalues_a": {
        "dims": [
            13
        ],
        "size": 13,
        "vals": [
            -104.8212451471519,
            -11.281778740666315,
            -9.64152496797833,
            -8.924480751302834,
            -8.013731955861317,
            -8.014632228150823,
            -0.9138088282114438,
            -0.7062008489677669,
            -0.706200825073056,
            -0.7062019479311747,
            -0.7628342642677894,
            -0.45703191956235134,
            -0.4570215557066639
        ]
    },
    "time": "2024-05-02 17:21:32",
    "wall_time": 5.769016981124878
}