{
    "calcinfo_nalpha": 14,
    "calcinfo_natom": 6,
    "calcinfo_nbeta": 14,
    "calcinfo_nmo": 28,
    "molecule": {
        "geometry": [
            [
                -3.491511039333281,
                0.0,
                0.0
            ],
            [
                -0.7972258417546816,
                0.0,
                0.0
            ],
            [
                -0.13954379432234468,
                -0.9671450729400735,
                1.6751444045784845
            ],
            [
                -0.13954379432234468,
                -0.9671450729400735,
                -1.6751444045784845
            ],
            [
                -0.13954379432234468,
                1.934290145880147,
                0.0
            ],
            [
                4.069509531943851,
                0.0,
                0.0
            ]
        ],
        "symbols": [
            "F",
            "C",
            "H",
            "H",
            "H",
            "F"
        ]
    },
    "parameters": {
        "charge": -1.0,
        "conv_only_dens": false,
        "dconv": 0.0001,
        "derivatives": false,
        "dipole": false,
        "econv": 1e-05,
        "ginitial_hessian": false,
        "gmaxiter": 20,
        "gopt": false,
        "gprec": 0.0001,
        "gtest": false,
        "gtol": 0.0001,
        "gval": 1e-05,
        "k": -1,
        "l": 54.07,
        "lo": 0.0010921,
        "loadbalparts": 2,
        "maxiter": 25,
        "maxrotn": 0.25,
        "maxsub": 10,
        "nalpha": 14,
        "nbeta": 14,
        "nio": 1,
        "nmo_alpha": 14,
        "nmo_beta": 14,
        "no_compute": false,
        "noiter": false,
        "nopen": 0,
        "npt_plot": 101,
        "nv_factor": 1,
        "nvalpha": 0,
        "nvbeta": 0,
        "orbitalshift": 0.0,
        "plot_cell": [],
        "plotcoul": false,
        "plotdens": false,
        "plothi": -1,
        "plotlo": 0,
        "print_level": 3,
        "protocol": [
            0.0001,
            1e-06
        ],
        "psp_calc": false,
        "pure_ae": true,
        "restart": false,
        "restartao": false,
        "save": true,
        "smear": 0.0,
        "spin_restricted": true,
        "vnucextra": 2
    },
    "precision": {
        "dconv": 0.0001,
        "econv": 1e-05,
        "eprec": 0.0001,
        "k": 8,
        "thresh": 1e-06
    },
    "return_energy": -238.58733219255066,
    "scf_e_data": {
        "e_coulomb": [
            196.72535790531612,
            188.45953819736746,
            190.88190078112447,
            191.2113552388788,
            191.18539155397224,
            191.12831381500962,
            191.12800643380893,
            191.14805285405816,
            191.15148208272157,
            191.15153583685031,
            191.15115077987508,
            191.15220106789178,
            191.15552977590667
        ],
        "e_kinetic": [
            242.3245520212978,
            236.08677133689545,
            238.12826615410498,
            238.5107612509645,
            238.51644179347318,
            238.49276673080695,
            238.4969887254797,
            238.5037548832028,
            238.50219029720793,
            238.5023515771506,
            238.50306704675853,
            238.51396216341712,
            238.52050036326503
        ],
        "e_local": [
            0.0,
            0.0,
            0.0,
            0.0,
            0.0,
            0.0,
            0.0,
            0.0,
            0.0,
            0.0,
            0.0,
            0.0,
            0.0
        ],
        "e_nrep": [
            64.36222991272926,
            64.36222991272926,
            64.36222991272926,
            64.36222991272926,
            64.36222991272926,
            64.36222991272926,
            64.36222991272926,
            64.36222991272926,
            64.36222991272926,
            64.36222991272926,
            64.36222991272926,
            64.36222991272926,
            64.36222991272926
        ],
        "e_nuclear": [
            -714.4155711564191,
            -701.1809549605766,
            -705.3834219724636,
            -706.0409694825958,
            -706.0205910405848,
            -705.9423555876899,
            -705.9444504645772,
            -705.9689881905043,
            -705.9706910842776,
            -705.9710763250243,
            -705.9711283624865,
            -705.9845599514043,
            -705.9939278031511
        ],
        "e_pcm": [
            0.0,
            0.0,
            0.0,
            0.0,
            0.0,
            0.0,
            0.0,
            0.0,
            0.0,
            0.0,
            0.0,
            0.0,
            0.0
        ],
        "e_tot": [
            -238.22677083295372,
            -238.51116712854514,
            -238.576448255436,
            -238.58332512624105,
            -238.5844387748628,
            -238.5851629319929,
            -238.58542726590576,
            -238.58551817875906,
            -238.5855712220564,
            -238.58554559341786,
            -238.58524528194914,
            -238.58732748093104,
            -238.58733219255066
        ],
        "e_xc": [
            -27.223339515877804,
            -26.238751614960744,
            -26.56542313093115,
            -26.626702046217858,
            -26.62791099445271,
            -26.62611780284881,
            -26.62820187334641,
            -26.63056763824495,
            -26.630782430437517,
            -26.630586595123724,
            -26.63056465882552,
            -26.63116067356486,
            -26.63166444130048
        ],
        "iterations": 13
    },
    "scf_eigenvalues_a": {
        "dims": [
            14
        ],
        "size": 14,
        "vals": [
            -26.09998970735353,
            -25.854640496843977,
            -11.107572460850221,
            -1.0206729908329537,
            -1.1066345136287756,
            -0.5140001229519038,
            -0.9171846309027156,
            -0.5140007657970851,
            -0.5140055539282151,
            -0.21184857692060355,
            -0.21184755485819018,
            -0.21494141172962156,
            -0.4627501590663954,
            -0.46275945417656095
        ]
    },
    "time": "2024-05-03 15:18:54",
    "wall_time": 62.999351978302
}