{
    "calcinfo_nalpha": 8,
    "calcinfo_natom": 3,
    "calcinfo_nbeta": 7,
    "calcinfo_nmo": 15,
    "molecule": {
        "geometry": [
            [
                2.583722865319359,
                1.1406603598911442,
                0.0
            ],
            [
                1.062947336976255,
                -0.3225417647953476,
                0.0
            ],
            [
                -1.1201758608971109,
                0.09932377861011756,
                0.0
            ]
        ],
        "symbols": [
            "H",
            "C",
            "O"
        ]
    },
    "parameters": {
        "charge": 0.0,
        "conv_only_dens": false,
        "dconv": 0.0001,
        "derivatives": false,
        "dipole": false,
        "econv": 1e-05,
        "ginitial_hessian": false,
        "gmaxiter": 20,
        "gopt": false,
        "gprec": 0.0001,
        "gtest": false,
        "gtol": 0.0001,
        "gval": 1e-05,
        "k": -1,
        "l": 52.584,
        "lo": 0.001329,
        "loadbalparts": 2,
        "maxiter": 25,
        "maxrotn": 0.25,
        "maxsub": 10,
        "nalpha": 8,
        "nbeta": 7,
        "nio": 1,
        "nmo_alpha": 8,
        "nmo_beta": 7,
        "no_compute": false,
        "noiter": false,
        "nopen": 1,
        "npt_plot": 101,
        "nv_factor": 1,
        "nvalpha": 0,
        "nvbeta": 0,
        "orbitalshift": 0.0,
        "plot_cell": [],
        "plotcoul": false,
        "plotdens": false,
        "plothi": -1,
        "plotlo": 0,
        "print_level": 3,
        "protocol": [
            0.0001,
            1e-06
        ],
        "psp_calc": false,
        "pure_ae": true,
        "restart": false,
        "restartao": false,
        "save": true,
        "smear": 0.0,
        "spin_restricted": false,
        "vnucextra": 2
    },
    "precision": {
        "dconv": 0.0001,
        "econv": 1e-05,
        "eprec": 0.0001,
        "k": 8,
        "thresh": 1e-06
    },
    "return_energy": -113.7841018653743,
    "scf_e_data": {
        "e_coulomb": [
            82.20102999963471,
            80.04137062507768,
            81.0577872522347,
            81.0075556218827,
            80.96218477717905,
            80.96408150991115,
            80.95761168074387,
            80.95164181541193,
            80.95133925199622,
            80.95204102493182,
            80.95196764324345,
            80.95073323933121
        ],
        "e_kinetic": [
            114.13096480016776,
            112.5208940029438,
            113.36628894262049,
            113.43396971395993,
            113.4338490678044,
            113.43931729491982,
            113.43253053629886,
            113.4288374808799,
            113.43106457458188,
            113.43229827064931,
            113.43284052628903,
            113.43044268088062
        ],
        "e_local": [
            0.0,
            0.0,
            0.0,
            0.0,
            0.0,
            0.0,
            0.0,
            0.0,
            0.0,
            0.0,
            0.0,
            0.0
        ],
        "e_nrep": [
            26.509846457665457,
            26.509846457665457,
            26.509846457665457,
            26.509846457665457,
            26.509846457665457,
            26.509846457665457,
            26.509846457665457,
            26.509846457665457,
            26.509846457665457,
            26.509846457665457,
            26.509846457665457,
            26.509846457665457
        ],
        "e_nuclear": [
            -322.18373645606226,
            -318.7967862786097,
            -320.55612124534764,
            -320.5795334192352,
            -320.53784076460295,
            -320.5443138328214,
            -320.5316370412604,
            -320.5226634366847,
            -320.524539978377,
            -320.52637508691635,
            -320.5263804399298,
            -320.5242823212833
        ],
        "e_pcm": [
            0.0,
            0.0,
            0.0,
            0.0,
            0.0,
            0.0,
            0.0,
            0.0,
            0.0,
            0.0,
            0.0,
            0.0
        ],
        "e_tot": [
            -113.64796896687484,
            -113.76044862052696,
            -113.77922041858044,
            -113.78242910708191,
            -113.7829307844929,
            -113.78308469941227,
            -113.78311300563495,
            -113.78314852273324,
            -113.78315196007192,
            -113.78314887366137,
            -113.78268823478463,
            -113.7841018653743
        ],
        "e_xc": [
            -14.30607376828052,
            -14.035773427604173,
            -14.15702182575344,
            -14.154267481354815,
            -14.150970322538875,
            -14.152016129087324,
            -14.15146463908272,
            -14.150810840005832,
            -14.150862265938478,
            -14.15095953999161,
            -14.15096242205274,
            -14.150841921968292
        ],
        "iterations": 12
    },
    "scf_eigenvalues_a": {
        "dims": [
            8
        ],
        "size": 8,
        "vals": [
            -18.813385657993802,
            -9.98176029525749,
            -0.958526331117934,
            -0.5158188295101964,
            -0.5390202966527151,
            -0.4032451681342253,
            -0.32094989949597874,
            -0.2990893703204631
        ]
    },
    "scf_eigenvalues_b": {
        "dims": [
            7
        ],
        "size": 7,
        "vals": [
            -18.79960421744761,
            -9.967623709705766,
            -0.9489610547662339,
            -0.5190245420187543,
            -0.5251811196522231,
            -0.3928632169993149,
            -0.3730686259834046
        ]
    },
    "time": "2024-05-03 21:32:26",
    "wall_time": 44.73356795310974
}