{
    "calcinfo_nalpha": 10,
    "calcinfo_natom": 3,
    "calcinfo_nbeta": 9,
    "calcinfo_nmo": 19,
    "molecule": {
        "geometry": [
            [
                0.0,
                0.0,
                -4.216500311270222
            ],
            [
                0.0,
                0.0,
                -1.164480092365956
            ],
            [
                0.0,
                0.0,
                1.6329801269515367
            ]
        ],
        "symbols": [
            "H",
            "F",
            "F"
        ]
    },
    "parameters": {
        "charge": 0.0,
        "conv_only_dens": false,
        "dconv": 0.0001,
        "derivatives": false,
        "dipole": false,
        "econv": 1e-05,
        "ginitial_hessian": false,
        "gmaxiter": 20,
        "gopt": false,
        "gprec": 0.0001,
        "gtest": false,
        "gtol": 0.0001,
        "gval": 1e-05,
        "k": -1,
        "l": 54.217,
        "lo": 0.0010921,
        "loadbalparts": 2,
        "maxiter": 25,
        "maxrotn": 0.25,
        "maxsub": 10,
        "nalpha": 10,
        "nbeta": 9,
        "nio": 1,
        "nmo_alpha": 10,
        "nmo_beta": 9,
        "no_compute": false,
        "noiter": false,
        "nopen": 1,
        "npt_plot": 101,
        "nv_factor": 1,
        "nvalpha": 0,
        "nvbeta": 0,
        "orbitalshift": 0.0,
        "plot_cell": [],
        "plotcoul": false,
        "plotdens": false,
        "plothi": -1,
        "plotlo": 0,
        "print_level": 3,
        "protocol": [
            0.0001,
            1e-06
        ],
        "psp_calc": false,
        "pure_ae": true,
        "restart": false,
        "restartao": false,
        "save": true,
        "smear": 0.0,
        "spin_restricted": false,
        "vnucextra": 2
    },
    "precision": {
        "dconv": 0.0001,
        "econv": 1e-05,
        "eprec": 0.0001,
        "k": 8,
        "thresh": 1e-06
    },
    "return_energy": -199.95091918186625,
    "scf_e_data": {
        "e_coulomb": [
            135.66332451930208,
            132.09528600648818,
            133.99803132118336,
            133.65765602310285,
            133.67556844396375,
            133.5876134586648,
            133.52284930264332,
            133.49075055048925,
            133.39530576857868,
            133.40683331818258,
            133.40897156768264,
            133.3374247856107,
            133.3444948552436,
            133.35795776945562,
            133.33121240362036,
            133.3277828986192,
            133.33476246124053,
            133.35950368643967,
            133.38021612079672,
            133.3764129495555,
            133.3782924840782,
            133.38389957780376,
            133.38523931112303,
            133.38153558632894,
            133.3869722614479,
            133.38679150657117,
            133.38886174276405,
            133.3901290891141
        ],
        "e_kinetic": [
            199.77494679444914,
            197.57604017418245,
            199.3246304697617,
            199.2992031036419,
            199.50861991423244,
            199.48065385275044,
            199.48053907964834,
            199.54159169667946,
            199.5087487346629,
            199.51293212545426,
            199.51274587707326,
            199.5029385288817,
            199.46802750659484,
            199.46685355872853,
            199.44725019106536,
            199.43119825877466,
            199.4287148368112,
            199.4438382650355,
            199.4410752501562,
            199.44294871234513,
            199.44225728720792,
            199.44239014403203,
            199.44246434056507,
            199.4433364247382,
            199.4426991109993,
            199.4430298482294,
            199.45235758901032,
            199.45637042846687
        ],
        "e_local": [
            0.0,
            0.0,
            0.0,
            0.0,
            0.0,
            0.0,
            0.0,
            0.0,
            0.0,
            0.0,
            0.0,
            0.0,
            0.0,
            0.0,
            0.0,
            0.0,
            0.0,
            0.0,
            0.0,
            0.0,
            0.0,
            0.0,
            0.0,
            0.0,
            0.0,
            0.0,
            0.0,
            0.0
        ],
        "e_nrep": [
            33.44229996089152,
            33.44229996089152,
            33.44229996089152,
            33.44229996089152,
            33.44229996089152,
            33.44229996089152,
            33.44229996089152,
            33.44229996089152,
            33.44229996089152,
            33.44229996089152,
            33.44229996089152,
            33.44229996089152,
            33.44229996089152,
            33.44229996089152,
            33.44229996089152,
            33.44229996089152,
            33.44229996089152,
            33.44229996089152,
            33.44229996089152,
            33.44229996089152,
            33.44229996089152,
            33.44229996089152,
            33.44229996089152,
            33.44229996089152,
            33.44229996089152,
            33.44229996089152,
            33.44229996089152,
            33.44229996089152
        ],
        "e_nuclear": [
            -547.586314664999,
            -542.3554915299885,
            -545.8057256603579,
            -545.472102624322,
            -545.6867396257817,
            -545.5752549244008,
            -545.5125236865933,
            -545.5333073584707,
            -545.4059427288561,
            -545.4211522532329,
            -545.4230698544992,
            -545.3443725633686,
            -545.3218255410457,
            -545.3331958801989,
            -545.2865061011861,
            -545.2708355859463,
            -545.2751481167033,
            -545.3131235962353,
            -545.3313865298725,
            -545.3294341279197,
            -545.330690265274,
            -545.3363207143345,
            -545.3377431057831,
            -545.3349224341905,
            -545.3397105041662,
            -545.3397729923945,
            -545.3516989697238,
            -545.3567385417928
        ],
        "e_pcm": [
            0.0,
            0.0,
            0.0,
            0.0,
            0.0,
            0.0,
            0.0,
            0.0,
            0.0,
            0.0,
            0.0,
            0.0,
            0.0,
            0.0,
            0.0,
            0.0,
            0.0,
            0.0,
            0.0,
            0.0,
            0.0,
            0.0,
            0.0,
            0.0,
            0.0,
            0.0,
            0.0,
            0.0
        ],
        "e_tot": [
            -199.76952746828974,
            -199.90976143289413,
            -199.93539369934328,
            -199.94150161280697,
            -199.9448481719982,
            -199.9473137349735,
            -199.9483587427728,
            -199.94920286448775,
            -199.94831929598956,
            -199.94837162172286,
            -199.94835875279418,
            -199.9480189332301,
            -199.9489836168152,
            -199.94921812758247,
            -199.94889587895818,
            -199.94953674696242,
            -199.94960563238212,
            -199.9497395426905,
            -199.94987855558193,
            -199.94989308748447,
            -199.94990892785654,
            -199.94992829226965,
            -199.9499040854701,
            -199.94990318788376,
            -199.94992109449905,
            -199.94984659472104,
            -199.95091561916254,
            -199.95091918186625
        ],