{
    "calcinfo_nalpha": 10,
    "calcinfo_natom": 8,
    "calcinfo_nbeta": 9,
    "calcinfo_nmo": 19,
    "molecule": {
        "geometry": [
            [
                0.023226336191866464,
                -1.1500560948682932e-05,
                2.3824703003505903
            ],
            [
                -0.25848026621368736,
                -9.726085703106661e-06,
                -2.4816901156462916
            ],
            [
                -0.9160352335475774,
                1.7168895510432207,
                2.9933001571021616
            ],
            [
                2.0358098006128857,
                -0.008640976384705018,
                2.765940749711474
            ],
            [
                -0.9310676946033922,
                -1.7080907280688427,
                2.994740155099432
            ],
            [
                -0.28665577050094354,
                -0.0001212381779738285,
                -0.08146224060881203
            ],
            [
                0.8839221900204424,
                1.52232035342056,
                -2.7976599068748693
            ],
            [
                0.8840305543631963,
                -1.5222198758666456,
                -2.797849907008884
            ]
        ],
        "symbols": [
            "C",
            "N",
            "H",
            "H",
            "H",
            "H",
            "H",
            "H"
        ]
    },
    "parameters": {
        "charge": 0.0,
        "conv_only_dens": false,
        "dconv": 0.0001,
        "derivatives": false,
        "dipole": false,
        "econv": 1e-05,
        "ginitial_hessian": false,
        "gmaxiter": 20,
        "gopt": false,
        "gprec": 0.0001,
        "gtest": false,
        "gtol": 0.0001,
        "gval": 1e-05,
        "k": -1,
        "l": 52.995,
        "lo": 0.0016603,
        "loadbalparts": 2,
        "maxiter": 25,
        "maxrotn": 0.25,
        "maxsub": 10,
        "nalpha": 10,
        "nbeta": 9,
        "nio": 1,
        "nmo_alpha": 10,
        "nmo_beta": 9,
        "no_compute": false,
        "noiter": false,
        "nopen": 1,
        "npt_plot": 101,
        "nv_factor": 1,
        "nvalpha": 0,
        "nvbeta": 0,
        "orbitalshift": 0.0,
        "plot_cell": [],
        "plotcoul": false,
        "plotdens": false,
        "plothi": -1,
        "plotlo": 0,
        "print_level": 3,
        "protocol": [
            0.0001,
            1e-06
        ],
        "psp_calc": false,
        "pure_ae": true,
        "restart": false,
        "restartao": false,
        "save": true,
        "smear": 0.0,
        "spin_restricted": false,
        "vnucextra": 2
    },
    "precision": {
        "dconv": 0.0001,
        "econv": 1e-05,
        "eprec": 0.0001,
        "k": 8,
        "thresh": 1e-06
    },
    "return_energy": -95.75750171220925,
    "scf_e_data": {
        "e_coulomb": [
            88.7014202018276,
            85.24425223309211,
            85.57487604175027,
            85.47723953444391,
            85.41605844087975,
            85.40661761183514,
            85.41937583135284,
            85.42601650427198,
            85.42512633456309,
            85.42562279074963,
            85.42552863598162,
            85.42415949555932,
            85.42362543680578,
            85.42346228339784,
            85.42395195766305
        ],
        "e_kinetic": [
            97.70048084314982,
            95.2975429485599,
            95.62898352451353,
            95.65962384184081,
            95.67968469045547,
            95.69006312971132,
            95.69815160747433,
            95.7009971536443,
            95.69951650364537,
            95.69915779556695,
            95.69879703189244,
            95.69816720372116,
            95.69819127117451,
            95.69871604563053,
            95.69631089425833
        ],
        "e_local": [
            0.0,
            0.0,
            0.0,
            0.0,
            0.0,
            0.0,
            0.0,
            0.0,
            0.0,
            0.0,
            0.0,
            0.0,
            0.0,
            0.0,
            0.0
        ],
        "e_nrep": [
            39.42841335037984,
            39.42841335037984,
            39.42841335037984,
            39.42841335037984,
            39.42841335037984,
            39.42841335037984,
            39.42841335037984,
            39.42841335037984,
            39.42841335037984,
            39.42841335037984,
            39.42841335037984,
            39.42841335037984,
            39.42841335037984,
            39.42841335037984,
            39.42841335037984
        ],
        "e_nuclear": [
            -307.2162259868987,
            -301.94920436137494,
            -302.557719328859,
            -302.4813502250483,
            -302.4294598548167,
            -302.4244545894233,
            -302.44259782849815,
            -302.4512191636645,
            -302.4487789173369,
            -302.44860507883135,
            -302.4480796928194,
            -302.4462313140069,
            -302.44577963755955,
            -302.4458035413884,
            -302.4453614077688
        ],
        "e_pcm": [
            0.0,
            0.0,
            0.0,
            0.0,
            0.0,
            0.0,
            0.0,
            0.0,
            0.0,
            0.0,
            0.0,
            0.0,
            0.0,
            0.0,
            0.0
        ],
        "e_tot": [
            -95.49888362089415,
            -95.72594372656347,
            -95.74464050240836,
            -95.75212515093845,
            -95.75495525811867,
            -95.75571482614826,
            -95.7560607994317,
            -95.75622795607951,
            -95.75629343317298,
            -95.7563183160831,
            -95.75635095240553,
            -95.75635061568526,
            -95.75635849315198,
            -95.75600434003947,
            -95.75750171220925
        ],
        "e_xc": [
            -14.11297202935274,
            -13.74694789722038,
            -13.81919409019301,
            -13.836051652554719,
            -13.849651885017057,
            -13.856354328651271,
            -13.85940376014056,
            -13.86043580071112,
            -13.860570704424433,
            -13.860907173948167,
            -13.861010277840002,
            -13.860859351338654,
            -13.860808913952532,
            -13.860792478059286,
            -13.86081650674165
        ],
        "iterations": 15
    },
    "scf_eigenvalues_a": {
        "dims": [
            10
        ],
        "size": 10,
        "vals": [
            -15.56557765800089,
            -11.223209606669371,
            -0.8312169741033855,
            -0.6787486043832152,
            -0.8312172764954271,
            -0.6385069406205888,
            -0.6811590314826382,
            -0.6787616266199059,
            -0.5169386858374314,
            -0.5436834047583587
        ]
    },
    "scf_eigenvalues_b": {
        "dims": [
            9
        ],
        "size": 9,
        "vals": [
            -15.540320568153753,
            -11.205327851704535,
            -0.7967420207385456,
            -0.6619790891163999,
            -0.7967427707619876,
            -0.5935572417220663,
            -0.6645224273024675,
            -0.6619937263125859,
            -0.5125741064236937
        ]
    },
    "time": "2024-05-02 15:53:01",
    "wall_time": 71.11155915260315
}