{
    "calcinfo_nalpha": 14,
    "calcinfo_natom": 10,
    "calcinfo_nbeta": 13,
    "calcinfo_nmo": 27,
    "molecule": {
        "geometry": [
            [
                0.048146834630024636,
                -0.843509383282119,
                -2.7558500457846855
            ],
            [
                -0.051954717832736086,
                1.317939286058454,
                -0.8870815162298776
            ],
            [
                -0.1002593438550626,
                -0.594619642838737,
                3.501730348185077
            ],
            [
                1.7210407418100582,
                -2.005150948562616,
                -2.459979520626908
            ],
            [
                -1.608379475880845,
                -2.0526018701730204,
                -2.5824698383804
            ],
            [
                0.10799833299974924,
                -0.1263848453978486,
                -4.69077038391721
            ],
            [
                1.6271193785093605,
                2.504729808009038,
                -0.890192685192124
            ],
            [
                -1.754720842574183,
                2.4632488776288985,
                -1.0082110106232374
            ],
            [
                -0.14827737898690588,
                0.3927147731726584,
                1.1909698898800043
            ],
            [
                0.8801412941795357,
                0.7338219313747781,
                4.284400135466632
            ]
        ],
        "symbols": [
            "C",
            "C",
            "O",
            "H",
            "H",
            "H",
            "H",
            "H",
            "H",
            "H"
        ]
    },
    "parameters": {
        "charge": 0.0,
        "conv_only_dens": false,
        "dconv": 0.0001,
        "derivatives": false,
        "dipole": false,
        "econv": 1e-05,
        "ginitial_hessian": false,
        "gmaxiter": 20,
        "gopt": false,
        "gprec": 0.0001,
        "gtest": false,
        "gtol": 0.0001,
        "gval": 1e-05,
        "k": -1,
        "l": 54.691,
        "lo": 0.001329,
        "loadbalparts": 2,
        "maxiter": 25,
        "maxrotn": 0.25,
        "maxsub": 10,
        "nalpha": 14,
        "nbeta": 13,
        "nio": 1,
        "nmo_alpha": 14,
        "nmo_beta": 13,
        "no_compute": false,
        "noiter": false,
        "nopen": 1,
        "npt_plot": 101,
        "nv_factor": 1,
        "nvalpha": 0,
        "nvbeta": 0,
        "orbitalshift": 0.0,
        "plot_cell": [],
        "plotcoul": false,
        "plotdens": false,
        "plothi": -1,
        "plotlo": 0,
        "print_level": 3,
        "protocol": [
            0.0001,
            1e-06
        ],
        "psp_calc": false,
        "pure_ae": true,
        "restart": false,
        "restartao": false,
        "save": true,
        "smear": 0.0,
        "spin_restricted": false,
        "vnucextra": 2
    },
    "precision": {
        "dconv": 0.0001,
        "econv": 1e-05,
        "eprec": 0.0001,
        "k": 8,
        "thresh": 1e-06
    },
    "return_energy": -154.65639566293373,
    "scf_e_data": {
        "e_coulomb": [
            156.38252944504106,
            151.18260002987952,
            151.8235098127601,
            151.64819107362962,
            151.55195025266903,
            151.5228349812248,
            151.55894731746616,
            151.58029967938555,
            151.56362830787606,
            151.57181368253728,
            151.57533100445426,
            151.56726385315878,
            151.5667450792046,
            151.5668066406447,
            151.5668509285004,
            151.56649900157907,
            151.5680492587891
        ],
        "e_kinetic": [
            157.24222193842212,
            153.81223125940232,
            154.45874144303494,
            154.48490552895123,
            154.5375829989589,
            154.55256629656668,
            154.582265555069,
            154.60437853655543,
            154.5931827788063,
            154.6010121777276,
            154.60537957269338,
            154.60250779519072,
            154.60570911317035,
            154.60708299339024,
            154.6070089938284,
            154.60799077785822,
            154.60948228375878
        ],
        "e_local": [
            0.0,
            0.0,
            0.0,
            0.0,
            0.0,
            0.0,
            0.0,
            0.0,
            0.0,
            0.0,
            0.0,
            0.0,
            0.0,
            0.0,
            0.0,
            0.0,
            0.0
        ],
        "e_nrep": [
            76.62128212864758,
            76.62128212864758,
            76.62128212864758,
            76.62128212864758,
            76.62128212864758,
            76.62128212864758,
            76.62128212864758,
            76.62128212864758,
            76.62128212864758,
            76.62128212864758,
            76.62128212864758,
            76.62128212864758,
            76.62128212864758,
            76.62128212864758,
            76.62128212864758,
            76.62128212864758,
            76.62128212864758
        ],
        "e_nuclear": [
            -523.1703126438141,
            -515.3423637286219,
            -516.535895391436,
            -516.3772769599864,
            -516.3151166586538,
            -516.2916110057856,
            -516.3513275213099,
            -516.3912704607263,
            -516.3651075234977,
            -516.3784707545315,
            -516.3852026115467,
            -516.3753026178488,
            -516.3777975904877,
            -516.3792399027845,
            -516.3791619882405,
            -516.3791772616389,
            -516.3842078435905
        ],
        "e_pcm": [
            0.0,
            0.0,
            0.0,
            0.0,
            0.0,
            0.0,
            0.0,
            0.0,
            0.0,
            0.0,
            0.0,
            0.0,
            0.0,
            0.0,
            0.0,
            0.0,
            0.0
        ],
        "e_tot": [
            -154.30662320780516,
            -154.60272094009244,
            -154.62928907460696,
            -154.64105055140288,
            -154.64696613563046,
            -154.64989762688884,
            -154.65205554204135,
            -154.6533265732746,
            -154.65399631077287,
            -154.65430408222227,
            -154.6544701156471,
            -154.6545320707058,
            -154.65457086320282,
            -154.65456704272617,
            -154.6545988624514,
            -154.65399562361497,
            -154.65639566293373
        ],
        "e_xc": [
            -21.38234407610183,
            -20.876470629399996,
            -20.996927067613527,
            -21.018152322644944,
            -21.042664857252177,
            -21.054970027542275,
            -21.06322302191414,
            -21.06801645713683,
            -21.066982002605073,
            -21.0699413166033,
            -21.07126020989564,
            -21.070283229854123,
            -21.070509593737633,
            -21.070498902624145,
            -21.070578925187263,
            -21.07059027006094,
            -21.071001490538706
        ],
        "iterations": 17
    },
    "scf_eigenvalues_a": {
        "dims": [
            14
        ],
        "size": 14,
        "vals": [
            -20.60913562133244,
            -11.205646307932017,
            -11.22381804802135,
            -1.0611453943468852,
            -0.6507165143303566,
            -0.6718466903645962,
            -0.6163457611214129,
            -0.6695934799139056,
            -0.6501721028455949,
            -0.6982357470777147,
            -0.8090954017615695,
            -0.6503873032019429,
            -0.5438175540863233,
            -0.8050645660027009
        ]
    },
    "scf_eigenvalues_b": {
        "dims": [
            13
        ],
        "size": 13,