{
    "calcinfo_nalpha": 10,
    "calcinfo_natom": 6,
    "calcinfo_nbeta": 9,
    "calcinfo_nmo": 19,
    "molecule": {
        "geometry": [
            [
                -0.1938081792650895,
                -0.08301876396792952,
                2.174729629044995
            ],
            [
                -0.019445588984787317,
                -0.17516941222445748,
                -2.22834069045663
            ],
            [
                1.4486089038671555,
                -1.0348911576636222,
                2.4626596428709506
            ],
            [
                0.17358087922869872,
                1.7684204671923571,
                2.5301796905631546
            ],
            [
                -0.6674214609552542,
                -0.2907027482911509,
                0.05798948540474503
            ],
            [
                0.5574536445933255,
                1.5396600843335804,
                -2.4472106985007778
            ]
        ],
        "symbols": [
            "N",
            "O",
            "H",
            "H",
            "H",
            "H"
        ]
    },
    "parameters": {
        "charge": 0.0,
        "conv_only_dens": false,
        "dconv": 0.0001,
        "derivatives": false,
        "dipole": false,
        "econv": 1e-05,
        "ginitial_hessian": false,
        "gmaxiter": 20,
        "gopt": false,
        "gprec": 0.0001,
        "gtest": false,
        "gtol": 0.0001,
        "gval": 1e-05,
        "k": -1,
        "l": 52.53,
        "lo": 0.001329,
        "loadbalparts": 2,
        "maxiter": 25,
        "maxrotn": 0.25,
        "maxsub": 10,
        "nalpha": 10,
        "nbeta": 9,
        "nio": 1,
        "nmo_alpha": 10,
        "nmo_beta": 9,
        "no_compute": false,
        "noiter": false,
        "nopen": 1,
        "npt_plot": 101,
        "nv_factor": 1,
        "nvalpha": 0,
        "nvbeta": 0,
        "orbitalshift": 0.0,
        "plot_cell": [],
        "plotcoul": false,
        "plotdens": false,
        "plothi": -1,
        "plotlo": 0,
        "print_level": 3,
        "protocol": [
            0.0001,
            1e-06
        ],
        "psp_calc": false,
        "pure_ae": true,
        "restart": false,
        "restartao": false,
        "save": true,
        "smear": 0.0,
        "spin_restricted": false,
        "vnucextra": 2
    },
    "precision": {
        "dconv": 0.0001,
        "econv": 1e-05,
        "eprec": 0.0001,
        "k": 8,
        "thresh": 1e-06
    },
    "return_energy": -132.2250667307719,
    "scf_e_data": {
        "e_coulomb": [
            104.67122235804027,
            99.112729379021,
            100.87225525885505,
            101.34303319322261,
            101.38447107473984,
            101.37277094414424,
            101.36845525593898,
            101.35672113874307,
            101.34737158679954,
            101.34899286451974,
            101.34331863905925,
            101.34107643136468,
            101.34652151987369,
            101.34409541794325,
            101.34323104576185,
            101.34334326044397,
            101.34316500716409,
            101.34116933858908
        ],
        "e_kinetic": [
            133.82349714454836,
            129.74539292059308,
            131.2384861568981,
            131.6810317585942,
            131.79489853276345,
            131.79936873903142,
            131.81906106475978,
            131.81739566293538,
            131.81535819884238,
            131.8167817359559,
            131.8108974216745,
            131.8090546720837,
            131.8140391728423,
            131.81091707801963,
            131.810490662652,
            131.81146489071745,
            131.81213616466323,
            131.8057648792742
        ],
        "e_local": [
            0.0,
            0.0,
            0.0,
            0.0,
            0.0,
            0.0,
            0.0,
            0.0,
            0.0,
            0.0,
            0.0,
            0.0,
            0.0,
            0.0,
            0.0,
            0.0,
            0.0,
            0.0
        ],
        "e_nrep": [
            37.138983626660334,
            37.138983626660334,
            37.138983626660334,
            37.138983626660334,
            37.138983626660334,
            37.138983626660334,
            37.138983626660334,
            37.138983626660334,
            37.138983626660334,
            37.138983626660334,
            37.138983626660334,
            37.138983626660334,
            37.138983626660334,
            37.138983626660334,
            37.138983626660334,
            37.138983626660334,
            37.138983626660334,
            37.138983626660334
        ],
        "e_nuclear": [
            -390.47725570779187,
            -381.68731589105266,
            -384.77828247745356,
            -385.63657075067573,
            -385.7830481425903,
            -385.7763917622036,
            -385.7901654178414,
            -385.77715333403785,
            -385.76583818978514,
            -385.7689442061301,
            -385.7588837975524,
            -385.75546894152313,
            -385.7650929183749,
            -385.75990673554827,
            -385.7586147354621,
            -385.75957583952237,
            -385.7595678449426,
            -385.75324972546906
        ],
        "e_pcm": [
            0.0,
            0.0,
            0.0,
            0.0,
            0.0,
            0.0,
            0.0,
            0.0,
            0.0,
            0.0,
            0.0,
            0.0,
            0.0,
            0.0,
            0.0,
            0.0,
            0.0,
            0.0
        ],
        "e_tot": [
            -131.98572570708677,
            -132.14897579955237,
            -132.211618944161,
            -132.21950918563425,
            -132.22188395646668,
            -132.2223350276164,
            -132.222859065943,
            -132.22318482600343,
            -132.22349431674252,
            -132.22370671428644,
            -132.22381559366795,
            -132.22382684322451,
            -132.22384613949475,
            -132.22389805778965,
            -132.2239024064039,
            -132.2239133496912,
            -132.22340959167468,
            -132.2250667307719
        ],
        "e_xc": [
            -17.142173128543842,
            -16.458765834774134,
            -16.68306150912091,
            -16.745987013435666,
            -16.75718904804004,
            -16.75706657524877,
            -16.75919359546065,
            -16.759131920304384,
            -16.759369539259602,
            -16.75952073529237,
            -16.758131483509604,
            -16.75747263181008,
            -16.758297540496187,
            -16.757987444864604,
            -16.75799300601596,
            -16.758129287990585,
            -16.758126545219724,
            -16.75773484982645
        ],
        "iterations": 18
    },
    "scf_eigenvalues_a": {
        "dims": [
            10
        ],
        "size": 10,
        "vals": [
            -18.756037622872306,
            -14.016635496119875,
            -0.6980000925111542,
            -0.5881450655238523,
            -0.4896536219233245,
            -0.5845881572424267,
            -0.42003441672400177,
            -0.47672246096736837,
            -0.27609644325947214,
            -0.3024271186820142
        ]
    },
    "scf_eigenvalues_b": {
        "dims": [
            9
        ],
        "size": 9,
        "vals": [
            -18.73258827726661,
            -13.9952778849302,
            -0.6852829599422909,
            -0.5751634972343938,
            -0.46795995912396937,
            -0.5721512871384429,
            -0.5084711514558942,
            -0.3398775868428676,
            -0.3044091824685915
        ]
    },
    "time": "2024-05-03 22:09:51",
    "wall_time": 86.42342710494995
}