{
    "calcinfo_nalpha": 10,
    "calcinfo_natom": 4,
    "calcinfo_nbeta": 9,
    "calcinfo_nmo": 19,
    "molecule": {
        "geometry": [
            [
                0.43295454013845397,
                -2.3819872115333247,
                0.0
            ],
            [
                0.3957771540812135,
                0.14557054991778248,
                0.0
            ],
            [
                -2.304857749213676,
                0.16016006686394565,
                0.0
            ],
            [
                -4.460531256224189,
                -0.10730165401513861,
                0.0
            ]
        ],
        "symbols": [
            "H",
            "S",
            "H",
            "H"
        ]
    },
    "parameters": {
        "charge": 0.0,
        "conv_only_dens": false,
        "dconv": 0.0001,
        "derivatives": false,
        "dipole": false,
        "econv": 1e-05,
        "ginitial_hessian": false,
        "gmaxiter": 20,
        "gopt": false,
        "gprec": 0.0001,
        "gtest": false,
        "gtol": 0.0001,
        "gval": 1e-05,
        "k": -1,
        "l": 54.461,
        "lo": 0.00041862,
        "loadbalparts": 2,
        "maxiter": 25,
        "maxrotn": 0.25,
        "maxsub": 10,
        "nalpha": 10,
        "nbeta": 9,
        "nio": 1,
        "nmo_alpha": 10,
        "nmo_beta": 9,
        "no_compute": false,
        "noiter": false,
        "nopen": 1,
        "npt_plot": 101,
        "nv_factor": 1,
        "nvalpha": 0,
        "nvbeta": 0,
        "orbitalshift": 0.0,
        "plot_cell": [],
        "plotcoul": false,
        "plotdens": false,
        "plothi": -1,
        "plotlo": 0,
        "print_level": 3,
        "protocol": [
            0.0001,
            1e-06
        ],
        "psp_calc": false,
        "pure_ae": true,
        "restart": false,
        "restartao": false,
        "save": true,
        "smear": 0.0,
        "spin_restricted": false,
        "vnucextra": 2
    },
    "precision": {
        "dconv": 0.0001,
        "econv": 1e-05,
        "eprec": 0.0001,
        "k": 8,
        "thresh": 1e-06
    },
    "return_energy": -399.20102278098466,
    "scf_e_data": {
        "e_coulomb": [
            195.684605038077,
            194.49141864581304,
            194.51156650992314,
            194.46709998636226,
            194.473284844747,
            194.47496236069597,
            194.47791959742332,
            194.48035804466835,
            194.48203011140052,
            194.48291694625578,
            194.483459229717,
            194.48326718912585,
            194.4821751429043,
            194.48412854868354
        ],
        "e_kinetic": [
            399.57033728542075,
            399.02475082167285,
            399.1916559307733,
            399.2271159728362,
            399.2212015856564,
            399.21493056959423,
            399.2168704943643,
            399.2182677380899,
            399.2179193724965,
            399.2171806046588,
            399.2168215100437,
            399.2175402066258,
            399.1954384741065,
            399.1913299515396
        ],
        "e_local": [
            0.0,
            0.0,
            0.0,
            0.0,
            0.0,
            0.0,
            0.0,
            0.0,
            0.0,
            0.0,
            0.0,
            0.0,
            0.0,
            0.0
        ],
        "e_nrep": [
            16.45754422817499,
            16.45754422817499,
            16.45754422817499,
            16.45754422817499,
            16.45754422817499,
            16.45754422817499,
            16.45754422817499,
            16.45754422817499,
            16.45754422817499,
            16.45754422817499,
            16.45754422817499,
            16.45754422817499,
            16.45754422817499,
            16.45754422817499
        ],
        "e_nuclear": [
            -984.7821693693222,
            -983.1858129033797,
            -983.3620119409202,
            -983.342360855475,
            -983.3315760430104,
            -983.3248480310853,
            -983.3293009088925,
            -983.3333044873516,
            -983.3347718526394,
            -983.3349364778768,
            -983.3351719381674,
            -983.3351690278187,
            -983.3143017175146,
            -983.3121172296244
        ],
        "e_pcm": [
            0.0,
            0.0,
            0.0,
            0.0,
            0.0,
            0.0,
            0.0,
            0.0,
            0.0,
            0.0,
            0.0,
            0.0,
            0.0,
            0.0
        ],
        "e_tot": [
            -399.0757808347721,
            -399.1750706646617,
            -399.19025982948426,
            -399.19743072085583,
            -399.199416170249,
            -399.19962737554664,
            -399.19970035522965,
            -399.199728722294,
            -399.19974153327274,
            -399.1997520174246,
            -399.1997603822846,
            -399.1992412038523,
            -399.201019255271,
            -399.20102278098466
        ],
        "e_xc": [
            -26.006098017122568,
            -25.962971456942846,
            -25.98901455743549,
            -26.00683005275434,
            -26.01987078581695,
            -26.02221650292654,
            -26.02273376629971,
            -26.022594245875702,
            -26.02246339270542,
            -26.022457318637322,
            -26.0224134120529,
            -26.022423799960258,
            -26.02187538294217,
            -26.021908279758385
        ],
        "iterations": 14
    },
    "scf_eigenvalues_a": {
        "dims": [
            10
        ],
        "size": 10,
        "vals": [
            -91.96545886385593,
            -8.304211177554173,
            -7.291707798572116,
            -6.681777849499987,
            -6.646220349784308,
            -0.7177295110235353,
            -0.6854140361094554,
            -0.6631373879683204,
            -0.39329395404596856,
            -0.5462465741026324
        ]
    },
    "scf_eigenvalues_b": {
        "dims": [
            9
        ],
        "size": 9,
        "vals": [
            -91.96102028353287,
            -8.244817498403414,
            -7.357814451526984,
            -6.650790353507233,
            -6.643921058913289,
            -0.7167349852578515,
            -0.6606237550187609,
            -0.6789861514168707,
            -0.38644069996701513
        ]
    },
    "time": "2024-05-02 15:43:41",
    "wall_time": 88.69036102294922
}