{
    "calcinfo_nalpha": 7,
    "calcinfo_natom": 3,
    "calcinfo_nbeta": 7,
    "calcinfo_nmo": 14,
    "molecule": {
        "geometry": [
            [
                0.0,
                0.0,
                -0.9455525019769044
            ],
            [
                0.0,
                0.0,
                1.233310667644851
            ],
            [
                0.0,
                0.0,
                -2.9598596616525326
            ]
        ],
        "symbols": [
            "C",
            "N",
            "H"
        ]
    },
    "parameters": {
        "charge": 0.0,
        "conv_only_dens": false,
        "dconv": 0.0001,
        "derivatives": false,
        "dipole": false,
        "econv": 1e-05,
        "ginitial_hessian": false,
        "gmaxiter": 20,
        "gopt": false,
        "gprec": 0.0001,
        "gtest": false,
        "gtol": 0.0001,
        "gval": 1e-05,
        "k": -1,
        "l": 52.96,
        "lo": 0.0016603,
        "loadbalparts": 2,
        "maxiter": 25,
        "maxrotn": 0.25,
        "maxsub": 10,
        "nalpha": 7,
        "nbeta": 7,
        "nio": 1,
        "nmo_alpha": 7,
        "nmo_beta": 7,
        "no_compute": false,
        "noiter": false,
        "nopen": 0,
        "npt_plot": 101,
        "nv_factor": 1,
        "nvalpha": 0,
        "nvbeta": 0,
        "orbitalshift": 0.0,
        "plot_cell": [],
        "plotcoul": false,
        "plotdens": false,
        "plothi": -1,
        "plotlo": 0,
        "print_level": 3,
        "protocol": [
            0.0001,
            1e-06
        ],
        "psp_calc": false,
        "pure_ae": true,
        "restart": false,
        "restartao": false,
        "save": true,
        "smear": 0.0,
        "spin_restricted": true,
        "vnucextra": 2
    },
    "precision": {
        "dconv": 0.0001,
        "econv": 1e-05,
        "eprec": 0.0001,
        "k": 8,
        "thresh": 1e-06
    },
    "return_energy": -92.91564970879173,
    "scf_e_data": {
        "e_coulomb": [
            69.48135697214076,
            67.61592722001247,
            67.90780983840878,
            67.88892555785289,
            67.85026792529882,
            67.86201071306502,
            67.85728840086472,
            67.85750206155238,
            67.85741271036656,
            67.85706980262721
        ],
        "e_kinetic": [
            93.75760894209533,
            92.46098632923642,
            92.71845655407817,
            92.75199944309145,
            92.7312812812317,
            92.73481817211344,
            92.72976260524675,
            92.7303709922511,
            92.73071576600398,
            92.72823400761442
        ],
        "e_local": [
            0.0,
            0.0,
            0.0,
            0.0,
            0.0,
            0.0,
            0.0,
            0.0,
            0.0,
            0.0
        ],
        "e_nrep": [
            23.924180144297125,
            23.924180144297125,
            23.924180144297125,
            23.924180144297125,
            23.924180144297125,
            23.924180144297125,
            23.924180144297125,
            23.924180144297125,
            23.924180144297125,
            23.924180144297125
        ],
        "e_nuclear": [
            -267.7448953228402,
            -264.9088017754491,
            -265.42246104022416,
            -265.43175135989617,
            -265.37398029635756,
            -265.3879570798405,
            -265.37896855707913,
            -265.3798787649964,
            -265.3799063361954,
            -265.37805753099207
        ],
        "e_pcm": [
            0.0,
            0.0,
            0.0,
            0.0,
            0.0,
            0.0,
            0.0,
            0.0,
            0.0,
            0.0
        ],
        "e_tot": [
            -92.76287211094875,
            -92.90190773333286,
            -92.91217021918906,
            -92.91466571764822,
            -92.91504480238694,
            -92.91510845729216,
            -92.91510903230484,
            -92.91512190312082,
            -92.91473660566162,
            -92.91564970879173
        ],
        "e_xc": [
            -12.181122846641758,
            -11.99419965142978,
            -12.040155715748966,
            -12.048019502993512,
            -12.046793856857038,
            -12.048160406927252,
            -12.047371625634296,
            -12.047296336225006,
            -12.04713889013388,
            -12.047076132338416
        ],
        "iterations": 10
    },
    "scf_eigenvalues_a": {
        "dims": [
            7
        ],
        "size": 7,
        "vals": [
            -15.58294051322714,
            -11.274889160460994,
            -1.212190606528246,
            -0.8201115090685727,
            -0.6306344566788065,
            -0.4970759207574704,
            -0.4970759271453191
        ]
    },
    "time": "2024-05-02 14:52:17",
    "wall_time": 20.377004861831665
}