{
    "calcinfo_nalpha": 5,
    "calcinfo_natom": 5,
    "calcinfo_nbeta": 5,
    "calcinfo_nmo": 10,
    "molecule": {
        "geometry": [
            [
                0.0,
                0.0,
                0.0
            ],
            [
                1.1864400805788302,
                -1.1864400805788302,
                1.1864400805788302
            ],
            [
                -1.1864400805788302,
                1.1864400805788302,
                1.1864400805788302
            ],
            [
                -1.1864400805788302,
                -1.1864400805788302,
                -1.1864400805788302
            ],
            [
                1.1864400805788302,
                1.1864400805788302,
                -1.1864400805788302
            ]
        ],
        "symbols": [
            "C",
            "H",
            "H",
            "H",
            "H"
        ]
    },
    "parameters": {
        "charge": 0.0,
        "conv_only_dens": false,
        "dconv": 0.0001,
        "derivatives": false,
        "dipole": false,
        "econv": 1e-05,
        "ginitial_hessian": false,
        "gmaxiter": 20,
        "gopt": false,
        "gprec": 0.0001,
        "gtest": false,
        "gtol": 0.0001,
        "gval": 1e-05,
        "k": -1,
        "l": 51.186,
        "lo": 0.0021467,
        "loadbalparts": 2,
        "maxiter": 25,
        "maxrotn": 0.25,
        "maxsub": 10,
        "nalpha": 5,
        "nbeta": 5,
        "nio": 1,
        "nmo_alpha": 5,
        "nmo_beta": 5,
        "no_compute": false,
        "noiter": true,
        "nopen": 0,
        "npt_plot": 101,
        "nv_factor": 1,
        "nvalpha": 0,
        "nvbeta": 0,
        "orbitalshift": 0.0,
        "plot_cell": [],
        "plotcoul": false,
        "plotdens": false,
        "plothi": -1,
        "plotlo": 0,
        "print_level": 3,
        "protocol": [
            1e-06
        ],
        "psp_calc": false,
        "pure_ae": true,
        "restart": true,
        "restartao": false,
        "save": true,
        "smear": 0.0,
        "spin_restricted": true,
        "vnucextra": 2
    },
    "precision": {
        "dconv": 0.0001,
        "econv": 1e-05,
        "eprec": 0.0001,
        "k": 8,
        "thresh": 1e-06
    },
    "return_energy": -40.45829118078491,
    "scf_e_data": {
        "e_coulomb": [
            32.711612061532655
        ],
        "e_kinetic": [
            40.179698266875704
        ],
        "e_local": [
            0.0
        ],
        "e_nrep": [
            13.466947944236333
        ],
        "e_nuclear": [
            -119.97875604372712
        ],
        "e_pcm": [
            0.0
        ],
        "e_tot": [
            -40.45829118078491
        ],
        "e_xc": [
            -6.837793409702486
        ],
        "iterations": 1
    },
    "scf_eigenvalues_a": {
        "dims": [
            5
        ],
        "size": 5,
        "vals": [
            -11.196697186665208,
            -0.6468539359166334,
            -0.646853895464187,
            -0.6468539112582534,
            -0.6468539070537555
        ]
    },
    "time": "2024-05-02 17:22:06",
    "wall_time": 2.823474884033203
}