{
    "calcinfo_nalpha": 9,
    "calcinfo_natom": 7,
    "calcinfo_nbeta": 8,
    "calcinfo_nmo": 17,
    "molecule": {
        "geometry": [
            [
                0.0008503983503265049,
                -1.3151316668522843,
                0.0
            ],
            [
                0.04184387843073856,
                1.5022303351330708,
                0.0
            ],
            [
                -1.9369221478060292,
                -2.0501373131178076,
                0.0
            ],
            [
                0.930933028968706,
                -2.083924638306164,
                1.6694201217657927
            ],
            [
                0.930933028968706,
                -2.083924638306164,
                -1.6694201217657927
            ],
            [
                -0.0905547854088865,
                2.5476972900227093,
                -1.74671012847069
            ],
            [
                -0.0905547854088865,
                2.5476972900227093,
                1.74671012847069
            ]
        ],
        "symbols": [
            "C",
            "C",
            "H",
            "H",
            "H",
            "H",
            "H"
        ]
    },
    "parameters": {
        "charge": 0.0,
        "conv_only_dens": false,
        "dconv": 0.0001,
        "derivatives": false,
        "dipole": false,
        "econv": 1e-05,
        "ginitial_hessian": false,
        "gmaxiter": 20,
        "gopt": false,
        "gprec": 0.0001,
        "gtest": false,
        "gtol": 0.0001,
        "gval": 1e-05,
        "k": -1,
        "l": 52.548,
        "lo": 0.0021467,
        "loadbalparts": 2,
        "maxiter": 25,
        "maxrotn": 0.25,
        "maxsub": 10,
        "nalpha": 9,
        "nbeta": 8,
        "nio": 1,
        "nmo_alpha": 9,
        "nmo_beta": 8,
        "no_compute": false,
        "noiter": false,
        "nopen": 1,
        "npt_plot": 101,
        "nv_factor": 1,
        "nvalpha": 0,
        "nvbeta": 0,
        "orbitalshift": 0.0,
        "plot_cell": [],
        "plotcoul": false,
        "plotdens": false,
        "plothi": -1,
        "plotlo": 0,
        "print_level": 3,
        "protocol": [
            0.0001,
            1e-06
        ],
        "psp_calc": false,
        "pure_ae": true,
        "restart": false,
        "restartao": false,
        "save": true,
        "smear": 0.0,
        "spin_restricted": false,
        "vnucextra": 2
    },
    "precision": {
        "dconv": 0.0001,
        "econv": 1e-05,
        "eprec": 0.0001,
        "k": 8,
        "thresh": 1e-06
    },
    "return_energy": -78.63429456214429,
    "scf_e_data": {
        "e_coulomb": [
            77.47182246617416,
            74.36192958744132,
            74.59079788038862,
            74.51978826804815,
            74.46480774556873,
            74.4609205613595,
            74.4733150136286,
            74.47535747814527,
            74.47466737203465,
            74.47454054124807,
            74.4769661941636
        ],
        "e_kinetic": [
            80.07366426278655,
            78.32484809536928,
            78.50762558654236,
            78.55175650504017,
            78.56308444824036,
            78.57073631848516,
            78.57827429034279,
            78.57840584770624,
            78.57726912515517,
            78.57774983868225,
            78.58132612446131
        ],
        "e_local": [
            0.0,
            0.0,
            0.0,
            0.0,
            0.0,
            0.0,
            0.0,
            0.0,
            0.0,
            0.0,
            0.0
        ],
        "e_nrep": [
            36.97781144745221,
            36.97781144745221,
            36.97781144745221,
            36.97781144745221,
            36.97781144745221,
            36.97781144745221,
            36.97781144745221,
            36.97781144745221,
            36.97781144745221,
            36.97781144745221,
            36.97781144745221
        ],
        "e_nuclear": [
            -260.613560453623,
            -256.2083477621635,
            -256.5814678736898,
            -256.53814746074715,
            -256.4874670288198,
            -256.48885263956294,
            -256.5073389782463,
            -256.5094436965077,
            -256.50767125334716,
            -256.50767395740917,
            -256.514545641284
        ],
        "e_pcm": [
            0.0,
            0.0,
            0.0,
            0.0,
            0.0,
            0.0,
            0.0,
            0.0,
            0.0,
            0.0,
            0.0
        ],
        "e_tot": [
            -78.43233735374724,
            -78.61136278678084,
            -78.62539205942088,
            -78.63138319527329,
            -78.63273056909438,
            -78.63303466172863,
            -78.63312795477154,
            -78.63319957063553,
            -78.63320300216273,
            -78.63287486392487,
            -78.63429456214429
        ],
        "e_xc": [
            -12.342075076537192,
            -12.067604154880154,
            -12.120159100114265,
            -12.142591955066663,
            -12.150967181535883,
            -12.15365034946257,
            -12.155189727948844,
            -12.15533064743156,
            -12.155279693457604,
            -12.155302733898239,
            -12.155852686937454
        ],
        "iterations": 11
    },
    "scf_eigenvalues_a": {
        "dims": [
            9
        ],
        "size": 9,
        "vals": [
            -11.20773810792085,
            -11.221466266344198,
            -0.6524261723012927,
            -0.7003068936415566,
            -0.7003068534038437,
            -0.6519462559658411,
            -0.7366064055149149,
            -0.6524263807188523,
            -0.3816576502284297
        ]
    },
    "scf_eigenvalues_b": {
        "dims": [
            8
        ],
        "size": 8,
        "vals": [
            -11.211416980143301,
            -11.197677805862163,
            -0.7058524372209234,
            -0.6603654263749265,
            -0.6603654738686163,
            -0.6454925010834043,
            -0.6524704548885952,
            -0.6524704378214365
        ]
    },
    "time": "2024-05-03 15:44:58",
    "wall_time": 48.383129835128784
}