{
    "calcinfo_nalpha": 18,
    "calcinfo_natom": 6,
    "calcinfo_nbeta": 17,
    "calcinfo_nmo": 35,
    "molecule": {
        "geometry": [
            [
                -6.704237838210413e-05,
                -0.002337924065117531,
                -2.749079319185406
            ],
            [
                0.0002032784615121908,
                0.008751934074747083,
                0.6114919247967812
            ],
            [
                -0.000123175205017717,
                -0.004057984603563696,
                4.511571229641231
            ],
            [
                -1.2214151962532651,
                -1.6207759291800017,
                4.715031209080051
            ],
            [
                2.009964142637823,
                -0.2548726137688211,
                4.719241217299864
            ],
            [
                -0.7884996808755657,
                1.8609737530044794,
                4.727221298753566
            ]
        ],
        "symbols": [
            "Cl",
            "F",
            "C",
            "H",
            "H",
            "H"
        ]
    },
    "parameters": {
        "charge": 0.0,
        "conv_only_dens": false,
        "dconv": 0.0001,
        "derivatives": false,
        "dipole": false,
        "econv": 1e-05,
        "ginitial_hessian": false,
        "gmaxiter": 20,
        "gopt": false,
        "gprec": 0.0001,
        "gtest": false,
        "gtol": 0.0001,
        "gval": 1e-05,
        "k": -1,
        "l": 54.727,
        "lo": 0.00037839,
        "loadbalparts": 2,
        "maxiter": 25,
        "maxrotn": 0.25,
        "maxsub": 10,
        "nalpha": 18,
        "nbeta": 17,
        "nio": 1,
        "nmo_alpha": 18,
        "nmo_beta": 17,
        "no_compute": false,
        "noiter": true,
        "nopen": 1,
        "npt_plot": 101,
        "nv_factor": 1,
        "nvalpha": 0,
        "nvbeta": 0,
        "orbitalshift": 0.0,
        "plot_cell": [],
        "plotcoul": false,
        "plotdens": false,
        "plothi": -1,
        "plotlo": 0,
        "print_level": 3,
        "protocol": [
            1e-06
        ],
        "psp_calc": false,
        "pure_ae": true,
        "restart": true,
        "restartao": false,
        "save": true,
        "smear": 0.0,
        "spin_restricted": false,
        "vnucextra": 2
    },
    "precision": {
        "dconv": 0.0001,
        "econv": 1e-05,
        "eprec": 0.0001,
        "k": 8,
        "thresh": 1e-06
    },
    "return_energy": -599.498792208153,
    "scf_e_data": {
        "e_coulomb": [
            367.2808850088976
        ],
        "e_kinetic": [
            598.5299190733895
        ],
        "e_local": [
            0.0
        ],
        "e_nrep": [
            95.59991061827773
        ],
        "e_nuclear": [
            -1616.0838590029039
        ],
        "e_pcm": [
            0.0
        ],
        "e_tot": [
            -599.498792208153
        ],
        "e_xc": [
            -44.82564790581385
        ],
        "iterations": 1
    },
    "scf_eigenvalues_a": {
        "dims": [
            18
        ],
        "size": 18,
        "vals": [
            -104.8836072790715,
            -26.33984895601005,
            -11.253731945886045,
            -10.60487796012136,
            -8.089391171172778,
            -8.069094093920384,
            -8.070852329847646,
            -1.4841120218885147,
            -1.0417114200571946,
            -0.7199310234602883,
            -0.7199724589484318,
            -0.7199399920477298,
            -0.7255064085287248,
            -0.6778301482635203,
            -0.6778284683986868,
            -0.494528358142885,
            -0.49486006052389486,
            -0.4133329647707533
        ]
    },
    "scf_eigenvalues_b": {
        "dims": [
            17
        ],
        "size": 17,
        "vals": [
            -104.8759112975219,
            -26.363163210075236,
            -11.233420472722312,
            -10.597877028091023,
            -8.056593587961313,
            -8.065196487846357,
            -8.066952842841829,
            -1.402856594912035,
            -1.0227239224981775,
            -0.6873679209445323,
            -0.6873944153620193,
            -0.6873737164112907,
            -1.0031963963509982,
            -0.69849201501287,
            -0.698471960487073,
            -0.4828262845599811,
            -0.4830999190535499
        ]
    },
    "time": "2024-05-02 17:21:54",
    "wall_time": 14.626574993133545
}