{
    "calcinfo_nalpha": 10,
    "calcinfo_natom": 5,
    "calcinfo_nbeta": 9,
    "calcinfo_nmo": 19,
    "molecule": {
        "geometry": [
            [
                -0.21023042716351176,
                0.00016473053677061223,
                -0.41088103574429763
            ],
            [
                1.610351981065231,
                1.9552457596178163,
                -0.46602671740101387
            ],
            [
                1.628237335494355,
                -1.9370744523918015,
                -0.4963582071236875
            ],
            [
                -0.28464170705626657,
                -0.02069779240593237,
                2.393180205855198
            ],
            [
                0.19950879794935844,
                5.552712835850249e-05,
                4.732420254833963
            ]
        ],
        "symbols": [
            "P",
            "H",
            "H",
            "H",
            "H"
        ]
    },
    "parameters": {
        "charge": 0.0,
        "conv_only_dens": false,
        "dconv": 0.0001,
        "derivatives": false,
        "dipole": false,
        "econv": 1e-05,
        "ginitial_hessian": false,
        "gmaxiter": 20,
        "gopt": false,
        "gprec": 0.0001,
        "gtest": false,
        "gtol": 0.0001,
        "gval": 1e-05,
        "k": -1,
        "l": 54.732,
        "lo": 0.00046616,
        "loadbalparts": 2,
        "maxiter": 25,
        "maxrotn": 0.25,
        "maxsub": 10,
        "nalpha": 10,
        "nbeta": 9,
        "nio": 1,
        "nmo_alpha": 10,
        "nmo_beta": 9,
        "no_compute": false,
        "noiter": true,
        "nopen": 1,
        "npt_plot": 101,
        "nv_factor": 1,
        "nvalpha": 0,
        "nvbeta": 0,
        "orbitalshift": 0.0,
        "plot_cell": [],
        "plotcoul": false,
        "plotdens": false,
        "plothi": -1,
        "plotlo": 0,
        "print_level": 3,
        "protocol": [
            1e-06
        ],
        "psp_calc": false,
        "pure_ae": true,
        "restart": true,
        "restartao": false,
        "save": true,
        "smear": 0.0,
        "spin_restricted": false,
        "vnucextra": 2
    },
    "precision": {
        "dconv": 0.0001,
        "econv": 1e-05,
        "eprec": 0.0001,
        "k": 8,
        "thresh": 1e-06
    },
    "return_energy": -343.47626276790277,
    "scf_e_data": {
        "e_coulomb": [
            175.6958344008553
        ],
        "e_kinetic": [
            342.96685924347264
        ],
        "e_local": [
            0.0
        ],
        "e_nrep": [
            21.01063517422952
        ],
        "e_nuclear": [
            -858.6663964335173
        ],
        "e_pcm": [
            0.0
        ],
        "e_tot": [
            -343.47626276790277
        ],
        "e_xc": [
            -24.483195152942944
        ],
        "iterations": 1
    },
    "scf_eigenvalues_a": {
        "dims": [
            10
        ],
        "size": 10,
        "vals": [
            -79.94548950334807,
            -6.021984804525285,
            -6.0198348949337035,
            -5.839391101140947,
            -5.765623767498614,
            -0.6153117989289156,
            -0.5965083832876912,
            -0.6153124653242714,
            -0.48132710186716565,
            -0.5011391872201082
        ]
    },
    "scf_eigenvalues_b": {
        "dims": [
            9
        ],
        "size": 9,
        "vals": [
            -79.94248857194333,
            -7.031173660847031,
            -5.383599942984873,
            -5.807749939261811,
            -5.40572991382343,
            -0.6148896172023492,
            -0.591265986058606,
            -0.6148936078665241,
            -0.4843279044740203
        ]
    },
    "time": "2024-05-02 17:28:21",
    "wall_time": 8.425565004348755
}