{
    "calcinfo_nalpha": 7,
    "calcinfo_natom": 3,
    "calcinfo_nbeta": 7,
    "calcinfo_nmo": 14,
    "molecule": {
        "geometry": [
            [
                1.1556964597945272,
                -0.24750838277895124,
                0.0
            ],
            [
                -1.0823811086017938,
                -0.0631218451785493,
                0.0
            ],
            [
                0.6424890014453931,
                1.9269032129235526,
                0.0
            ]
        ],
        "symbols": [
            "C",
            "N",
            "H"
        ]
    },
    "parameters": {
        "charge": 0.0,
        "conv_only_dens": false,
        "dconv": 0.0001,
        "derivatives": false,
        "dipole": false,
        "econv": 1e-05,
        "ginitial_hessian": false,
        "gmaxiter": 20,
        "gopt": false,
        "gprec": 0.0001,
        "gtest": false,
        "gtol": 0.0001,
        "gval": 1e-05,
        "k": -1,
        "l": 51.927,
        "lo": 0.0016603,
        "loadbalparts": 2,
        "maxiter": 25,
        "maxrotn": 0.25,
        "maxsub": 10,
        "nalpha": 7,
        "nbeta": 7,
        "nio": 1,
        "nmo_alpha": 7,
        "nmo_beta": 7,
        "no_compute": false,
        "noiter": false,
        "nopen": 0,
        "npt_plot": 101,
        "nv_factor": 1,
        "nvalpha": 0,
        "nvbeta": 0,
        "orbitalshift": 0.0,
        "plot_cell": [],
        "plotcoul": false,
        "plotdens": false,
        "plothi": -1,
        "plotlo": 0,
        "print_level": 3,
        "protocol": [
            0.0001,
            1e-06
        ],
        "psp_calc": false,
        "pure_ae": true,
        "restart": false,
        "restartao": false,
        "save": true,
        "smear": 0.0,
        "spin_restricted": true,
        "vnucextra": 2
    },
    "precision": {
        "dconv": 0.0001,
        "econv": 1e-05,
        "eprec": 0.0001,
        "k": 8,
        "thresh": 1e-06
    },
    "return_energy": -93.28196050767929,
    "scf_e_data": {
        "e_coulomb": [
            68.71125731487746,
            67.51225283277546,
            67.97420294955495,
            67.90750561083738,
            67.90884810277987,
            67.90620052607031,
            67.90600190399167,
            67.90451310126429,
            67.90444175997699,
            67.90382860869023
        ],
        "e_kinetic": [
            93.44276636949645,
            92.51504275863832,
            92.91652730424931,
            92.9228049436955,
            92.94400881501014,
            92.94404423052322,
            92.94216439263317,
            92.94081941519404,
            92.9412702218534,
            92.94007892773007
        ],
        "e_local": [
            0.0,
            0.0,
            0.0,
            0.0,
            0.0,
            0.0,
            0.0,
            0.0,
            0.0,
            0.0
        ],
        "e_nrep": [
            24.046369310123545,
            24.046369310123545,
            24.046369310123545,
            24.046369310123545,
            24.046369310123545,
            24.046369310123545,
            24.046369310123545,
            24.046369310123545,
            24.046369310123545,
            24.046369310123545
        ],
        "e_nuclear": [
            -266.80987760610043,
            -264.96445543393884,
            -265.78084310239126,
            -265.7283042945587,
            -265.7495566636755,
            -265.7467031422156,
            -265.7443670500321,
            -265.74166000954364,
            -265.74166322997854,
            -265.7410973847317
        ],
        "e_pcm": [
            0.0,
            0.0,
            0.0,
            0.0,
            0.0,
            0.0,
            0.0,
            0.0,
            0.0,
            0.0
        ],
        "e_tot": [
            -93.15624968563046,
            -93.26998495547517,
            -93.27909175223897,
            -93.28078525440665,
            -93.28107315906013,
            -93.28114397791478,
            -93.28114199334632,
            -93.28114881570147,
            -93.28076414657951,
            -93.28196050767929
        ],
        "e_xc": [
            -12.546765074027455,
            -12.379194423073653,
            -12.435348213775512,
            -12.429160824504343,
            -12.430742723298177,
            -12.43105490241625,
            -12.431310550062594,
            -12.431190632739678,
            -12.43118220855492,
            -12.43113996949146
        ],
        "iterations": 10
    },
    "scf_eigenvalues_a": {
        "dims": [
            7
        ],
        "size": 7,
        "vals": [
            -14.045337072393544,
            -9.939448878182166,
            -0.7936541191669344,
            -0.5833133933125045,
            -0.4212718727968374,
            -0.355869783561485,
            -0.33854114189302886
        ]
    },
    "time": "2024-05-03 21:31:39",
    "wall_time": 17.89058208465576
}