{
    "calcinfo_nalpha": 9,
    "calcinfo_natom": 1,
    "calcinfo_nbeta": 8,
    "calcinfo_nmo": 17,
    "molecule": {
        "geometry": [
            [
                0.0,
                0.0,
                0.0
            ]
        ],
        "symbols": [
            "Cl"
        ]
    },
    "parameters": {
        "charge": 0.0,
        "conv_only_dens": false,
        "dconv": 0.0001,
        "derivatives": false,
        "dipole": false,
        "econv": 1e-05,
        "ginitial_hessian": false,
        "gmaxiter": 20,
        "gopt": false,
        "gprec": 0.0001,
        "gtest": false,
        "gtol": 0.0001,
        "gval": 1e-05,
        "k": -1,
        "l": 50.0,
        "lo": 0.00037839,
        "loadbalparts": 2,
        "maxiter": 25,
        "maxrotn": 0.25,
        "maxsub": 10,
        "nalpha": 9,
        "nbeta": 8,
        "nio": 1,
        "nmo_alpha": 9,
        "nmo_beta": 8,
        "no_compute": false,
        "noiter": false,
        "nopen": 1,
        "npt_plot": 101,
        "nv_factor": 1,
        "nvalpha": 0,
        "nvbeta": 0,
        "orbitalshift": 0.0,
        "plot_cell": [],
        "plotcoul": false,
        "plotdens": false,
        "plothi": -1,
        "plotlo": 0,
        "print_level": 3,
        "protocol": [
            0.0001,
            1e-06
        ],
        "psp_calc": false,
        "pure_ae": true,
        "restart": false,
        "restartao": false,
        "save": true,
        "smear": 0.0,
        "spin_restricted": false,
        "vnucextra": 2
    },
    "precision": {
        "dconv": 0.0001,
        "econv": 1e-05,
        "eprec": 0.0001,
        "k": 8,
        "thresh": 1e-06
    },
    "return_energy": -459.48984531970683,
    "scf_e_data": {
        "e_coulomb": [
            202.88703522317124,
            202.89911054501738,
            202.90749892113638,
            202.92592947379444,
            202.92318675327206,
            202.92255682607322,
            202.92366535852847,
            202.9235075123863,
            202.92515901848327,
            202.9261262941202
        ],
        "e_kinetic": [
            459.0281801417763,
            459.29322142931375,
            459.48017594305736,
            459.5222010801657,
            459.51085511935344,
            459.50519680772913,
            459.5065604570602,
            459.5069199710876,
            459.49395781374744,
            459.4911784541671
        ],
        "e_local": [
            0.0,
            0.0,
            0.0,
            0.0,
            0.0,
            0.0,
            0.0,
            0.0,
            0.0,
            0.0
        ],
        "e_nrep": [
            0.0,
            0.0,
            0.0,
            0.0,
            0.0,
            0.0,
            0.0,
            0.0,
            0.0,
            0.0
        ],
        "e_nuclear": [
            -1093.8411806306995,
            -1094.148821600483,
            -1094.3366993069822,
            -1094.3932601461188,
            -1094.3789380482394,
            -1094.3725176950265,
            -1094.3748832758251,
            -1094.3749321184596,
            -1094.3644455437952,
            -1094.362569886563
        ],
        "e_pcm": [
            0.0,
            0.0,
            0.0,
            0.0,
            0.0,
            0.0,
            0.0,
            0.0,
            0.0,
            0.0
        ],
        "e_tot": [
            -459.4381224823395,
            -459.486116525189,
            -459.48848987932524,
            -459.48896172701643,
            -459.4891191556181,
            -459.48914045005995,
            -459.48914983402483,
            -459.4889642294821,
            -459.4898421638654,
            -459.48984531970683
        ],
        "e_xc": [
            -27.51215721658764,
            -27.529626899037105,
            -27.539465436536847,
            -27.543832134857794,
            -27.544222980004097,
            -27.544376388835737,
            -27.544492373788373,
            -27.5444595944965,
            -27.54451345230086,
            -27.544580181431062
        ],
        "iterations": 10
    },
    "scf_eigenvalues_a": {
        "dims": [
            9
        ],
        "size": 9,
        "vals": [
            -104.8865388827762,
            -10.610632754590974,
            -8.074151662319245,
            -8.073510565321591,
            -8.097059237270237,
            -1.1360611968805552,
            -0.5047717203662723,
            -0.504376750135926,
            -0.5832849952162462
        ]
    },
    "scf_eigenvalues_b": {
        "dims": [
            8
        ],
        "size": 8,
        "vals": [
            -104.87462847236736,
            -10.599212906255346,
            -8.065099017241831,
            -8.065447649923492,
            -8.052703690648258,
            -1.0156789427275066,
            -0.4825703333520619,
            -0.4825704453499484
        ]
    },
    "time": "2024-05-02 14:43:36",
    "wall_time": 58.77760887145996
}