{
    "calcinfo_nalpha": 19,
    "calcinfo_natom": 13,
    "calcinfo_nbeta": 19,
    "calcinfo_nmo": 38,
    "molecule": {
        "geometry": [
            [
                3.8845898790019127,
                -1.157030899438351,
                1.0475056463740503e-05
            ],
            [
                2.3264402889366926,
                1.2102696271840916,
                1.6748431306891837e-06
            ],
            [
                -0.19961886029298853,
                1.38758020587348,
                -1.288311322551352e-05
            ],
            [
                -1.9984904709579203,
                -0.7075265592396421,
                -2.0296886836842145e-05
            ],
            [
                -4.504320576981472,
                -0.3759339788852452,
                1.618575003252321e-05
            ],
            [
                5.111894381401194,
                -1.2123633621792294,
                1.6575218899537407
            ],
            [
                5.111925516364127,
                -1.2123489853022453,
                -1.6574783675170284
            ],
            [
                2.742619397126435,
                -2.8649807740812365,
                -9.67755867261188e-06
            ],
            [
                3.3895407547834373,
                2.9623095316556793,
                5.802243475710608e-06
            ],
            [
                -1.0313295079333487,
                3.2609905357292748,
                -1.676294118446315e-05
            ],
            [
                -1.2571608401931422,
                -2.6139498762480544,
                -5.699890875886723e-05
            ],
            [
                -5.791431031126909,
                -1.9610088005593305,
                1.130112409637015e-05
            ],
            [
                -5.327660228659146,
                1.4972013580191397,
                5.187970694395913e-05
            ]
        ],
        "symbols": [
            "C",
            "C",
            "C",
            "C",
            "C",
            "H",
            "H",
            "H",
            "H",
            "H",
            "H",
            "H",
            "H"
        ]
    },
    "parameters": {
        "charge": 0.0,
        "conv_only_dens": false,
        "dconv": 0.0001,
        "derivatives": false,
        "dipole": false,
        "econv": 1e-05,
        "ginitial_hessian": false,
        "gmaxiter": 20,
        "gopt": false,
        "gprec": 0.0001,
        "gtest": false,
        "gtol": 0.0001,
        "gval": 1e-05,
        "k": -1,
        "l": 55.791,
        "lo": 0.0021467,
        "loadbalparts": 2,
        "maxiter": 25,
        "maxrotn": 0.25,
        "maxsub": 10,
        "nalpha": 19,
        "nbeta": 19,
        "nio": 1,
        "nmo_alpha": 19,
        "nmo_beta": 19,
        "no_compute": false,
        "noiter": false,
        "nopen": 0,
        "npt_plot": 101,
        "nv_factor": 1,
        "nvalpha": 0,
        "nvbeta": 0,
        "orbitalshift": 0.0,
        "plot_cell": [],
        "plotcoul": false,
        "plotdens": false,
        "plothi": -1,
        "plotlo": 0,
        "print_level": 3,
        "protocol": [
            0.0001,
            1e-06
        ],
        "psp_calc": false,
        "pure_ae": true,
        "restart": false,
        "restartao": false,
        "save": true,
        "smear": 0.0,
        "spin_restricted": true,
        "vnucextra": 2
    },
    "precision": {
        "dconv": 0.0001,
        "econv": 1e-05,
        "eprec": 0.0001,
        "k": 8,
        "thresh": 1e-06
    },
    "return_energy": -195.121403024179,
    "scf_e_data": {
        "e_coulomb": [
            254.55481486216,
            245.6938593401089,
            248.2232111527245,
            248.57087418451994,
            248.46405659608934,
            248.4089197209299,
            248.41199667443823,
            248.41378613881983,
            248.4103666713914,
            248.4096573306706,
            248.40969764946047
        ],
        "e_kinetic": [
            196.89327875385126,
            192.69552460209812,
            193.91231185837253,
            194.26170907275457,
            194.26674588232746,
            194.2607793169637,
            194.26857909301395,
            194.26825235029474,
            194.26591706446783,
            194.2671501304982,
            194.27408729150739
        ],
        "e_local": [
            0.0,
            0.0,
            0.0,
            0.0,
            0.0,
            0.0,
            0.0,
            0.0,
            0.0,
            0.0,
            0.0
        ],
        "e_nrep": [
            155.81513780642135,
            155.81513780642135,
            155.81513780642135,
            155.81513780642135,
            155.81513780642135,
            155.81513780642135,
            155.81513780642135,
            155.81513780642135,
            155.81513780642135,
            155.81513780642135,
            155.81513780642135
        ],
        "e_nuclear": [
            -771.7511225462102,
            -759.7557384660472,
            -763.3025424088627,
            -763.9503140386337,
            -763.8521898819017,
            -763.7933276429546,
            -763.8026905165534,
            -763.8038662739277,
            -763.7986135580308,
            -763.798622676333,
            -763.8085745225903
        ],
        "e_pcm": [
            0.0,
            0.0,
            0.0,
            0.0,
            0.0,
            0.0,
            0.0,
            0.0,
            0.0,
            0.0,
            0.0
        ],
        "e_tot": [
            -194.80723261129359,
            -195.06208504433133,
            -195.11044421856852,
            -195.1173353005403,
            -195.1181983947317,
            -195.1183628290611,
            -195.1185079310911,
            -195.11847663631895,
            -195.11849223089396,
            -195.11797130847364,
            -195.121403024179
        ],
        "e_xc": [
            -30.319341487516027,
            -29.510868326912473,
            -29.7585626272242,
            -29.81474232560251,
            -29.811948797668087,
            -29.809872030421417,
            -29.811530988411228,
            -29.811786657927094,
            -29.81130021514374,
            -29.81129389973074,
            -29.811751248977828
        ],
        "iterations": 11
    },
    "scf_eigenvalues_a": {
        "dims": [
            19
        ],
        "size": 19,
        "vals": [
            -9.87456299766831,
            -9.86798741062746,
            -9.879710723293613,
            -9.873899162282957,
            -9.881105014424861,
            -0.562228079423724,
            -0.5584335130204605,
            -0.4329588186274169,
            -0.5051421107381513,
            -0.4481336990411222,
            -0.44466876990570836,
            -0.4802934471818143,
            -0.44293845044370217,
            -0.43295905130403445,
            -0.44271228669933427,
            -0.4333479715269497,
            -0.4413878040657009,
            -0.25085086390641953,
            -0.25153584742625834
        ]
    },
    "time": "2024-05-03 20:59:19",
    "wall_time": 66.11018800735474
}