{
    "calcinfo_nalpha": 11,
    "calcinfo_natom": 3,
    "calcinfo_nbeta": 11,
    "calcinfo_nmo": 22,
    "molecule": {
        "geometry": [
            [
                0.0,
                0.0,
                -2.259500480866557
            ],
            [
                0.0,
                0.0,
                -0.14193932779694293
            ],
            [
                0.0,
                0.0,
                2.1012598325805625
            ]
        ],
        "symbols": [
            "N",
            "N",
            "O"
        ]
    },
    "parameters": {
        "charge": 0.0,
        "conv_only_dens": false,
        "dconv": 0.0001,
        "derivatives": false,
        "dipole": false,
        "econv": 1e-05,
        "ginitial_hessian": false,
        "gmaxiter": 20,
        "gopt": false,
        "gprec": 0.0001,
        "gtest": false,
        "gtol": 0.0001,
        "gval": 1e-05,
        "k": -1,
        "l": 52.26,
        "lo": 0.001329,
        "loadbalparts": 2,
        "maxiter": 25,
        "maxrotn": 0.25,
        "maxsub": 10,
        "nalpha": 11,
        "nbeta": 11,
        "nio": 1,
        "nmo_alpha": 11,
        "nmo_beta": 11,
        "no_compute": false,
        "noiter": false,
        "nopen": 0,
        "npt_plot": 101,
        "nv_factor": 1,
        "nvalpha": 0,
        "nvbeta": 0,
        "orbitalshift": 0.0,
        "plot_cell": [],
        "plotcoul": false,
        "plotdens": false,
        "plothi": -1,
        "plotlo": 0,
        "print_level": 3,
        "protocol": [
            0.0001,
            1e-06
        ],
        "psp_calc": false,
        "pure_ae": true,
        "restart": false,
        "restartao": false,
        "save": true,
        "smear": 0.0,
        "spin_restricted": true,
        "vnucextra": 2
    },
    "precision": {
        "dconv": 0.0001,
        "econv": 1e-05,
        "eprec": 0.0001,
        "k": 8,
        "thresh": 1e-06
    },
    "return_energy": -183.7676451561542,
    "scf_e_data": {
        "e_coulomb": [
            147.6216349354899,
            147.14078278477362,
            147.4516501575948,
            147.411143191498,
            147.43300917248666,
            147.43551188857884,
            147.46252131017377,
            147.4707004866097,
            147.4727403582871,
            147.47338211796574,
            147.47319029585964,
            147.47197701023492,
            147.47333115662974
        ],
        "e_kinetic": [
            183.9263305891841,
            183.13067557874206,
            183.403721605201,
            183.40384646903786,
            183.41876196630713,
            183.41665555012912,
            183.42533868343986,
            183.4361652166709,
            183.44152179280485,
            183.4437360354465,
            183.444367139703,
            183.43474006653045,
            183.43416534736585
        ],
        "e_local": [
            0.0,
            0.0,
            0.0,
            0.0,
            0.0,
            0.0,
            0.0,
            0.0,
            0.0,
            0.0,
            0.0,
            0.0,
            0.0
        ],
        "e_nrep": [
            60.94597089474697,
            60.94597089474697,
            60.94597089474697,
            60.94597089474697,
            60.94597089474697,
            60.94597089474697,
            60.94597089474697,
            60.94597089474697,
            60.94597089474697,
            60.94597089474697,
            60.94597089474697,
            60.94597089474697,
            60.94597089474697
        ],
        "e_nuclear": [
            -554.628368946592,
            -553.7084210664743,
            -554.2739584418935,
            -554.232833150586,
            -554.2640514515963,
            -554.2632519183378,
            -554.2923647398526,
            -554.3102165749333,
            -554.3173269084258,
            -554.3201301986726,
            -554.3201141749618,
            -554.3115585389469,
            -554.312281152774
        ],
        "e_pcm": [
            0.0,
            0.0,
            0.0,
            0.0,
            0.0,
            0.0,
            0.0,
            0.0,
            0.0,
            0.0,
            0.0,
            0.0,
            0.0
        ],
        "e_tot": [
            -183.46929876894572,
            -183.73428678402126,
            -183.75996787152366,
            -183.76395898748103,
            -183.76500390002772,
            -183.76543004980982,
            -183.76609548335117,
            -183.7662148373136,
            -183.7662688239632,
            -183.76627216940324,
            -183.7658237693489,
            -183.76764156106384,
            -183.7676451561542
        ],
        "e_xc": [
            -21.3348662417747,
            -21.243294975809594,
            -21.28735208717296,
            -21.29208639217787,
            -21.29869448197218,
            -21.300316464926965,
            -21.307561631859187,
            -21.308834860407934,
            -21.309174961376332,
            -21.309231018889847,
            -21.309237924696752,
            -21.30877099362933,
            -21.308831402122802
        ],
        "iterations": 13
    },
    "scf_eigenvalues_a": {
        "dims": [
            11
        ],
        "size": 11,
        "vals": [
            -20.64305837158829,
            -15.827900603325027,
            -15.680572646707244,
            -1.4307638962476954,
            -1.4780828979213942,
            -0.9557975808823951,
            -0.6669883307490001,
            -0.6669883297655372,
            -0.7450347418458865,
            -0.5896853762577852,
            -0.5896853766525929
        ]
    },
    "time": "2024-05-02 15:08:06",
    "wall_time": 49.902470111846924
}