{
    "calcinfo_nalpha": 14,
    "calcinfo_natom": 3,
    "calcinfo_nbeta": 12,
    "calcinfo_nmo": 26,
    "molecule": {
        "geometry": [
            [
                -1.5447186064295133,
                -0.022771633288438137,
                0.0
            ],
            [
                1.0834895053156965,
                0.8801519727880704,
                0.0
            ],
            [
                3.1470908504982535,
                -0.061629275860577946,
                0.0
            ]
        ],
        "symbols": [
            "Cl",
            "H",
            "O"
        ]
    },
    "parameters": {
        "charge": 0.0,
        "conv_only_dens": false,
        "dconv": 0.0001,
        "derivatives": false,
        "dipole": false,
        "econv": 1e-05,
        "ginitial_hessian": false,
        "gmaxiter": 20,
        "gopt": false,
        "gprec": 0.0001,
        "gtest": false,
        "gtol": 0.0001,
        "gval": 1e-05,
        "k": -1,
        "l": 53.147,
        "lo": 0.00037839,
        "loadbalparts": 2,
        "maxiter": 25,
        "maxrotn": 0.25,
        "maxsub": 10,
        "nalpha": 14,
        "nbeta": 12,
        "nio": 1,
        "nmo_alpha": 14,
        "nmo_beta": 12,
        "no_compute": false,
        "noiter": false,
        "nopen": 2,
        "npt_plot": 101,
        "nv_factor": 1,
        "nvalpha": 0,
        "nvbeta": 0,
        "orbitalshift": 0.0,
        "plot_cell": [],
        "plotcoul": false,
        "plotdens": false,
        "plothi": -1,
        "plotlo": 0,
        "print_level": 3,
        "protocol": [
            0.0001,
            1e-06
        ],
        "psp_calc": false,
        "pure_ae": true,
        "restart": false,
        "restartao": false,
        "save": true,
        "smear": 0.0,
        "spin_restricted": false,
        "vnucextra": 2
    },
    "precision": {
        "dconv": 0.0001,
        "econv": 1e-05,
        "eprec": 0.0001,
        "k": 8,
        "thresh": 1e-06
    },
    "return_energy": -535.6746391243964,
    "scf_e_data": {
        "e_coulomb": [
            277.4613792418569,
            275.5514368555,
            277.3089290869571,
            277.94212745760245,
            278.11622996546714,
            278.2087195586288,
            278.36397131350736,
            278.42322581646556,
            278.4228148945265,
            278.39478923457943,
            278.36749575610065,
            278.3434826742629,
            278.3919220901796,
            278.36878708546544,
            278.3443427862585,
            278.36296050917144,
            278.35660990233987,
            278.3537606108449,
            278.3629402229761,
            278.3628016222393,
            278.3661346174536,
            278.36362724406376,
            278.35713283051354,
            278.35427646344044,
            278.3570052030524,
            278.35666021600275,
            278.3571224579516,
            278.3558961302035,
            278.36371742319807,
            278.3586994094535
        ],
        "e_kinetic": [
            534.5791612200969,
            532.5842557812592,
            534.1690970420563,
            534.7529554262732,
            534.940258848833,
            534.9650895300412,
            535.006723412462,
            534.9715738210338,
            534.8988043803116,
            534.8729090332463,
            534.9155281608714,
            534.9099828860908,
            534.9814220636813,
            534.9551158641316,
            534.913090468493,
            534.9248593845351,
            534.9200285550289,
            534.9215577666969,
            534.9195518921676,
            534.916899923323,
            534.9207188818605,
            534.9202111029127,
            534.9208781799387,
            534.9222736837374,
            534.9249925321379,
            534.9260547281183,
            534.9045211086495,
            534.8997408741258,
            534.9028771894167,
            534.8976013343788
        ],
        "e_local": [
            0.0,
            0.0,
            0.0,
            0.0,
            0.0,
            0.0,
            0.0,
            0.0,
            0.0,
            0.0,
            0.0,
            0.0,
            0.0,
            0.0,
            0.0,
            0.0,
            0.0,
            0.0,
            0.0,
            0.0,
            0.0,
            0.0,
            0.0,
            0.0,
            0.0,
            0.0,
            0.0,
            0.0,
            0.0,
            0.0
        ],
        "e_nrep": [
            38.62983096913918,
            38.62983096913918,
            38.62983096913918,
            38.62983096913918,
            38.62983096913918,
            38.62983096913918,
            38.62983096913918,
            38.62983096913918,
            38.62983096913918,
            38.62983096913918,
            38.62983096913918,
            38.62983096913918,
            38.62983096913918,
            38.62983096913918,
            38.62983096913918,
            38.62983096913918,
            38.62983096913918,
            38.62983096913918,
            38.62983096913918,
            38.62983096913918,
            38.62983096913918,
            38.62983096913918,
            38.62983096913918,
            38.62983096913918,
            38.62983096913918,
            38.62983096913918,
            38.62983096913918,
            38.62983096913918,
            38.62983096913918,
            38.62983096913918
        ],
        "e_nuclear": [
            -1349.1782499034903,
            -1345.8515449014885,
            -1349.0490933244869,
            -1350.2231143931808,
            -1350.5830738445557,
            -1350.7034322960485,
            -1350.8955816640068,
            -1350.914466304468,
            -1350.8422128383888,
            -1350.790679290016,
            -1350.8163723718073,
            -1350.784395035365,
            -1350.9011614832839,
            -1350.852543863465,
            -1350.7883647780313,
            -1350.818159495808,
            -1350.8067117091368,
            -1350.805490992846,
            -1350.8114923813987,
            -1350.8098164096625,
            -1350.8167494606664,
            -1350.8137006916584,
            -1350.8081706169055,
            -1350.8065978204618,
            -1350.8116797064833,
            -1350.811703333159,
            -1350.7917290826326,
            -1350.787555371854,
            -1350.7981564520549,
            -1350.7884408190016
        ],
        "e_pcm": [
            0.0,
            0.0,
            0.0,
            0.0,
            0.0,
            0.0,
            0.0,
            0.0,
            0.0,
            0.0,
            0.0,
            0.0,
            0.0,
            0.0,
            0.0,
            0.0,
            0.0,
            0.0,
            0.0,
            0.0,
            0.0,
            0.0,
            0.0,
            0.0,
            0.0,
            0.0,
            0.0,
            0.0,
            0.0,
            0.0
        ],