{
    "calcinfo_nalpha": 5,
    "calcinfo_natom": 2,
    "calcinfo_nbeta": 4,
    "calcinfo_nmo": 9,
    "molecule": {
        "geometry": [
            [
                0.0,
                0.0,
                0.20343879438833357
            ],
            [
                0.0,
                0.0,
                -1.627510355106669
            ]
        ],
        "symbols": [
            "O",
            "H"
        ]
    },
    "parameters": {
        "charge": 0.0,
        "conv_only_dens": false,
        "dconv": 0.0001,
        "derivatives": false,
        "dipole": false,
        "econv": 1e-05,
        "ginitial_hessian": false,
        "gmaxiter": 20,
        "gopt": false,
        "gprec": 0.0001,
        "gtest": false,
        "gtol": 0.0001,
        "gval": 1e-05,
        "k": -1,
        "l": 51.628,
        "lo": 0.001329,
        "loadbalparts": 2,
        "maxiter": 25,
        "maxrotn": 0.25,
        "maxsub": 10,
        "nalpha": 5,
        "nbeta": 4,
        "nio": 1,
        "nmo_alpha": 5,
        "nmo_beta": 4,
        "no_compute": false,
        "noiter": false,
        "nopen": 1,
        "npt_plot": 101,
        "nv_factor": 1,
        "nvalpha": 0,
        "nvbeta": 0,
        "orbitalshift": 0.0,
        "plot_cell": [],
        "plotcoul": false,
        "plotdens": false,
        "plothi": -1,
        "plotlo": 0,
        "print_level": 3,
        "protocol": [
            0.0001,
            1e-06
        ],
        "psp_calc": false,
        "pure_ae": true,
        "restart": false,
        "restartao": false,
        "save": true,
        "smear": 0.0,
        "spin_restricted": false,
        "vnucextra": 2
    },
    "precision": {
        "dconv": 0.0001,
        "econv": 1e-05,
        "eprec": 0.0001,
        "k": 8,
        "thresh": 1e-06
    },
    "return_energy": -75.42791427081997,
    "scf_e_data": {
        "e_coulomb": [
            42.363673042676496,
            41.36912440503231,
            41.51202481247519,
            41.46692630962787,
            41.454876791963414,
            41.45551867955459,
            41.45225807687075,
            41.4517316718715,
            41.45209575998764,
            41.452315939909155,
            41.45248549269481,
            41.45244161483641,
            41.45197558396672
        ],
        "e_kinetic": [
            75.9687168715525,
            75.16430096667611,
            75.38776861338619,
            75.38623258775861,
            75.38974985591204,
            75.39295092149175,
            75.3906334683148,
            75.39134047778043,
            75.39256870674558,
            75.39248519957832,
            75.39221097837039,
            75.39231089992512,
            75.39107693486508
        ],
        "e_local": [
            0.0,
            0.0,
            0.0,
            0.0,
            0.0,
            0.0,
            0.0,
            0.0,
            0.0,
            0.0,
            0.0,
            0.0,
            0.0
        ],
        "e_nrep": [
            4.369318504670922,
            4.369318504670922,
            4.369318504670922,
            4.369318504670922,
            4.369318504670922,
            4.369318504670922,
            4.369318504670922,
            4.369318504670922,
            4.369318504670922,
            4.369318504670922,
            4.369318504670922,
            4.369318504670922,
            4.369318504670922
        ],
        "e_nuclear": [
            -189.3806371021697,
            -187.78437402935657,
            -188.1276139597037,
            -188.0841049250586,
            -188.07492066828297,
            -188.07758081115506,
            -188.0723385600886,
            -188.07256715520793,
            -188.07407252386977,
            -188.07417356914047,
            -188.07402570587146,
            -188.07403233415812,
            -188.07290351806242
        ],
        "e_pcm": [
            0.0,
            0.0,
            0.0,
            0.0,
            0.0,
            0.0,
            0.0,
            0.0,
            0.0,
            0.0,
            0.0,
            0.0,
            0.0
        ],
        "e_tot": [
            -75.34085789121889,
            -75.42074446024489,
            -75.42613188024174,
            -75.4270478908141,
            -75.42737462806818,
            -75.42745179529939,
            -75.42748267657518,
            -75.42746805566105,
            -75.42747647803407,
            -75.42751025671296,
            -75.42748001856091,
            -75.42742338095081,
            -75.42791427081997
        ],
        "e_xc": [
            -8.661929207949132,
            -8.539114307267669,
            -8.567629851070336,
            -8.565420367812925,
            -8.56639911233158,
            -8.56765908986159,
            -8.567354166343035,
            -8.56729155477597,
            -8.56738692556844,
            -8.567456331730877,
            -8.567469288425576,
            -8.567462066225154,
            -8.567381776260262
        ],
        "iterations": 13
    },
    "scf_eigenvalues_a": {
        "dims": [
            5
        ],
        "size": 5,
        "vals": [
            -20.63499793654445,
            -1.0905167449478586,
            -0.9845080179762355,
            -0.5618238655355388,
            -0.658958467720649
        ]
    },
    "scf_eigenvalues_b": {
        "dims": [
            4
        ],
        "size": 4,
        "vals": [
            -20.594758277262443,
            -1.0122507450524638,
            -0.8610271962289175,
            -0.5137977262916213
        ]
    },
    "time": "2024-05-02 15:18:28",
    "wall_time": 33.64125394821167
}