{
    "calcinfo_nalpha": 22,
    "calcinfo_natom": 6,
    "calcinfo_nbeta": 22,
    "calcinfo_nmo": 44,
    "molecule": {
        "geometry": [
            [
                0.0,
                -4.5065013798531535,
                0.0
            ],
            [
                0.0,
                -1.0702111343885576,
                0.0
            ],
            [
                -0.9685450765456218,
                -0.42401608961114756,
                1.677569282254942
            ],
            [
                -0.9685450765456218,
                -0.42401608961114756,
                -1.677569282254942
            ],
            [
                1.9370901530912437,
                -0.42401608961114756,
                0.0
            ],
            [
                0.0,
                4.9590493254510815,
                0.0
            ]
        ],
        "symbols": [
            "Cl",
            "C",
            "H",
            "H",
            "H",
            "Cl"
        ]
    },
    "parameters": {
        "charge": -1.0,
        "conv_only_dens": false,
        "dconv": 0.0001,
        "derivatives": false,
        "dipole": false,
        "econv": 1e-05,
        "ginitial_hessian": false,
        "gmaxiter": 20,
        "gopt": false,
        "gprec": 0.0001,
        "gtest": false,
        "gtol": 0.0001,
        "gval": 1e-05,
        "k": -1,
        "l": 54.959,
        "lo": 0.00037839,
        "loadbalparts": 2,
        "maxiter": 25,
        "maxrotn": 0.25,
        "maxsub": 10,
        "nalpha": 22,
        "nbeta": 22,
        "nio": 1,
        "nmo_alpha": 22,
        "nmo_beta": 22,
        "no_compute": false,
        "noiter": false,
        "nopen": 0,
        "npt_plot": 101,
        "nv_factor": 1,
        "nvalpha": 0,
        "nvbeta": 0,
        "orbitalshift": 0.0,
        "plot_cell": [],
        "plotcoul": false,
        "plotdens": false,
        "plothi": -1,
        "plotlo": 0,
        "print_level": 3,
        "protocol": [
            0.0001,
            1e-06
        ],
        "psp_calc": false,
        "pure_ae": true,
        "restart": false,
        "restartao": false,
        "save": true,
        "smear": 0.0,
        "spin_restricted": true,
        "vnucextra": 2
    },
    "precision": {
        "dconv": 0.0001,
        "econv": 1e-05,
        "eprec": 0.0001,
        "k": 8,
        "thresh": 1e-06
    },
    "return_energy": -960.0357689611762,
    "scf_e_data": {
        "e_coulomb": [
            547.3863567541782,
            536.4490242941615,
            541.3391159312305,
            541.8099212346241,
            541.6538362632718,
            541.6804048733173,
            541.7241825713969,
            541.727441286989,
            541.717195397673,
            541.7301908878213,
            541.7253250386742,
            541.7240831033046,
            541.7280817582755,
            541.7272033827027,
            541.7230332882916,
            541.7366957952929,
            541.7281071257277,
            541.7323493201552
        ],
        "e_kinetic": [
            961.033783881865,
            955.0638455970179,
            957.8530839356627,
            958.5852886087255,
            958.6591676787284,
            958.7235876536076,
            958.8012699841314,
            958.7863791301183,
            958.7500896846275,
            958.7232669280287,
            958.7185687043813,
            958.7368471019038,
            958.7490454701616,
            958.7505164911454,
            958.7112568844275,
            958.7130608961627,
            958.7071399218433,
            958.7077732021131
        ],
        "e_local": [
            0.0,
            0.0,
            0.0,
            0.0,
            0.0,
            0.0,
            0.0,
            0.0,
            0.0,
            0.0,
            0.0,
            0.0,
            0.0,
            0.0,
            0.0,
            0.0,
            0.0,
            0.0
        ],
        "e_nrep": [
            107.04222545383321,
            107.04222545383321,
            107.04222545383321,
            107.04222545383321,
            107.04222545383321,
            107.04222545383321,
            107.04222545383321,
            107.04222545383321,
            107.04222545383321,
            107.04222545383321,
            107.04222545383321,
            107.04222545383321,
            107.04222545383321,
            107.04222545383321,
            107.04222545383321,
            107.04222545383321,
            107.04222545383321,
            107.04222545383321
        ],
        "e_nuclear": [
            -2512.020690661361,
            -2496.1332891433253,
            -2503.523159590982,
            -2504.683842337701,
            -2504.6156716720925,
            -2504.7054482219482,
            -2504.8247460989446,
            -2504.813864732404,
            -2504.7685917795625,
            -2504.755005932747,
            -2504.7459442144277,
            -2504.762660691177,
            -2504.7783389307506,
            -2504.778362174222,
            -2504.739601751581,
            -2504.7541366842206,
            -2504.740207499868,
            -2504.7448065127887
        ],
        "e_pcm": [
            0.0,
            0.0,
            0.0,
            0.0,
            0.0,
            0.0,
            0.0,
            0.0,
            0.0,
            0.0,
            0.0,
            0.0,
            0.0,
            0.0,
            0.0,
            0.0,
            0.0,
            0.0
        ],
        "e_tot": [
            -959.7749918818124,
            -959.958482563942,
            -960.0215513562025,
            -960.0283132538502,
            -960.0303966477918,
            -960.0311992846762,
            -960.0318849618541,
            -960.0320720208704,
            -960.0321676734584,
            -960.0322082510318,
            -960.0322476559377,
            -960.0322659686205,
            -960.0322789202785,
            -960.0316901988256,
            -960.0357497719608,
            -960.0357670007147,
            -960.0357674420889,
            -960.0357689611762
        ],
        "e_xc": [
            -63.216667310327786,
            -62.380288765629196,
            -62.732817085947,
            -62.78190621333174,
            -62.769954371532876,
            -62.77196904348615,
            -62.77481687227122,
            -62.774253159406946,
            -62.773086430029664,
            -62.77288558796839,
            -62.77242263839855,
            -62.77276093648494,
            -62.773292671798174,
            -62.77327335228499,
            -62.77266364693189,
            -62.773612461783,
            -62.77303244362516,
            -62.77331042448901
        ],
        "iterations": 18
    },
    "scf_eigenvalues_a": {
        "dims": [
            22
        ],
        "size": 22,
        "vals": [
            -100.51826465208615,
            -100.36217250340829,
            -9.78109698801893,
            -8.284520728408381,
            -8.878289573625683,
            -7.613438500910366,
            -6.849895727215603,
            -6.849797049741877,
            -6.697698598998137,
            -6.696497389485732,
            -6.697563113976106,
            -0.49806268707002443,
            -0.4350189965964284,
            -0.31490048053642594,
            -0.3149007715347172,
            -0.31490131905329677,
            -0.38610042825554736,
            -0.015245660328643051,
            -0.015245695506904244,
            -0.01795644476841085,
            -0.15030598616565083,
            -0.15035116488295897
        ]
    },
    "time": "2024-05-03 21:12:15",
    "wall_time": 134.96446800231934
}