{
    "calcinfo_nalpha": 18,
    "calcinfo_natom": 6,
    "calcinfo_nbeta": 18,
    "calcinfo_nmo": 36,
    "molecule": {
        "geometry": [
            [
                -4.795989788788313,
                0.0,
                0.0
            ],
            [
                -0.9228894988852925,
                0.0,
                0.0
            ],
            [
                -1.1621295265072842,
                -1.0035250788955374,
                1.7381564154110125
            ],
            [
                -1.1621295265072842,
                -1.0035250788955374,
                -1.7381564154110125
            ],
            [
                -1.1621295265072842,
                2.007050157791075,
                0.0
            ],
            [
                3.0698608042310833,
                0.0,
                0.0
            ]
        ],
        "symbols": [
            "F",
            "C",
            "H",
            "H",
            "H",
            "Cl"
        ]
    },
    "parameters": {
        "charge": -1.0,
        "conv_only_dens": false,
        "dconv": 0.0001,
        "derivatives": false,
        "dipole": false,
        "econv": 1e-05,
        "ginitial_hessian": false,
        "gmaxiter": 20,
        "gopt": false,
        "gprec": 0.0001,
        "gtest": false,
        "gtol": 0.0001,
        "gval": 1e-05,
        "k": -1,
        "l": 54.796,
        "lo": 0.00037839,
        "loadbalparts": 2,
        "maxiter": 25,
        "maxrotn": 0.25,
        "maxsub": 10,
        "nalpha": 18,
        "nbeta": 18,
        "nio": 1,
        "nmo_alpha": 18,
        "nmo_beta": 18,
        "no_compute": false,
        "noiter": false,
        "nopen": 0,
        "npt_plot": 101,
        "nv_factor": 1,
        "nvalpha": 0,
        "nvbeta": 0,
        "orbitalshift": 0.0,
        "plot_cell": [],
        "plotcoul": false,
        "plotdens": false,
        "plothi": -1,
        "plotlo": 0,
        "print_level": 3,
        "protocol": [
            0.0001,
            1e-06
        ],
        "psp_calc": false,
        "pure_ae": true,
        "restart": false,
        "restartao": false,
        "save": true,
        "smear": 0.0,
        "spin_restricted": true,
        "vnucextra": 2
    },
    "precision": {
        "dconv": 0.0001,
        "econv": 1e-05,
        "eprec": 0.0001,
        "k": 8,
        "thresh": 1e-06
    },
    "return_energy": -598.6314215999381,
    "scf_e_data": {
        "e_coulomb": [
            373.05570131413845,
            363.99849495297354,
            366.8246093037283,
            367.3946725715663,
            367.4327993398384,
            367.38602856625835,
            367.3811324848943,
            367.39930099024116,
            367.4150310080161,
            367.42036719349244,
            367.4212092276582,
            367.42058053873944,
            367.4225808475268,
            367.4275152010973
        ],
        "e_kinetic": [
            601.8446489066683,
            595.9086613870236,
            598.0321813660997,
            598.5893491862477,
            598.6474569138766,
            598.6277283539441,
            598.6174004881832,
            598.6167596831842,
            598.6175436065738,
            598.6204181225896,
            598.6225513035191,
            598.6236752651597,
            598.6177847579146,
            598.6212669776679
        ],
        "e_local": [
            0.0,
            0.0,
            0.0,
            0.0,
            0.0,
            0.0,
            0.0,
            0.0,
            0.0,
            0.0,
            0.0,
            0.0,
            0.0,
            0.0
        ],
        "e_nrep": [
            86.10071416749383,
            86.10071416749383,
            86.10071416749383,
            86.10071416749383,
            86.10071416749383,
            86.10071416749383,
            86.10071416749383,
            86.10071416749383,
            86.10071416749383,
            86.10071416749383,
            86.10071416749383,
            86.10071416749383,
            86.10071416749383,
            86.10071416749383
        ],
        "e_nuclear": [
            -1614.7277884993607,
            -1600.9055219750626,
            -1605.5973550670865,
            -1606.6474498626721,
            -1606.7352630372468,
            -1606.670102766812,
            -1606.653757117088,
            -1606.6697253788743,
            -1606.6856073902632,
            -1606.6937946668463,
            -1606.696783293871,
            -1606.6968340521933,
            -1606.695557412069,
            -1606.703451770953
        ],
        "e_pcm": [
            0.0,
            0.0,
            0.0,
            0.0,
            0.0,
            0.0,
            0.0,
            0.0,
            0.0,
            0.0,
            0.0,
            0.0,
            0.0,
            0.0
        ],
        "e_tot": [
            -598.2939350727285,
            -598.529614147481,
            -598.6110920098299,
            -598.6219962394111,
            -598.6256365134553,
            -598.6274914933518,
            -598.62853642123,
            -598.6287788389283,
            -598.6288226046406,
            -598.6288449253989,
            -598.628850105845,
            -598.6284092036499,
            -598.6314120349153,
            -598.6314215999381
        ],
        "e_xc": [
            -44.56721096166834,
            -43.63196267990932,
            -43.97124178006539,
            -44.05928230204674,
            -44.07134389741739,
            -44.07185981423607,
            -44.07402644471348,
            -44.07582830097312,
            -44.076503996461255,
            -44.07654974212843,
            -44.07654151064514,
            -44.07654512284965,
            -44.07693439578149,
            -44.07746617524409
        ],
        "iterations": 14
    },
    "scf_eigenvalues_a": {
        "dims": [
            18
        ],
        "size": 18,
        "vals": [
            -104.60466119308893,
            -25.912717111098722,
            -11.134259242469238,
            -10.329409492435218,
            -7.801059269463149,
            -7.798003004021922,
            -7.800131319020018,
            -1.1244346279536792,
            -0.7511194061572617,
            -0.5540356767473631,
            -0.5540364597898422,
            -0.5540359753967863,
            -0.31990891137627653,
            -0.2748394468979183,
            -0.27483848652084975,
            -0.394822527880931,
            -0.25436564710000154,
            -0.2543655831945122
        ]
    },
    "time": "2024-05-03 15:09:23",
    "wall_time": 97.22950196266174
}