{
    "calcinfo_nalpha": 10,
    "calcinfo_natom": 7,
    "calcinfo_nbeta": 9,
    "calcinfo_nmo": 19,
    "molecule": {
        "geometry": [
            [
                0.07420799229210404,
                0.6202486931031364,
                -0.9156456050988843
            ],
            [
                -0.2245045099981023,
                -0.22844697772519865,
                1.541840396014045
            ],
            [
                1.2532106304442439,
                -1.1473402172534826,
                2.038050060721122
            ],
            [
                1.9141004020526002,
                1.4422108096571515,
                -1.3370996035089038
            ],
            [
                -1.494519847605512,
                1.8355309698384092,
                -1.426469174188314
            ],
            [
                -0.10173294957190282,
                -1.2851690332654597,
                -2.503720191551725
            ],
            [
                -0.22027010908723535,
                -2.7391488657938465,
                -3.611610628991238
            ]
        ],
        "symbols": [
            "C",
            "O",
            "H",
            "H",
            "H",
            "H",
            "H"
        ]
    },
    "parameters": {
        "charge": 0.0,
        "conv_only_dens": false,
        "dconv": 0.0001,
        "derivatives": false,
        "dipole": false,
        "econv": 1e-05,
        "ginitial_hessian": false,
        "gmaxiter": 20,
        "gopt": false,
        "gprec": 0.0001,
        "gtest": false,
        "gtol": 0.0001,
        "gval": 1e-05,
        "k": -1,
        "l": 53.612,
        "lo": 0.001329,
        "loadbalparts": 2,
        "maxiter": 25,
        "maxrotn": 0.25,
        "maxsub": 10,
        "nalpha": 10,
        "nbeta": 9,
        "nio": 1,
        "nmo_alpha": 10,
        "nmo_beta": 9,
        "no_compute": false,
        "noiter": false,
        "nopen": 1,
        "npt_plot": 101,
        "nv_factor": 1,
        "nvalpha": 0,
        "nvbeta": 0,
        "orbitalshift": 0.0,
        "plot_cell": [],
        "plotcoul": false,
        "plotdens": false,
        "plothi": -1,
        "plotlo": 0,
        "print_level": 3,
        "protocol": [
            0.0001,
            1e-06
        ],
        "psp_calc": false,
        "pure_ae": true,
        "restart": false,
        "restartao": false,
        "save": true,
        "smear": 0.0,
        "spin_restricted": false,
        "vnucextra": 2
    },
    "precision": {
        "dconv": 0.0001,
        "econv": 1e-05,
        "eprec": 0.0001,
        "k": 8,
        "thresh": 1e-06
    },
    "return_energy": -116.13880544767628,
    "scf_e_data": {
        "e_coulomb": [
            102.68352467112246,
            98.33398410287221,
            100.03611741336795,
            100.07765907215648,
            100.01864655636041,
            99.9976754308378,
            99.99268409813354,
            99.98930703131843,
            99.98888199106136,
            99.98910588090388,
            99.99026835373648,
            99.98828691705917,
            99.98920224339963,
            99.98977037998998,
            99.98979677372174,
            99.99051280626414,
            99.99056803596523,
            99.99057999303433,
            99.9906250736287,
            99.99060717644848,
            99.9904229894914,
            99.99075306392206,
            99.99062590031434,
            99.99078718033059,
            99.99077572574505,
            99.99061765207621,
            99.99057249787118,
            99.99278828583402
        ],
        "e_kinetic": [
            117.15158609922544,
            114.32439079516843,
            115.5672491437327,
            115.7164810763768,
            115.7244514164328,
            115.72207217497495,
            115.72399985284542,
            115.72237417566772,
            115.72228272499349,
            115.72253638649607,
            115.7233831578049,
            115.72227852174765,
            115.72287291836531,
            115.72332906405829,
            115.72320503618135,
            115.7235058441999,
            115.72340603562546,
            115.72337389680814,
            115.72336285911541,
            115.72331300499187,
            115.72323625199024,
            115.72337754722639,
            115.7233228045715,
            115.72336962151437,
            115.72336416644514,
            115.72397646670417,
            115.7224494733235,
            115.7248086204113
        ],
        "e_local": [
            0.0,
            0.0,
            0.0,
            0.0,
            0.0,
            0.0,
            0.0,
            0.0,
            0.0,
            0.0,
            0.0,
            0.0,
            0.0,
            0.0,
            0.0,
            0.0,
            0.0,
            0.0,
            0.0,
            0.0,
            0.0,
            0.0,
            0.0,
            0.0,
            0.0,
            0.0,
            0.0,
            0.0
        ],
        "e_nrep": [
            44.04861231157512,
            44.04861231157512,
            44.04861231157512,
            44.04861231157512,
            44.04861231157512,
            44.04861231157512,
            44.04861231157512,
            44.04861231157512,
            44.04861231157512,
            44.04861231157512,
            44.04861231157512,
            44.04861231157512,
            44.04861231157512,
            44.04861231157512,
            44.04861231157512,
            44.04861231157512,
            44.04861231157512,
            44.04861231157512,
            44.04861231157512,
            44.04861231157512,
            44.04861231157512,
            44.04861231157512,
            44.04861231157512,
            44.04861231157512,
            44.04861231157512,
            44.04861231157512,
            44.04861231157512,
            44.04861231157512
        ],
        "e_nuclear": [
            -363.9238140142703,
            -357.3549724750353,
            -360.14503073107136,
            -360.3262677915633,
            -360.2780790874831,
            -360.25508089553614,
            -360.25178179460653,
            -360.2470844813405,
            -360.24661030426995,
            -360.246995180815,
            -360.24884733521503,
            -360.2459666446646,
            -360.2473938122879,
            -360.24835149582077,
            -360.24827124097885,
            -360.24922556502906,
            -360.24918583507997,
            -360.2491740652478,
            -360.24921142843675,
            -360.24915330561896,
            -360.2489182222951,
            -360.249356190139,
            -360.24918729771116,
            -360.2493835666771,
            -360.2493682483712,
            -360.2493693455408,
            -360.2492851437115,
            -360.25356551972294
        ],
        "e_pcm": [
            0.0,
            0.0,
            0.0,
            0.0,
            0.0,
            0.0,
            0.0,
            0.0,
            0.0,
            0.0,
            0.0,
            0.0,
            0.0,
            0.0,
            0.0,
            0.0,
            0.0,
            0.0,
            0.0,
            0.0,
            0.0,
            0.0,
            0.0,
            0.0,
            0.0,
            0.0,
            0.0,
            0.0
        ],