{
    "calcinfo_nalpha": 12,
    "calcinfo_natom": 4,
    "calcinfo_nbeta": 11,
    "calcinfo_nmo": 23,
    "molecule": {
        "geometry": [
            [
                2.8510510059776437,
                2.3477000430282473,
                0.0
            ],
            [
                1.9964981735864484,
                -0.20205759440637608,
                0.0
            ],
            [
                -0.3224942891093397,
                -0.36319507405709706,
                0.0
            ],
            [
                -2.3665109101291217,
                0.25873231866034857,
                0.0
            ]
        ],
        "symbols": [
            "H",
            "O",
            "N",
            "N"
        ]
    },
    "parameters": {
        "charge": 0.0,
        "conv_only_dens": false,
        "dconv": 0.0001,
        "derivatives": false,
        "dipole": false,
        "econv": 1e-05,
        "ginitial_hessian": false,
        "gmaxiter": 20,
        "gopt": false,
        "gprec": 0.0001,
        "gtest": false,
        "gtol": 0.0001,
        "gval": 1e-05,
        "k": -1,
        "l": 52.851,
        "lo": 0.001329,
        "loadbalparts": 2,
        "maxiter": 25,
        "maxrotn": 0.25,
        "maxsub": 10,
        "nalpha": 12,
        "nbeta": 11,
        "nio": 1,
        "nmo_alpha": 12,
        "nmo_beta": 11,
        "no_compute": false,
        "noiter": false,
        "nopen": 1,
        "npt_plot": 101,
        "nv_factor": 1,
        "nvalpha": 0,
        "nvbeta": 0,
        "orbitalshift": 0.0,
        "plot_cell": [],
        "plotcoul": false,
        "plotdens": false,
        "plothi": -1,
        "plotlo": 0,
        "print_level": 3,
        "protocol": [
            0.0001,
            1e-06
        ],
        "psp_calc": false,
        "pure_ae": true,
        "restart": false,
        "restartao": false,
        "save": true,
        "smear": 0.0,
        "spin_restricted": false,
        "vnucextra": 2
    },
    "precision": {
        "dconv": 0.0001,
        "econv": 1e-05,
        "eprec": 0.0001,
        "k": 8,
        "thresh": 1e-06
    },
    "return_energy": -185.0656737102372,
    "scf_e_data": {
        "e_coulomb": [
            153.19404731269435,
            152.54566527915165,
            153.15876423436424,
            153.11344754436743,
            153.11386240599515,
            153.09271129819825,
            153.07002318760533,
            153.0582505221615,
            153.07191575840528,
            153.0703540301674,
            153.07065323901242,
            153.06405995180333,
            153.04763400705644,
            153.01851916566045,
            153.051248446855,
            153.02275241756757,
            153.0185032388838,
            153.01904095616803,
            153.01132152573425,
            153.01394270249443,
            153.00283940417262,
            153.0094838830966,
            153.0031210486366,
            152.9956215728644,
            152.9844719837131,
            152.98426195982552,
            152.9991240656025,
            152.9971876920787
        ],
        "e_kinetic": [
            184.43981921562886,
            183.76763540862197,
            184.37696128034537,
            184.50027593770443,
            184.54664077369745,
            184.548555644046,
            184.54174048223229,
            184.5411508178706,
            184.5428484079306,
            184.54356439393297,
            184.54314418677885,
            184.54266635692738,
            184.53907654850372,
            184.53970737726524,
            184.5357940021611,
            184.5427448074555,
            184.53830568250618,
            184.54240270202754,
            184.53943950590906,
            184.5399011235889,
            184.5354553889165,
            184.54088667290915,
            184.5380139629509,
            184.5352334268838,
            184.53005166647765,
            184.5309374431293,
            184.532220972373,
            184.52967628885568
        ],
        "e_local": [
            0.0,
            0.0,
            0.0,
            0.0,
            0.0,
            0.0,
            0.0,
            0.0,
            0.0,
            0.0,
            0.0,
            0.0,
            0.0,
            0.0,
            0.0,
            0.0,
            0.0,
            0.0,
            0.0,
            0.0,
            0.0,
            0.0,
            0.0,
            0.0,
            0.0,
            0.0,
            0.0,
            0.0
        ],
        "e_nrep": [
            65.68637624404778,
            65.68637624404778,
            65.68637624404778,
            65.68637624404778,
            65.68637624404778,
            65.68637624404778,
            65.68637624404778,
            65.68637624404778,
            65.68637624404778,
            65.68637624404778,
            65.68637624404778,
            65.68637624404778,
            65.68637624404778,
            65.68637624404778,
            65.68637624404778,
            65.68637624404778,
            65.68637624404778,
            65.68637624404778,
            65.68637624404778,
            65.68637624404778,
            65.68637624404778,
            65.68637624404778,
            65.68637624404778,
            65.68637624404778,
            65.68637624404778,
            65.68637624404778,
            65.68637624404778,
            65.68637624404778
        ],
        "e_nuclear": [
            -565.6638474599216,
            -564.7010134588977,
            -565.8734888722556,
            -565.9589602958122,
            -566.0055625956818,
            -565.9872195715695,
            -565.9587770098786,
            -565.9464808374166,
            -565.9617121654769,
            -565.9607474578249,
            -565.9606990825807,
            -565.9536737355913,
            -565.9341314064764,
            -565.9052181205067,
            -565.9346260839635,
            -565.9125354271697,
            -565.9044786561484,
            -565.9084179537707,
            -565.898134088877,
            -565.9011421809295,
            -565.886261547292,
            -565.8975945007832,
            -565.8888652160463,
            -565.8790694663664,
            -565.8634803146178,
            -565.8634942731186,
            -565.8809755750779,
            -565.8768138621043
        ],
        "e_pcm": [
            0.0,
            0.0,
            0.0,
            0.0,
            0.0,
            0.0,
            0.0,
            0.0,
            0.0,
            0.0,
            0.0,
            0.0,
            0.0,
            0.0,
            0.0,
            0.0,
            0.0,
            0.0,
            0.0,
            0.0,
            0.0,
            0.0,
            0.0,
            0.0,
            0.0,
            0.0,
            0.0,
            0.0
        ],
        "e_tot": [
            -184.82042257778295,
            -185.02782766418684,
            -185.05325812420966,
            -185.05934355381723,
            -185.06110817039547,
            -185.06220182833255,
            -185.06291071411897,
            -185.0633371288225,
            -185.06286623970615,
            -185.06299189451812,
            -185.06295988590367,
            -185.06316139128842,
            -185.06355002635962,
            -185.06331848530053,
            -185.06225757689873,
            -185.0639104752907,
            -185.06392765565138,
            -185.06391909363109,
            -185.06388063856284,
            -185.06390399283887,
            -185.06393814536858,
            -185.0639399695253,
            -185.06398779125462,
            -185.0639741745092,
            -185.06396102297813,
            -185.06329237334998,
            -185.06566547347154,
            -185.0656737102372
        ],