{
    "calcinfo_nalpha": 14,
    "calcinfo_natom": 7,
    "calcinfo_nbeta": 14,
    "calcinfo_nmo": 28,
    "molecule": {
        "geometry": [
            [
                -6.440976044229901e-05,
                -0.7360817659593212,
                2.4528600658552953
            ],
            [
                0.00010134016961497009,
                1.3757607905143023,
                0.9018201235674467
            ],
            [
                -0.016325937911620382,
                -0.15161494773295295,
                4.444489979465292
            ],
            [
                -1.6593698549288127,
                -1.9574195115004818,
                2.1559003574585156
            ],
            [
                1.674980391987121,
                -1.9417184148676827,
                2.1791906692638467
            ],
            [
                0.00045889421236968125,
                0.7013910132748922,
                -0.9648577574447201
            ],
            [
                -1.863957259147801e-05,
                -0.36002598528136287,
                -3.3051605147126972
            ]
        ],
        "symbols": [
            "C",
            "O",
            "H",
            "H",
            "H",
            "H",
            "F"
        ]
    },
    "parameters": {
        "charge": -1.0,
        "conv_only_dens": false,
        "dconv": 0.0001,
        "derivatives": false,
        "dipole": false,
        "econv": 1e-05,
        "ginitial_hessian": false,
        "gmaxiter": 20,
        "gopt": false,
        "gprec": 0.0001,
        "gtest": false,
        "gtol": 0.0001,
        "gval": 1e-05,
        "k": -1,
        "l": 54.444,
        "lo": 0.0010921,
        "loadbalparts": 2,
        "maxiter": 25,
        "maxrotn": 0.25,
        "maxsub": 10,
        "nalpha": 14,
        "nbeta": 14,
        "nio": 1,
        "nmo_alpha": 14,
        "nmo_beta": 14,
        "no_compute": false,
        "noiter": true,
        "nopen": 0,
        "npt_plot": 101,
        "nv_factor": 1,
        "nvalpha": 0,
        "nvbeta": 0,
        "orbitalshift": 0.0,
        "plot_cell": [],
        "plotcoul": false,
        "plotdens": false,
        "plothi": -1,
        "plotlo": 0,
        "print_level": 3,
        "protocol": [
            1e-06
        ],
        "psp_calc": false,
        "pure_ae": true,
        "restart": true,
        "restartao": false,
        "save": true,
        "smear": 0.0,
        "spin_restricted": true,
        "vnucextra": 2
    },
    "precision": {
        "dconv": 0.0001,
        "econv": 1e-05,
        "eprec": 0.0001,
        "k": 8,
        "thresh": 1e-06
    },
    "return_energy": -215.46287157613534,
    "scf_e_data": {
        "e_coulomb": [
            187.0575766975572
        ],
        "e_kinetic": [
            214.50041701583456
        ],
        "e_local": [
            0.0
        ],
        "e_nrep": [
            73.17392323370335
        ],
        "e_nuclear": [
            -664.1755981527028
        ],
        "e_pcm": [
            0.0
        ],
        "e_tot": [
            -215.46287157613534
        ],
        "e_xc": [
            -26.019190370527593
        ],
        "iterations": 1
    },
    "scf_eigenvalues_a": {
        "dims": [
            14
        ],
        "size": 14,
        "vals": [
            -25.904360461874603,
            -20.31049845648013,
            -11.080392625466033,
            -0.8836854190448009,
            -0.7482050748056839,
            -0.48879225236628154,
            -0.6768141455010834,
            -0.4887661410011954,
            -0.4945103078386025,
            -0.5740765242230443,
            -0.267900732245387,
            -0.268066846553471,
            -0.48115405635684994,
            -0.26998740976517777
        ]
    },
    "time": "2024-05-03 15:24:45",
    "wall_time": 6.3354339599609375
}