{
    "calcinfo_nalpha": 2,
    "calcinfo_natom": 3,
    "calcinfo_nbeta": 1,
    "calcinfo_nmo": 3,
    "molecule": {
        "geometry": [
            [
                0.0,
                0.0,
                0.0
            ],
            [
                0.0,
                0.0,
                1.756450136007548
            ],
            [
                0.0,
                0.0,
                -1.756450136007548
            ]
        ],
        "symbols": [
            "H",
            "H",
            "H"
        ]
    },
    "parameters": {
        "charge": 0.0,
        "conv_only_dens": false,
        "dconv": 0.0001,
        "derivatives": false,
        "dipole": false,
        "econv": 1e-05,
        "ginitial_hessian": false,
        "gmaxiter": 20,
        "gopt": false,
        "gprec": 0.0001,
        "gtest": false,
        "gtol": 0.0001,
        "gval": 1e-05,
        "k": -1,
        "l": 51.756,
        "lo": 0.042529,
        "loadbalparts": 2,
        "maxiter": 25,
        "maxrotn": 0.25,
        "maxsub": 10,
        "nalpha": 2,
        "nbeta": 1,
        "nio": 1,
        "nmo_alpha": 2,
        "nmo_beta": 1,
        "no_compute": false,
        "noiter": false,
        "nopen": 1,
        "npt_plot": 101,
        "nv_factor": 1,
        "nvalpha": 0,
        "nvbeta": 0,
        "orbitalshift": 0.0,
        "plot_cell": [],
        "plotcoul": false,
        "plotdens": false,
        "plothi": -1,
        "plotlo": 0,
        "print_level": 3,
        "protocol": [
            0.0001,
            1e-06
        ],
        "psp_calc": false,
        "pure_ae": true,
        "restart": false,
        "restartao": false,
        "save": true,
        "smear": 0.0,
        "spin_restricted": false,
        "vnucextra": 2
    },
    "precision": {
        "dconv": 0.0001,
        "econv": 1e-05,
        "eprec": 0.0001,
        "k": 8,
        "thresh": 1e-06
    },
    "return_energy": -1.6605342680901953,
    "scf_e_data": {
        "e_coulomb": [
            2.2849796887864966,
            2.2717703791682764,
            2.273133929425543,
            2.2713699240079825,
            2.271275289604976,
            2.271446137897098,
            2.2714920009127493,
            2.2714874208228055,
            2.27147254445036
        ],
        "e_kinetic": [
            1.6374174047898384,
            1.6130519775467036,
            1.6154108140782122,
            1.6143590923354116,
            1.6151358677412941,
            1.6157543955379685,
            1.6158204422184452,
            1.6158368744766738,
            1.6156266366059733
        ],
        "e_local": [
            0.0,
            0.0,
            0.0,
            0.0,
            0.0,
            0.0,
            0.0,
            0.0,
            0.0
        ],
        "e_nrep": [
            1.423325347386495,
            1.423325347386495,
            1.423325347386495,
            1.423325347386495,
            1.423325347386495,
            1.423325347386495,
            1.423325347386495,
            1.423325347386495,
            1.423325347386495
        ],
        "e_nuclear": [
            -6.003519061542728,
            -5.978148484214151,
            -5.9810764961239204,
            -5.9785539937125955,
            -5.9788957344780105,
            -5.979415943602466,
            -5.979479312344621,
            -5.979474043372299,
            -5.979445222784373
        ],
        "e_pcm": [
            0.0,
            0.0,
            0.0,
            0.0,
            0.0,
            0.0,
            0.0,
            0.0,
            0.0
        ],
        "e_tot": [
            -1.6501327869900908,
            -1.6589053640853562,
            -1.6599891212460924,
            -1.6602130628394132,
            -1.66032109159399,
            -1.6603602729746834,
            -1.6603668273855081,
            -1.6603506966130135,
            -1.6605342680901953
        ],
        "e_xc": [
            -0.9923361664101928,
            -0.9889045839726807,
            -0.9907827160124218,
            -0.9907134328567071,
            -0.9911618618487452,
            -0.9914702101937791,
            -0.9915253055585767,
            -0.9915262959266888,
            -0.9915135737486502
        ],
        "iterations": 9
    },
    "scf_eigenvalues_a": {
        "dims": [
            2
        ],
        "size": 2,
        "vals": [
            -0.3389357032987099,
            -0.3389353125057478
        ]
    },
    "scf_eigenvalues_b": {
        "dims": [
            1
        ],
        "size": 1,
        "vals": [
            -0.4131230177132509
        ]
    },
    "time": "2024-05-03 22:08:23",
    "wall_time": 10.730560779571533
}