{
    "calcinfo_nalpha": 13,
    "calcinfo_natom": 10,
    "calcinfo_nbeta": 12,
    "calcinfo_nmo": 25,
    "molecule": {
        "geometry": [
            [
                -2.283620645696716,
                -0.5427086784109397,
                9.083635279228087e-05
            ],
            [
                0.12351006105002901,
                1.088731163851896,
                -0.00012383610737259996
            ],
            [
                2.484589692285915,
                -0.4526222607592667,
                1.3687482659094744e-05
            ],
            [
                -2.345868727731968,
                -1.7543833605745898,
                1.6652917868034744
            ],
            [
                -2.34588186695567,
                -1.7547961993857135,
                -1.6648084486836243
            ],
            [
                -3.971961126530906,
                0.6401019128168526,
                -5.433750056237113e-05
            ],
            [
                0.09113592988432183,
                2.318384929223724,
                -1.6574961146559086
            ],
            [
                0.09120124772370093,
                2.3187875417848773,
                1.6569441311802657
            ],
            [
                3.2675906044667773,
                -1.1636103609549793,
                1.7469845554784065
            ],
            [
                3.266909293308374,
                -1.164885811000309,
                -1.746745698990524
            ]
        ],
        "symbols": [
            "C",
            "C",
            "C",
            "H",
            "H",
            "H",
            "H",
            "H",
            "H",
            "H"
        ]
    },
    "parameters": {
        "charge": 0.0,
        "conv_only_dens": false,
        "dconv": 0.0001,
        "derivatives": false,
        "dipole": false,
        "econv": 1e-05,
        "ginitial_hessian": false,
        "gmaxiter": 20,
        "gopt": false,
        "gprec": 0.0001,
        "gtest": false,
        "gtol": 0.0001,
        "gval": 1e-05,
        "k": -1,
        "l": 53.972,
        "lo": 0.0021467,
        "loadbalparts": 2,
        "maxiter": 25,
        "maxrotn": 0.25,
        "maxsub": 10,
        "nalpha": 13,
        "nbeta": 12,
        "nio": 1,
        "nmo_alpha": 13,
        "nmo_beta": 12,
        "no_compute": false,
        "noiter": false,
        "nopen": 1,
        "npt_plot": 101,
        "nv_factor": 1,
        "nvalpha": 0,
        "nvbeta": 0,
        "orbitalshift": 0.0,
        "plot_cell": [],
        "plotcoul": false,
        "plotdens": false,
        "plothi": -1,
        "plotlo": 0,
        "print_level": 3,
        "protocol": [
            0.0001,
            1e-06
        ],
        "psp_calc": false,
        "pure_ae": true,
        "restart": false,
        "restartao": false,
        "save": true,
        "smear": 0.0,
        "spin_restricted": false,
        "vnucextra": 2
    },
    "precision": {
        "dconv": 0.0001,
        "econv": 1e-05,
        "eprec": 0.0001,
        "k": 8,
        "thresh": 1e-06
    },
    "return_energy": -117.6843827372007,
    "scf_e_data": {
        "e_coulomb": [
            136.52694643272287,
            131.7966684859542,
            132.1797305606969,
            132.061503665642,
            131.97367759001486,
            131.96164292175231,
            131.97519103450782,
            131.98021828051256,
            131.97905911826814,
            131.97879123403246,
            131.98216411588243,
            131.9842175123324
        ],
        "e_kinetic": [
            119.71667628627935,
            117.26734446386145,
            117.52299493815515,
            117.5720430006356,
            117.5817633980423,
            117.58980632327359,
            117.5984426199883,
            117.60024708155322,
            117.59831844736661,
            117.59921138015343,
            117.6039420205164,
            117.60752454300555
        ],
        "e_local": [
            0.0,
            0.0,
            0.0,
            0.0,
            0.0,
            0.0,
            0.0,
            0.0,
            0.0,
            0.0,
            0.0,
            0.0
        ],
        "e_nrep": [
            75.86161481971936,
            75.86161481971936,
            75.86161481971936,
            75.86161481971936,
            75.86161481971936,
            75.86161481971936,
            75.86161481971936,
            75.86161481971936,
            75.86161481971936,
            75.86161481971936,
            75.86161481971936,
            75.86161481971936
        ],
        "e_nuclear": [
            -431.1683235466543,
            -424.6183601106995,
            -425.2032696020605,
            -425.11324792711423,
            -425.02701021815614,
            -425.02047247600035,
            -425.0411692872092,
            -425.0476265343545,
            -425.0447190806896,
            -425.0447234775852,
            -425.05448780904004,
            -425.0597342010158
        ],
        "e_pcm": [
            0.0,
            0.0,
            0.0,
            0.0,
            0.0,
            0.0,
            0.0,
            0.0,
            0.0,
            0.0,
            0.0,
            0.0
        ],
        "e_tot": [
            -117.3971965584181,
            -117.65180824233232,
            -117.6721932103261,
            -117.68032015368101,
            -117.68197970866939,
            -117.68235261109609,
            -117.68247577817459,
            -117.6825004921717,
            -117.68257156408256,
            -117.68196745669036,
            -117.68437906828373,
            -117.6843827372007
        ],
        "e_xc": [
            -18.33411055048545,
            -17.95907590116782,
            -18.033263926836966,
            -18.062233712563774,
            -18.072025298289777,
            -18.074944199841006,
            -18.076554965180883,
            -18.076954139602343,
            -18.07684486874703,
            -18.0768614130104,
            -18.077612215361885,
            -18.078005411242234
        ],
        "iterations": 12
    },
    "scf_eigenvalues_a": {
        "dims": [
            13
        ],
        "size": 13,
        "vals": [
            -11.205291837803081,
            -11.212441229683108,
            -11.219135682298237,
            -0.7375958089528238,
            -0.6498677354851599,
            -0.6991036812810751,
            -0.6525291704909519,
            -0.649916485779762,
            -0.6734370154717089,
            -0.6991056189999647,
            -0.6498675465203798,
            -0.6525293418664494,
            -0.3818284953725257
        ]
    },
    "scf_eigenvalues_b": {
        "dims": [
            12
        ],
        "size": 12,
        "vals": [
            -11.202479131424585,
            -11.216019721559139,
            -11.195401321686965,
            -0.7065312955216463,
            -0.6484070418881365,
            -0.6593637762332837,
            -0.6529869771345433,
            -0.6489547889698841,
            -0.666229169840151,
            -0.6593647152991006,
            -0.6484065405854611,
            -0.6529913249755556
        ]
    },
    "time": "2024-05-02 14:30:15",
    "wall_time": 99.39335989952087
}