{
    "calcinfo_nalpha": 6,
    "calcinfo_natom": 6,
    "calcinfo_nbeta": 5,
    "calcinfo_nmo": 11,
    "molecule": {
        "geometry": [
            [
                -1.739420302475064e-05,
                0.5004243141231279,
                0.0
            ],
            [
                -1.990723860228146,
                0.9762931219361861,
                0.0
            ],
            [
                0.9951473397820643,
                0.9770704432880682,
                1.72390013249191
            ],
            [
                0.9951473397820643,
                0.9770704432880682,
                -1.72390013249191
            ],
            [
                0.0005634756990591974,
                -2.112279876145002,
                0.0
            ],
            [
                -2.992981689312527e-05,
                -3.8207000171060876,
                0.0
            ]
        ],
        "symbols": [
            "C",
            "H",
            "H",
            "H",
            "H",
            "H"
        ]
    },
    "parameters": {
        "charge": 0.0,
        "conv_only_dens": false,
        "dconv": 0.0001,
        "derivatives": false,
        "dipole": false,
        "econv": 1e-05,
        "ginitial_hessian": false,
        "gmaxiter": 20,
        "gopt": false,
        "gprec": 0.0001,
        "gtest": false,
        "gtol": 0.0001,
        "gval": 1e-05,
        "k": -1,
        "l": 53.821,
        "lo": 0.0021467,
        "loadbalparts": 2,
        "maxiter": 25,
        "maxrotn": 0.25,
        "maxsub": 10,
        "nalpha": 6,
        "nbeta": 5,
        "nio": 1,
        "nmo_alpha": 6,
        "nmo_beta": 5,
        "no_compute": false,
        "noiter": false,
        "nopen": 1,
        "npt_plot": 101,
        "nv_factor": 1,
        "nvalpha": 0,
        "nvbeta": 0,
        "orbitalshift": 0.0,
        "plot_cell": [],
        "plotcoul": false,
        "plotdens": false,
        "plothi": -1,
        "plotlo": 0,
        "print_level": 3,
        "protocol": [
            0.0001,
            1e-06
        ],
        "psp_calc": false,
        "pure_ae": true,
        "restart": false,
        "restartao": false,
        "save": true,
        "smear": 0.0,
        "spin_restricted": false,
        "vnucextra": 2
    },
    "precision": {
        "dconv": 0.0001,
        "econv": 1e-05,
        "eprec": 0.0001,
        "k": 8,
        "thresh": 1e-06
    },
    "return_energy": -40.67913922349403,
    "scf_e_data": {
        "e_coulomb": [
            36.55908550152465,
            34.70110014840842,
            34.82228053479387,
            34.7664648907147,
            34.71866647527054,
            34.71271800329307,
            34.71878071234025,
            34.72014930682173,
            34.71817527251326,
            34.71883054220718,
            34.71914884086527,
            34.71909204526608,
            34.71939879502839
        ],
        "e_kinetic": [
            41.64372272683491,
            40.469896488621835,
            40.59109123105034,
            40.629025847080165,
            40.64423086398028,
            40.650866385139366,
            40.65618687450194,
            40.65689315043002,
            40.65574902438157,
            40.65694776237656,
            40.657717993770554,
            40.65796848794542,
            40.65943342168424
        ],
        "e_local": [
            0.0,
            0.0,
            0.0,
            0.0,
            0.0,
            0.0,
            0.0,
            0.0,
            0.0,
            0.0,
            0.0,
            0.0,
            0.0
        ],
        "e_nrep": [
            15.328619009639162,
            15.328619009639162,
            15.328619009639162,
            15.328619009639162,
            15.328619009639162,
            15.328619009639162,
            15.328619009639162,
            15.328619009639162,
            15.328619009639162,
            15.328619009639162,
            15.328619009639162,
            15.328619009639162,
            15.328619009639162
        ],
        "e_nuclear": [
            -127.08130553504625,
            -124.35833618226691,
            -124.57392256486641,
            -124.54149434073528,
            -124.5004021058675,
            -124.49887359510772,
            -124.50930772332774,
            -124.51144239875308,
            -124.50849419901162,
            -124.51005565246417,
            -124.51099506387915,
            -124.51100115223443,
            -124.5133720799519
        ],
        "e_pcm": [
            0.0,
            0.0,
            0.0,
            0.0,
            0.0,
            0.0,
            0.0,
            0.0,
            0.0,
            0.0,
            0.0,
            0.0,
            0.0
        ],
        "e_tot": [
            -40.53377808663819,
            -40.65900784121382,
            -40.67005919928858,
            -40.676181221543594,
            -40.67794986204162,
            -40.678331885495425,
            -40.67845752761984,
            -40.67850080900444,
            -40.67853058632451,
            -40.67855371697733,
            -40.678550184775496,
            -40.67836308176475,
            -40.67913922349403
        ],
        "e_xc": [
            -6.983899789590656,
            -6.800287305616337,
            -6.838127409905543,
            -6.858796628242333,
            -6.869064105064114,
            -6.8716616884593,
            -6.872736400773457,
            -6.872719877142278,
            -6.8725796938468715,
            -6.872895378736063,
            -6.873040965171345,
            -6.873041472380994,
            -6.873218369893918
        ],
        "iterations": 13
    },
    "scf_eigenvalues_a": {
        "dims": [
            6
        ],
        "size": 6,
        "vals": [
            -11.236092233776567,
            -0.6952877622888125,
            -0.6952877668754607,
            -0.6952862334652112,
            -0.5372247534124269,
            -0.4999322516190765
        ]
    },
    "scf_eigenvalues_b": {
        "dims": [
            5
        ],
        "size": 5,
        "vals": [
            -11.21584739701759,
            -0.6726883655530254,
            -0.6726883744217288,
            -0.6726880498313865,
            -0.568554618859734
        ]
    },
    "time": "2024-05-02 15:23:17",
    "wall_time": 37.28364396095276
}