{
    "calcinfo_nalpha": 5,
    "calcinfo_natom": 2,
    "calcinfo_nbeta": 5,
    "calcinfo_nmo": 10,
    "molecule": {
        "geometry": [
            [
                0.0,
                0.0,
                0.1729822118452624
            ],
            [
                0.0,
                0.0,
                -1.556839906607362
            ]
        ],
        "symbols": [
            "F",
            "H"
        ]
    },
    "parameters": {
        "charge": 0.0,
        "conv_only_dens": false,
        "dconv": 0.0001,
        "derivatives": false,
        "dipole": false,
        "econv": 1e-05,
        "ginitial_hessian": false,
        "gmaxiter": 20,
        "gopt": false,
        "gprec": 0.0001,
        "gtest": false,
        "gtol": 0.0001,
        "gval": 1e-05,
        "k": -1,
        "l": 51.557,
        "lo": 0.0010921,
        "loadbalparts": 2,
        "maxiter": 25,
        "maxrotn": 0.25,
        "maxsub": 10,
        "nalpha": 5,
        "nbeta": 5,
        "nio": 1,
        "nmo_alpha": 5,
        "nmo_beta": 5,
        "no_compute": false,
        "noiter": false,
        "nopen": 0,
        "npt_plot": 101,
        "nv_factor": 1,
        "nvalpha": 0,
        "nvbeta": 0,
        "orbitalshift": 0.0,
        "plot_cell": [],
        "plotcoul": false,
        "plotdens": false,
        "plothi": -1,
        "plotlo": 0,
        "print_level": 3,
        "protocol": [
            0.0001,
            1e-06
        ],
        "psp_calc": false,
        "pure_ae": true,
        "restart": false,
        "restartao": false,
        "save": true,
        "smear": 0.0,
        "spin_restricted": true,
        "vnucextra": 2
    },
    "precision": {
        "dconv": 0.0001,
        "econv": 1e-05,
        "eprec": 0.0001,
        "k": 8,
        "thresh": 1e-06
    },
    "return_energy": -100.40230430173375,
    "scf_e_data": {
        "e_coulomb": [
            57.38863472107737,
            53.69483737496737,
            55.518639174570474,
            55.54587553971217,
            55.56590356495445,
            55.55513777429103,
            55.55774633743742,
            55.55708131409145,
            55.55703029228464,
            55.55625819658138
        ],
        "e_kinetic": [
            101.27269369878199,
            98.30901256860209,
            99.98253146943816,
            100.07295793976412,
            100.12937950047062,
            100.136684058615,
            100.14003057291963,
            100.13790965332042,
            100.13809231818524,
            100.14149686596504
        ],
        "e_local": [
            0.0,
            0.0,
            0.0,
            0.0,
            0.0,
            0.0,
            0.0,
            0.0,
            0.0,
            0.0
        ],
        "e_nrep": [
            5.202847104331606,
            5.202847104331606,
            5.202847104331606,
            5.202847104331606,
            5.202847104331606,
            5.202847104331606,
            5.202847104331606,
            5.202847104331606,
            5.202847104331606,
            5.202847104331606
        ],
        "e_nuclear": [
            -253.1920783121226,
            -247.08618555305094,
            -250.39235034275816,
            -250.50710940910824,
            -250.5802429506444,
            -250.57745508294823,
            -250.58285440971054,
            -250.58009746997504,
            -250.58011058839224,
            -250.5831023101369
        ],
        "e_pcm": [
            0.0,
            0.0,
            0.0,
            0.0,
            0.0,
            0.0,
            0.0,
            0.0,
            0.0,
            0.0
        ],
        "e_tot": [
            -100.26658371872126,
            -100.35744852155811,
            -100.39955356694583,
            -100.40148872832077,
            -100.40190274924575,
            -100.40199942790373,
            -100.40200895261181,
            -100.40201339063525,
            -100.401894463663,
            -100.40230430173375
        ],
        "e_xc": [
            -10.938680930789676,
            -10.47796001640824,
            -10.7112209725279,
            -10.716059903020454,
            -10.71978996835806,
            -10.719213282193156,
            -10.719778557589919,
            -10.719753992403698,
            -10.719753590072248,
            -10.7198041584749
        ],
        "iterations": 10
    },
    "scf_eigenvalues_a": {
        "dims": [
            5
        ],
        "size": 5,
        "vals": [
            -24.250274520935058,
            -0.870108618134716,
            -0.7335449871998945,
            -0.35481532780528546,
            -0.35481614316199517
        ]
    },
    "time": "2024-05-04 14:18:54",
    "wall_time": 12.344445943832397
}