{
    "calcinfo_nalpha": 14,
    "calcinfo_natom": 6,
    "calcinfo_nbeta": 13,
    "calcinfo_nmo": 27,
    "molecule": {
        "geometry": [
            [
                -4.269702400794938,
                0.026864057775683344,
                0.0
            ],
            [
                -1.171555944516246,
                -0.002948299683340852,
                0.0
            ],
            [
                2.5082905081979257,
                0.002360070669135884,
                0.0
            ],
            [
                3.0430238578142785,
                1.9761122022154871,
                0.0
            ],
            [
                3.0466932752846385,
                -0.9835077946945956,
                1.7088501268024727
            ],
            [
                3.0466932752846385,
                -0.9835077946945956,
                -1.7088501268024727
            ]
        ],
        "symbols": [
            "H",
            "Cl",
            "C",
            "H",
            "H",
            "H"
        ]
    },
    "parameters": {
        "charge": 0.0,
        "conv_only_dens": false,
        "dconv": 0.0001,
        "derivatives": false,
        "dipole": false,
        "econv": 1e-05,
        "ginitial_hessian": false,
        "gmaxiter": 20,
        "gopt": false,
        "gprec": 0.0001,
        "gtest": false,
        "gtol": 0.0001,
        "gval": 1e-05,
        "k": -1,
        "l": 54.27,
        "lo": 0.00037839,
        "loadbalparts": 2,
        "maxiter": 25,
        "maxrotn": 0.25,
        "maxsub": 10,
        "nalpha": 14,
        "nbeta": 13,
        "nio": 1,
        "nmo_alpha": 14,
        "nmo_beta": 13,
        "no_compute": false,
        "noiter": true,
        "nopen": 1,
        "npt_plot": 101,
        "nv_factor": 1,
        "nvalpha": 0,
        "nvbeta": 0,
        "orbitalshift": 0.0,
        "plot_cell": [],
        "plotcoul": false,
        "plotdens": false,
        "plothi": -1,
        "plotlo": 0,
        "print_level": 3,
        "protocol": [
            1e-06
        ],
        "psp_calc": false,
        "pure_ae": true,
        "restart": true,
        "restartao": false,
        "save": true,
        "smear": 0.0,
        "spin_restricted": false,
        "vnucextra": 2
    },
    "precision": {
        "dconv": 0.0001,
        "econv": 1e-05,
        "eprec": 0.0001,
        "k": 8,
        "thresh": 1e-06
    },
    "return_energy": -500.3727949477409,
    "scf_e_data": {
        "e_coulomb": [
            277.4901564938344
        ],
        "e_kinetic": [
            499.61829149133274
        ],
        "e_local": [
            0.0
        ],
        "e_nrep": [
            55.12055126530956
        ],
        "e_nuclear": [
            -1297.7460118025438
        ],
        "e_pcm": [
            0.0
        ],
        "e_tot": [
            -500.3727949477409
        ],
        "e_xc": [
            -34.855782395673735
        ],
        "iterations": 1
    },
    "scf_eigenvalues_a": {
        "dims": [
            14
        ],
        "size": 14,
        "vals": [
            -104.833319012528,
            -11.280065921817535,
            -10.55726705816,
            -8.020595817260865,
            -8.02638436477164,
            -8.024841501920665,
            -0.9910974538007884,
            -0.7164167033481461,
            -0.7164166487545673,
            -0.7164382350050218,
            -0.6046034615746909,
            -0.4677594518672814,
            -0.46771450270137205,
            -0.5056461236555838
        ]
    },
    "scf_eigenvalues_b": {
        "dims": [
            13
        ],
        "size": 13,
        "vals": [
            -104.83510734948266,
            -11.267080513541575,
            -10.559190582266503,
            -8.033158549209091,
            -8.02586635846879,
            -8.024296686266815,
            -0.8722386125800377,
            -0.7037757844141386,
            -0.7037756722758954,
            -0.7037867611188475,
            -0.7839270693892364,
            -0.45892060760529274,
            -0.45878256634940495
        ]
    },
    "time": "2024-05-02 17:23:18",
    "wall_time": 11.27579379081726
}