{
    "calcinfo_nalpha": 5,
    "calcinfo_natom": 1,
    "calcinfo_nbeta": 3,
    "calcinfo_nmo": 8,
    "molecule": {
        "geometry": [
            [
                0.0,
                0.0,
                0.0
            ]
        ],
        "symbols": [
            "O"
        ]
    },
    "parameters": {
        "charge": 0.0,
        "conv_only_dens": false,
        "dconv": 0.0001,
        "derivatives": false,
        "dipole": false,
        "econv": 1e-05,
        "ginitial_hessian": false,
        "gmaxiter": 20,
        "gopt": false,
        "gprec": 0.0001,
        "gtest": false,
        "gtol": 0.0001,
        "gval": 1e-05,
        "k": -1,
        "l": 50.0,
        "lo": 0.001329,
        "loadbalparts": 2,
        "maxiter": 25,
        "maxrotn": 0.25,
        "maxsub": 10,
        "nalpha": 5,
        "nbeta": 3,
        "nio": 1,
        "nmo_alpha": 5,
        "nmo_beta": 3,
        "no_compute": false,
        "noiter": false,
        "nopen": 2,
        "npt_plot": 101,
        "nv_factor": 1,
        "nvalpha": 0,
        "nvbeta": 0,
        "orbitalshift": 0.0,
        "plot_cell": [],
        "plotcoul": false,
        "plotdens": false,
        "plothi": -1,
        "plotlo": 0,
        "print_level": 3,
        "protocol": [
            0.0001,
            1e-06
        ],
        "psp_calc": false,
        "pure_ae": true,
        "restart": false,
        "restartao": false,
        "save": true,
        "smear": 0.0,
        "spin_restricted": false,
        "vnucextra": 2
    },
    "precision": {
        "dconv": 0.0001,
        "econv": 1e-05,
        "eprec": 0.0001,
        "k": 8,
        "thresh": 1e-06
    },
    "return_energy": -74.81888324474995,
    "scf_e_data": {
        "e_coulomb": [
            36.421868569373004,
            36.587139869065155,
            36.63956406826608,
            36.64600017148828,
            36.65365221683102,
            36.65129855115035,
            36.650738542242195,
            36.65070196040782,
            36.65027800503675
        ],
        "e_kinetic": [
            74.31543430317815,
            74.64077724572194,
            74.79288891405558,
            74.81962030205582,
            74.82301968942645,
            74.81913708428263,
            74.81839022487233,
            74.81842115882367,
            74.81783545980807
        ],
        "e_local": [
            0.0,
            0.0,
            0.0,
            0.0,
            0.0,
            0.0,
            0.0,
            0.0,
            0.0
        ],
        "e_nrep": [
            0.0,
            0.0,
            0.0,
            0.0,
            0.0,
            0.0,
            0.0,
            0.0,
            0.0
        ],
        "e_nuclear": [
            -177.34930921629228,
            -177.84295771851004,
            -178.03680732242273,
            -178.06765977866803,
            -178.07744980840477,
            -178.0715631524858,
            -178.07032748209042,
            -178.07033224122216,
            -178.06963218809983
        ],
        "e_pcm": [
            0.0,
            0.0,
            0.0,
            0.0,
            0.0,
            0.0,
            0.0,
            0.0,
            0.0
        ],
        "e_tot": [
            -74.7746581435031,
            -74.81499154340747,
            -74.81815388409338,
            -74.81856619350148,
            -74.81861969272765,
            -74.81862505462658,
            -74.818626411418,
            -74.81862441659183,
            -74.81888324474995
        ],
        "e_xc": [
            -8.162651799761978,
            -8.19995093968452,
            -8.213799543992307,
            -8.216526888377556,
            -8.217841790580348,
            -8.217497537573761,
            -8.217427696442096,
            -8.217415294601146,
            -8.217364521494945
        ],
        "iterations": 9
    },
    "scf_eigenvalues_a": {
        "dims": [
            5
        ],
        "size": 5,
        "vals": [
            -20.706677745048562,
            -1.4190827495638167,
            -0.6116037815362643,
            -0.7110881909971885,
            -0.7110830858057895
        ]
    },
    "scf_eigenvalues_b": {
        "dims": [
            3
        ],
        "size": 3,
        "vals": [
            -20.626943415592994,
            -1.0777890700370012,
            -0.5217017334832144
        ]
    },
    "time": "2024-05-02 15:17:53",
    "wall_time": 22.00924301147461
}