{
    "calcinfo_nalpha": 19,
    "calcinfo_natom": 13,
    "calcinfo_nbeta": 19,
    "calcinfo_nmo": 38,
    "molecule": {
        "geometry": [
            [
                -0.03808773509106596,
                -1.7099275056176182,
                2.455931863095123
            ],
            [
                -0.02534888459087786,
                0.9558585500681634,
                2.278909687918478
            ],
            [
                0.28969703255585155,
                2.2362307744492034,
                -1.5162299899015647e-06
            ],
            [
                -0.025364034981794018,
                0.9558488560236758,
                -2.278910661947076
            ],
            [
                -0.03807269165573686,
                -1.7099214799121654,
                -2.4559385043556112
            ],
            [
                -0.9745265503034038,
                -2.5087127732583543,
                -4.098427973980634
            ],
            [
                1.6500496381060739,
                -2.74839131068883,
                -1.9502776598753984
            ],
            [
                -0.7530641126519393,
                2.051457745117044,
                -3.8496216465999455
            ],
            [
                0.16233720089787662,
                4.276290944662477,
                -5.053780535919442e-06
            ],
            [
                -0.7530200328680589,
                2.05146396947436,
                3.849618936444693
            ],
            [
                -0.9745624570044827,
                -2.5086861532960376,
                4.09843264204593
            ],
            [
                -0.984185492451503,
                -2.2335494414755575,
                2.2898687170040993e-05
            ],
            [
                1.6500296888571768,
                -2.7484081506026614,
                1.9503126461731755
            ]
        ],
        "symbols": [
            "C",
            "C",
            "C",
            "C",
            "C",
            "H",
            "H",
            "H",
            "H",
            "H",
            "H",
            "H",
            "H"
        ]
    },
    "parameters": {
        "charge": 0.0,
        "conv_only_dens": false,
        "dconv": 0.0001,
        "derivatives": false,
        "dipole": false,
        "econv": 1e-05,
        "ginitial_hessian": false,
        "gmaxiter": 20,
        "gopt": false,
        "gprec": 0.0001,
        "gtest": false,
        "gtol": 0.0001,
        "gval": 1e-05,
        "k": -1,
        "l": 54.276,
        "lo": 0.0021467,
        "loadbalparts": 2,
        "maxiter": 25,
        "maxrotn": 0.25,
        "maxsub": 10,
        "nalpha": 19,
        "nbeta": 19,
        "nio": 1,
        "nmo_alpha": 19,
        "nmo_beta": 19,
        "no_compute": false,
        "noiter": false,
        "nopen": 0,
        "npt_plot": 101,
        "nv_factor": 1,
        "nvalpha": 0,
        "nvbeta": 0,
        "orbitalshift": 0.0,
        "plot_cell": [],
        "plotcoul": false,
        "plotdens": false,
        "plothi": -1,
        "plotlo": 0,
        "print_level": 3,
        "protocol": [
            0.0001,
            1e-06
        ],
        "psp_calc": false,
        "pure_ae": true,
        "restart": false,
        "restartao": false,
        "save": true,
        "smear": 0.0,
        "spin_restricted": true,
        "vnucextra": 2
    },
    "precision": {
        "dconv": 0.0001,
        "econv": 1e-05,
        "eprec": 0.0001,
        "k": 8,
        "thresh": 1e-06
    },
    "return_energy": -195.07166498057393,
    "scf_e_data": {
        "e_coulomb": [
            263.52447758790277,
            255.00700007071774,
            257.43728137748303,
            257.6174902588449,
            257.5339322509623,
            257.48062178393974,
            257.4789970942725,
            257.48591434673193,
            257.4814305680379,
            257.4789095082555,
            257.47823761050506,
            257.48132504592843,
            257.4867405576178
        ],
        "e_kinetic": [
            196.70333256743,
            192.83261520316137,
            193.924913295784,
            194.19120360404779,
            194.2193884569583,
            194.21393684336903,
            194.21900314511973,
            194.21954759317344,
            194.2151761449523,
            194.21493050621743,
            194.21667904590285,
            194.2229090176604,
            194.22930516287255
        ],
        "e_local": [
            0.0,
            0.0,
            0.0,
            0.0,
            0.0,
            0.0,
            0.0,
            0.0,
            0.0,
            0.0,
            0.0,
            0.0,
            0.0
        ],
        "e_nrep": [
            164.93661767627714,
            164.93661767627714,
            164.93661767627714,
            164.93661767627714,
            164.93661767627714,
            164.93661767627714,
            164.93661767627714,
            164.93661767627714,
            164.93661767627714,
            164.93661767627714,
            164.93661767627714,
            164.93661767627714,
            164.93661767627714
        ],
        "e_nuclear": [
            -789.6583108107541,
            -778.253750719837,
            -781.5990765377675,
            -782.0136197379886,
            -781.958839840462,
            -781.902356341119,
            -781.9046682284023,
            -781.9115411317983,
            -781.9035500678788,
            -781.9012707232099,
            -781.9013699782488,
            -781.9145355408191,
            -781.925642302944
        ],
        "e_pcm": [
            0.0,
            0.0,
            0.0,
            0.0,
            0.0,
            0.0,
            0.0,
            0.0,
            0.0,
            0.0,
            0.0,
            0.0,
            0.0
        ],
        "e_tot": [
            -194.76823001624632,
            -195.01854342307536,
            -195.06047625090326,
            -195.06653481246963,
            -195.0675307475214,
            -195.06780227089217,
            -195.06793342947987,
            -195.06800202021918,
            -195.06802362785533,
            -195.06805592394335,
            -195.06710155172482,
            -195.07165718805754,
            -195.07166498057393
        ],
        "e_xc": [
            -30.274347037102167,
            -29.541025653394644,
            -29.76021206267994,
            -29.798226613650858,
            -29.79862929125715,
            -29.796622233359138,
            -29.79788311674684,
            -29.7985405046033,
            -29.797697949243855,
            -29.797242891483585,
            -29.797265906161073,
            -29.797973387104452,
            -29.798686074397477
        ],
        "iterations": 13
    },
    "scf_eigenvalues_a": {
        "dims": [
            19
        ],
        "size": 19,
        "vals": [
            -9.8771769251154,
            -9.87717696371574,
            -9.873945533056634,
            -9.882026567306305,
            -9.882026765811116,
            -0.5336548897548896,
            -0.5257747769101451,
            -0.45280525774546043,
            -0.5336527310077253,
            -0.44668463195383823,
            -0.44437284313368774,
            -0.45280296187915114,
            -0.4404445765052447,
            -0.4404431256145316,
            -0.3001236498410482,
            -0.5257816939356605,
            -0.44668233578089844,
            -0.26712807144205386,
            -0.3000791845621442
        ]
    },
    "time": "2024-05-03 22:44:35",
    "wall_time": 87.94717597961426
}