{
    "calcinfo_nalpha": 9,
    "calcinfo_natom": 3,
    "calcinfo_nbeta": 9,
    "calcinfo_nmo": 18,
    "molecule": {
        "geometry": [
            [
                0.0,
                0.0,
                0.1937336816943671
            ],
            [
                0.0,
                -1.8259501435721122,
                -1.549869453554939
            ],
            [
                0.0,
                1.8259501435721122,
                -1.549869453554939
            ]
        ],
        "symbols": [
            "S",
            "H",
            "H"
        ]
    },
    "parameters": {
        "charge": 0.0,
        "conv_only_dens": false,
        "dconv": 0.0001,
        "derivatives": false,
        "dipole": false,
        "econv": 1e-05,
        "ginitial_hessian": false,
        "gmaxiter": 20,
        "gopt": false,
        "gprec": 0.0001,
        "gtest": false,
        "gtol": 0.0001,
        "gval": 1e-05,
        "k": -1,
        "l": 51.826,
        "lo": 0.00041862,
        "loadbalparts": 2,
        "maxiter": 25,
        "maxrotn": 0.25,
        "maxsub": 10,
        "nalpha": 9,
        "nbeta": 9,
        "nio": 1,
        "nmo_alpha": 9,
        "nmo_beta": 9,
        "no_compute": false,
        "noiter": false,
        "nopen": 0,
        "npt_plot": 101,
        "nv_factor": 1,
        "nvalpha": 0,
        "nvbeta": 0,
        "orbitalshift": 0.0,
        "plot_cell": [],
        "plotcoul": false,
        "plotdens": false,
        "plothi": -1,
        "plotlo": 0,
        "print_level": 3,
        "protocol": [
            0.0001,
            1e-06
        ],
        "psp_calc": false,
        "pure_ae": true,
        "restart": false,
        "restartao": false,
        "save": true,
        "smear": 0.0,
        "spin_restricted": true,
        "vnucextra": 2
    },
    "precision": {
        "dconv": 0.0001,
        "econv": 1e-05,
        "eprec": 0.0001,
        "k": 8,
        "thresh": 1e-06
    },
    "return_energy": -398.72007368475244,
    "scf_e_data": {
        "e_coulomb": [
            192.02634476280662,
            190.74690734321103,
            190.77856503044643,
            190.7359670315169,
            190.72877972324747,
            190.725388171386,
            190.724553040207,
            190.72415254039916,
            190.72400572226587,
            190.72298901052577,
            190.7242698554952
        ],
        "e_kinetic": [
            399.1854601143334,
            398.55716149842124,
            398.7130101941784,
            398.7313006712762,
            398.72401776475084,
            398.71686214686684,
            398.71672524540566,
            398.7178391546531,
            398.7185000767778,
            398.69830925993875,
            398.6938554340223
        ],
        "e_local": [
            0.0,
            0.0,
            0.0,
            0.0,
            0.0,
            0.0,
            0.0,
            0.0,
            0.0,
            0.0,
            0.0
        ],
        "e_nrep": [
            12.948468333999308,
            12.948468333999308,
            12.948468333999308,
            12.948468333999308,
            12.948468333999308,
            12.948468333999308,
            12.948468333999308,
            12.948468333999308,
            12.948468333999308,
            12.948468333999308,
            12.948468333999308
        ],
        "e_nuclear": [
            -977.012294650269,
            -975.2616929610629,
            -975.4414499070097,
            -975.4142927593398,
            -975.3963538017126,
            -975.3848737926684,
            -975.3836198086607,
            -975.3842258947783,
            -975.3842600651449,
            -975.3648242952686,
            -975.3616350684472
        ],
        "e_pcm": [
            0.0,
            0.0,
            0.0,
            0.0,
            0.0,
            0.0,
            0.0,
            0.0,
            0.0,
            0.0,
            0.0
        ],
        "e_tot": [
            -398.60404141013726,
            -398.7023530322497,
            -398.7139780780873,
            -398.71794531290493,
            -398.71910117266174,
            -398.719210224092,
            -398.71922922975136,
            -398.7192316880343,
            -398.718749533113,
            -398.72007065158994,
            -398.72007368475244
        ],
        "e_xc": [
            -25.75201997100752,
            -25.693197246818407,
            -25.71257172970176,
            -25.719388590357465,
            -25.72401319294682,
            -25.72505508367584,
            -25.725356040702664,
            -25.725465822307545,
            -25.725463601011057,
            -25.72501296078515,
            -25.72503223982199
        ],
        "iterations": 11
    },
    "scf_eigenvalues_a": {
        "dims": [
            9
        ],
        "size": 9,
        "vals": [
            -91.96025265922678,
            -8.520773913880753,
            -6.648692210746702,
            -7.086638717205513,
            -6.6463180794995935,
            -0.7134481519090292,
            -0.7134472540493262,
            -0.6558072546193157,
            -0.3892739609663738
        ]
    },
    "time": "2024-05-02 14:25:58",
    "wall_time": 38.27666687965393
}