{
    "calcinfo_nalpha": 9,
    "calcinfo_natom": 7,
    "calcinfo_nbeta": 8,
    "calcinfo_nmo": 17,
    "molecule": {
        "geometry": [
            [
                -0.042320926509787034,
                1.2738955482806056e-05,
                -1.501588346938146
            ],
            [
                -0.0008696408123915291,
                0.0003199183128206313,
                1.314061863825236
            ],
            [
                -0.9090635943609575,
                1.6810884706284708,
                2.0851235971057522
            ],
            [
                0.09162200507730302,
                -1.7461977813799006,
                -2.5482501202596213
            ],
            [
                1.9362998167827414,
                -0.02518735109854634,
                2.0523217921756056
            ],
            [
                -0.9516181573487111,
                -1.6567617640836299,
                2.085930372704523
            ],
            [
                0.09190333378269593,
                1.7450624823237855,
                -2.5499667430487984
            ]
        ],
        "symbols": [
            "C",
            "C",
            "H",
            "H",
            "H",
            "H",
            "H"
        ]
    },
    "parameters": {
        "charge": 0.0,
        "conv_only_dens": false,
        "dconv": 0.0001,
        "derivatives": false,
        "dipole": false,
        "econv": 1e-05,
        "ginitial_hessian": false,
        "gmaxiter": 20,
        "gopt": false,
        "gprec": 0.0001,
        "gtest": false,
        "gtol": 0.0001,
        "gval": 1e-05,
        "k": -1,
        "l": 52.55,
        "lo": 0.0021467,
        "loadbalparts": 2,
        "maxiter": 25,
        "maxrotn": 0.25,
        "maxsub": 10,
        "nalpha": 9,
        "nbeta": 8,
        "nio": 1,
        "nmo_alpha": 9,
        "nmo_beta": 8,
        "no_compute": false,
        "noiter": false,
        "nopen": 1,
        "npt_plot": 101,
        "nv_factor": 1,
        "nvalpha": 0,
        "nvbeta": 0,
        "orbitalshift": 0.0,
        "plot_cell": [],
        "plotcoul": false,
        "plotdens": false,
        "plothi": -1,
        "plotlo": 0,
        "print_level": 3,
        "protocol": [
            0.0001,
            1e-06
        ],
        "psp_calc": false,
        "pure_ae": true,
        "restart": false,
        "restartao": false,
        "save": true,
        "smear": 0.0,
        "spin_restricted": false,
        "vnucextra": 2
    },
    "precision": {
        "dconv": 0.0001,
        "econv": 1e-05,
        "eprec": 0.0001,
        "k": 8,
        "thresh": 1e-06
    },
    "return_energy": -78.63428235142088,
    "scf_e_data": {
        "e_coulomb": [
            77.47646173002023,
            74.36468859231017,
            74.59405105581745,
            74.52309697841113,
            74.46801960299402,
            74.46413317724314,
            74.476615705989,
            74.47857381276636,
            74.47790230894994,
            74.47777546558197,
            74.48021640473532
        ],
        "e_kinetic": [
            80.07319602161368,
            78.32413584553082,
            78.50719988759116,
            78.55150053716656,
            78.5628602742614,
            78.5704848066417,
            78.57806579031569,
            78.57814220565831,
            78.5770082414504,
            78.5774867629213,
            78.58111813529696
        ],
        "e_local": [
            0.0,
            0.0,
            0.0,
            0.0,
            0.0,
            0.0,
            0.0,
            0.0,
            0.0,
            0.0,
            0.0
        ],
        "e_nrep": [
            36.98161618552092,
            36.98161618552092,
            36.98161618552092,
            36.98161618552092,
            36.98161618552092,
            36.98161618552092,
            36.98161618552092,
            36.98161618552092,
            36.98161618552092,
            36.98161618552092,
            36.98161618552092
        ],
        "e_nuclear": [
            -260.6216612522115,
            -256.2144291221324,
            -256.5882836344942,
            -256.545153625789,
            -256.4943988041107,
            -256.49576271793643,
            -256.51436962242985,
            -256.51635085513954,
            -256.51457993317575,
            -256.5145827560134,
            -256.5214903645948
        ],
        "e_pcm": [
            0.0,
            0.0,
            0.0,
            0.0,
            0.0,
            0.0,
            0.0,
            0.0,
            0.0,
            0.0,
            0.0
        ],
        "e_tot": [
            -78.43229009011351,
            -78.61135584632157,
            -78.6254008694689,
            -78.63140437697797,
            -78.63275184943414,
            -78.63306727815123,
            -78.633154217429,
            -78.63323443183425,
            -78.63322003634582,
            -78.63289440714598,
            -78.63428235142088
        ],
        "e_xc": [
            -12.341902775056866,
            -12.067367347551063,
            -12.11998436390423,
            -12.142464452287584,
            -12.150849108099795,
            -12.153538729620564,
            -12.155082276824762,
            -12.155215780640308,
            -12.155166839091333,
            -12.15519006515678,
            -12.155742712379269
        ],
        "iterations": 11
    },
    "scf_eigenvalues_a": {
        "dims": [
            9
        ],
        "size": 9,
        "vals": [
            -11.207808217569717,
            -11.221483314812005,
            -0.7375073549846298,
            -0.7001186219767177,
            -0.7001921638403248,
            -0.6517106391250417,
            -0.652262519337866,
            -0.652272547021475,
            -0.3817696751244515
        ]
    },
    "scf_eigenvalues_b": {
        "dims": [
            8
        ],
        "size": 8,
        "vals": [
            -11.211501770147134,
            -11.197696502235821,
            -0.7067345391858812,
            -0.6602338099276345,
            -0.6602688684359619,
            -0.6452443946265525,
            -0.6522024610674391,
            -0.6524174445038105
        ]
    },
    "time": "2024-05-02 14:26:48",
    "wall_time": 48.576003074645996
}