{
    "calcinfo_nalpha": 10,
    "calcinfo_natom": 7,
    "calcinfo_nbeta": 9,
    "calcinfo_nmo": 19,
    "molecule": {
        "geometry": [
            [
                0.0007691531204725784,
                0.015057478651249736,
                2.289380551073977
            ],
            [
                0.0002518260547805744,
                -0.205402505125792,
                -2.44523978614735
            ],
            [
                0.005289881353755717,
                -0.22302615860091354,
                -0.017906691605360067
            ],
            [
                1.908761148803048,
                -0.44077468336821635,
                2.882830637838491
            ],
            [
                -0.5255031683524232,
                1.952529249142355,
                2.7035703060670455
            ],
            [
                -1.3940571677962863,
                -1.3419228368754483,
                2.9342007863160013
            ],
            [
                -0.0011202211691744254,
                1.6060695988010607,
                -2.677060055881237
            ]
        ],
        "symbols": [
            "C",
            "O",
            "H",
            "H",
            "H",
            "H",
            "H"
        ]
    },
    "parameters": {
        "charge": 0.0,
        "conv_only_dens": false,
        "dconv": 0.0001,
        "derivatives": false,
        "dipole": false,
        "econv": 1e-05,
        "ginitial_hessian": false,
        "gmaxiter": 20,
        "gopt": false,
        "gprec": 0.0001,
        "gtest": false,
        "gtol": 0.0001,
        "gval": 1e-05,
        "k": -1,
        "l": 52.934,
        "lo": 0.001329,
        "loadbalparts": 2,
        "maxiter": 25,
        "maxrotn": 0.25,
        "maxsub": 10,
        "nalpha": 10,
        "nbeta": 9,
        "nio": 1,
        "nmo_alpha": 10,
        "nmo_beta": 9,
        "no_compute": false,
        "noiter": false,
        "nopen": 1,
        "npt_plot": 101,
        "nv_factor": 1,
        "nvalpha": 0,
        "nvbeta": 0,
        "orbitalshift": 0.0,
        "plot_cell": [],
        "plotcoul": false,
        "plotdens": false,
        "plothi": -1,
        "plotlo": 0,
        "print_level": 3,
        "protocol": [
            0.0001,
            1e-06
        ],
        "psp_calc": false,
        "pure_ae": true,
        "restart": false,
        "restartao": false,
        "save": true,
        "smear": 0.0,
        "spin_restricted": false,
        "vnucextra": 2
    },
    "precision": {
        "dconv": 0.0001,
        "econv": 1e-05,
        "eprec": 0.0001,
        "k": 8,
        "thresh": 1e-06
    },
    "return_energy": -116.16585100789874,
    "scf_e_data": {
        "e_coulomb": [
            96.59656263183001,
            91.72645176402415,
            93.43656742665608,
            93.50620331377625,
            93.54038763338848,
            93.51629190024761,
            93.50604885538397,
            93.50570861162785,
            93.50355395274445,
            93.50352483686227,
            93.50080956501773,
            93.50083501233334,
            93.50238362173349,
            93.50120629665294,
            93.5015031811954,
            93.5021068105136,
            93.49636550638002,
            93.4996210184668,
            93.49972295554318,
            93.50024506117877,
            93.50070523076589,
            93.50179688119763,
            93.4989798509584,
            93.50131966509517,
            93.5016145011323,
            93.50145575115423,
            93.50310791842202,
            93.5045499971784
        ],
        "e_kinetic": [
            117.53225230258406,
            114.10861827123422,
            115.51997607391002,
            115.65531309934279,
            115.74888515782743,
            115.74260216530408,
            115.7464614447351,
            115.74798493460227,
            115.74580670328999,
            115.74777081856067,
            115.74555494435631,
            115.74652585075948,
            115.74855539371052,
            115.74732053321355,
            115.74763055880766,
            115.74803244842137,
            115.74564461727198,
            115.74790255379756,
            115.74738859543545,
            115.74747619186013,
            115.74763408643835,
            115.74818014916409,
            115.74664316509785,
            115.74798412893685,
            115.7479161652389,
            115.74852226452269,
            115.74776820229391,
            115.74956134205036
        ],
        "e_local": [
            0.0,
            0.0,
            0.0,
            0.0,
            0.0,
            0.0,
            0.0,
            0.0,
            0.0,
            0.0,
            0.0,
            0.0,
            0.0,
            0.0,
            0.0,
            0.0,
            0.0,
            0.0,
            0.0,
            0.0,
            0.0,
            0.0,
            0.0,
            0.0,
            0.0,
            0.0,
            0.0,
            0.0
        ],
        "e_nrep": [
            37.11878016963886,
            37.11878016963886,
            37.11878016963886,
            37.11878016963886,
            37.11878016963886,
            37.11878016963886,
            37.11878016963886,
            37.11878016963886,
            37.11878016963886,
            37.11878016963886,
            37.11878016963886,
            37.11878016963886,
            37.11878016963886,
            37.11878016963886,
            37.11878016963886,
            37.11878016963886,
            37.11878016963886,
            37.11878016963886,
            37.11878016963886,
            37.11878016963886,
            37.11878016963886,
            37.11878016963886,
            37.11878016963886,
            37.11878016963886,
            37.11878016963886,
            37.11878016963886,
            37.11878016963886,
            37.11878016963886
        ],
        "e_nuclear": [
            -351.218003522166,
            -343.6781473326804,
            -346.61902592632237,
            -346.8107058023338,
            -346.92865206628494,
            -346.8996845677559,
            -346.89287053713156,
            -346.89368944624977,
            -346.88956663398426,
            -346.89119031951105,
            -346.8864782782208,
            -346.88740426177594,
            -346.89066851760776,
            -346.88847066006315,
            -346.88902478265754,
            -346.8900116485688,
            -346.8823207371493,
            -346.8875403179379,
            -346.8872359565448,
            -346.8877969233354,
            -346.8883857110694,
            -346.8898949636835,
            -346.88574872162116,
            -346.8892913206781,
            -346.8894697231025,
            -346.8895080722755,
            -346.89190162667455,
            -346.89490982153444
        ],
        "e_pcm": [
            0.0,
            0.0,
            0.0,
            0.0,
            0.0,
            0.0,
            0.0,
            0.0,
            0.0,
            0.0,
            0.0,
            0.0,
            0.0,
            0.0,
            0.0,
            0.0,
            0.0,
            0.0,
            0.0,
            0.0,
            0.0,
            0.0,
            0.0,
            0.0,
            0.0,
            0.0,
            0.0,
            0.0
        ],