{
    "calcinfo_nalpha": 22,
    "calcinfo_natom": 6,
    "calcinfo_nbeta": 22,
    "calcinfo_nmo": 44,
    "molecule": {
        "geometry": [
            [
                0.0,
                -4.5065013798531535,
                0.0
            ],
            [
                0.0,
                -1.0702111343885576,
                0.0
            ],
            [
                -0.9685450765456218,
                -0.42401608961114756,
                1.677569282254942
            ],
            [
                -0.9685450765456218,
                -0.42401608961114756,
                -1.677569282254942
            ],
            [
                1.9370901530912437,
                -0.42401608961114756,
                0.0
            ],
            [
                0.0,
                4.9590493254510815,
                0.0
            ]
        ],
        "symbols": [
            "Cl",
            "C",
            "H",
            "H",
            "H",
            "Cl"
        ]
    },
    "parameters": {
        "charge": -1.0,
        "conv_only_dens": false,
        "dconv": 0.0001,
        "derivatives": false,
        "dipole": false,
        "econv": 1e-05,
        "ginitial_hessian": false,
        "gmaxiter": 20,
        "gopt": false,
        "gprec": 0.0001,
        "gtest": false,
        "gtol": 0.0001,
        "gval": 1e-05,
        "k": -1,
        "l": 54.959,
        "lo": 0.00037839,
        "loadbalparts": 2,
        "maxiter": 25,
        "maxrotn": 0.25,
        "maxsub": 10,
        "nalpha": 22,
        "nbeta": 22,
        "nio": 1,
        "nmo_alpha": 22,
        "nmo_beta": 22,
        "no_compute": false,
        "noiter": true,
        "nopen": 0,
        "npt_plot": 101,
        "nv_factor": 1,
        "nvalpha": 0,
        "nvbeta": 0,
        "orbitalshift": 0.0,
        "plot_cell": [],
        "plotcoul": false,
        "plotdens": false,
        "plothi": -1,
        "plotlo": 0,
        "print_level": 3,
        "protocol": [
            1e-06
        ],
        "psp_calc": false,
        "pure_ae": true,
        "restart": true,
        "restartao": false,
        "save": true,
        "smear": 0.0,
        "spin_restricted": true,
        "vnucextra": 2
    },
    "precision": {
        "dconv": 0.0001,
        "econv": 1e-05,
        "eprec": 0.0001,
        "k": 8,
        "thresh": 1e-06
    },
    "return_energy": -959.9978373687384,
    "scf_e_data": {
        "e_coulomb": [
            541.6777241549846
        ],
        "e_kinetic": [
            958.7222953990803
        ],
        "e_local": [
            0.0
        ],
        "e_nrep": [
            107.04222545383321
        ],
        "e_nuclear": [
            -2504.6179004043356
        ],
        "e_pcm": [
            0.0
        ],
        "e_tot": [
            -959.9978373687384
        ],
        "e_xc": [
            -62.82218197230088
        ],
        "iterations": 1
    },
    "scf_eigenvalues_a": {
        "dims": [
            22
        ],
        "size": 22,
        "vals": [
            -104.6931255430651,
            -104.52096661291168,
            -11.136299683135608,
            -9.427954041779518,
            -10.244691206269977,
            -8.88321438462637,
            -7.885881302350228,
            -7.885879743776393,
            -7.714955147250755,
            -7.71388605333949,
            -7.715317503645025,
            -0.7921920579285833,
            -0.7561479364063635,
            -0.5575090497289026,
            -0.5575091999315749,
            -0.5575105011367565,
            -0.6110812651956032,
            -0.17301801619792823,
            -0.17301733236882555,
            -0.17558609013719106,
            -0.33269785574691735,
            -0.3327824740818657
        ]
    },
    "time": "2024-05-03 15:25:11",
    "wall_time": 10.559154033660889
}