{
    "calcinfo_nalpha": 13,
    "calcinfo_natom": 10,
    "calcinfo_nbeta": 12,
    "calcinfo_nmo": 25,
    "molecule": {
        "geometry": [
            [
                0.8922008830950569,
                1.220638917063489,
                -8.17982420567367e-05
            ],
            [
                2.6127697412008533,
                -0.6876444591947463,
                -3.331500371864745e-06
            ],
            [
                0.4385000117836774,
                2.200728185360407,
                -1.73338117293147
            ],
            [
                0.43906296056882366,
                2.2010799244717165,
                1.7331990768102983
            ],
            [
                3.263799633152296,
                -1.5303207464634472,
                1.7433110156410945
            ],
            [
                3.2634396979374185,
                -1.5309325030182022,
                -1.743149247370842
            ],
            [
                -3.0462706595907436,
                -0.45767163251102777,
                6.63790782104155e-05
            ],
            [
                -4.148290493760399,
                1.2636096471710745,
                -0.0023987075067210713
            ],
            [
                -3.0035807748943464,
                -1.5299616063250288,
                -1.735959359381954
            ],
            [
                -3.0051308230184626,
                -1.5261398533428085,
                1.7384908987249037
            ]
        ],
        "symbols": [
            "C",
            "C",
            "H",
            "H",
            "H",
            "H",
            "C",
            "H",
            "H",
            "H"
        ]
    },
    "parameters": {
        "charge": 0.0,
        "conv_only_dens": false,
        "dconv": 0.0001,
        "derivatives": false,
        "dipole": false,
        "econv": 1e-05,
        "ginitial_hessian": false,
        "gmaxiter": 20,
        "gopt": false,
        "gprec": 0.0001,
        "gtest": false,
        "gtol": 0.0001,
        "gval": 1e-05,
        "k": -1,
        "l": 54.148,
        "lo": 0.0021467,
        "loadbalparts": 2,
        "maxiter": 25,
        "maxrotn": 0.25,
        "maxsub": 10,
        "nalpha": 13,
        "nbeta": 12,
        "nio": 1,
        "nmo_alpha": 13,
        "nmo_beta": 12,
        "no_compute": false,
        "noiter": true,
        "nopen": 1,
        "npt_plot": 101,
        "nv_factor": 1,
        "nvalpha": 0,
        "nvbeta": 0,
        "orbitalshift": 0.0,
        "plot_cell": [],
        "plotcoul": false,
        "plotdens": false,
        "plothi": -1,
        "plotlo": 0,
        "print_level": 3,
        "protocol": [
            1e-06
        ],
        "psp_calc": false,
        "pure_ae": true,
        "restart": true,
        "restartao": false,
        "save": true,
        "smear": 0.0,
        "spin_restricted": false,
        "vnucextra": 2
    },
    "precision": {
        "dconv": 0.0001,
        "econv": 1e-05,
        "eprec": 0.0001,
        "k": 8,
        "thresh": 1e-06
    },
    "return_energy": -118.25616034331745,
    "scf_e_data": {
        "e_coulomb": [
            126.36373125209683
        ],
        "e_kinetic": [
            117.59290037853609
        ],
        "e_local": [
            0.0
        ],
        "e_nrep": [
            70.26835319795907
        ],
        "e_nuclear": [
            -413.83294448684865
        ],
        "e_pcm": [
            0.0
        ],
        "e_tot": [
            -118.25616034331745
        ],
        "e_xc": [
            -18.648200685060843
        ],
        "iterations": 1
    },
    "scf_eigenvalues_a": {
        "dims": [
            13
        ],
        "size": 13,
        "vals": [
            -11.210453081112927,
            -11.21190401965206,
            -11.219604382411251,
            -0.8285917116561956,
            -0.6877859859691917,
            -0.6880575361580077,
            -0.6717835433569472,
            -0.6880531122260631,
            -0.6877916978677989,
            -0.6894409128461643,
            -0.6717676201263918,
            -0.3873426812484775,
            -0.40643041822254045
        ]
    },
    "scf_eigenvalues_b": {
        "dims": [
            12
        ],
        "size": 12,
        "vals": [
            -11.224380703745972,
            -11.194974628074515,
            -11.19682889923504,
            -0.8235262822061755,
            -0.6577751205563473,
            -0.6623490256131491,
            -0.6891160184620326,
            -0.6623449752049582,
            -0.6577800489915177,
            -0.6587888319494107,
            -0.6891008419853282,
            -0.3943485067854693
        ]
    },
    "time": "2024-05-02 17:20:56",
    "wall_time": 12.427735090255737
}