{
    "calcinfo_nalpha": 8,
    "calcinfo_natom": 3,
    "calcinfo_nbeta": 7,
    "calcinfo_nmo": 15,
    "molecule": {
        "geometry": [
            [
                -2.1210461407495225,
                -1.3043771283905634,
                0.0
            ],
            [
                -0.9448857168165529,
                0.28628826144769226,
                0.0
            ],
            [
                1.2478923083521989,
                -0.09994867167761182,
                0.0
            ]
        ],
        "symbols": [
            "H",
            "N",
            "N"
        ]
    },
    "parameters": {
        "charge": 0.0,
        "conv_only_dens": false,
        "dconv": 0.0001,
        "derivatives": false,
        "dipole": false,
        "econv": 1e-05,
        "ginitial_hessian": false,
        "gmaxiter": 20,
        "gopt": false,
        "gprec": 0.0001,
        "gtest": false,
        "gtol": 0.0001,
        "gval": 1e-05,
        "k": -1,
        "l": 52.121,
        "lo": 0.0016603,
        "loadbalparts": 2,
        "maxiter": 25,
        "maxrotn": 0.25,
        "maxsub": 10,
        "nalpha": 8,
        "nbeta": 7,
        "nio": 1,
        "nmo_alpha": 8,
        "nmo_beta": 7,
        "no_compute": false,
        "noiter": false,
        "nopen": 1,
        "npt_plot": 101,
        "nv_factor": 1,
        "nvalpha": 0,
        "nvbeta": 0,
        "orbitalshift": 0.0,
        "plot_cell": [],
        "plotcoul": false,
        "plotdens": false,
        "plothi": -1,
        "plotlo": 0,
        "print_level": 3,
        "protocol": [
            0.0001,
            1e-06
        ],
        "psp_calc": false,
        "pure_ae": true,
        "restart": false,
        "restartao": false,
        "save": true,
        "smear": 0.0,
        "spin_restricted": false,
        "vnucextra": 2
    },
    "precision": {
        "dconv": 0.0001,
        "econv": 1e-05,
        "eprec": 0.0001,
        "k": 8,
        "thresh": 1e-06
    },
    "return_energy": -109.96569890014143,
    "scf_e_data": {
        "e_coulomb": [
            80.20758312691478,
            79.09446800051501,
            79.59465152951107,
            79.48359040183998,
            79.47661944270615,
            79.47049256835204,
            79.46338477257895,
            79.46016215892422,
            79.45985499875623,
            79.46052386970466,
            79.46044381870215,
            79.459022414123,
            79.46074718961256
        ],
        "e_kinetic": [
            109.92362398550893,
            109.11897373197465,
            109.58025296941219,
            109.57994099869981,
            109.60811271002203,
            109.61058673441303,
            109.60414748290886,
            109.60424060068007,
            109.6065961448259,
            109.60736604638183,
            109.60784271710219,
            109.60124478356137,
            109.6017506172389
        ],
        "e_local": [
            0.0,
            0.0,
            0.0,
            0.0,
            0.0,
            0.0,
            0.0,
            0.0,
            0.0,
            0.0,
            0.0,
            0.0,
            0.0
        ],
        "e_nrep": [
            27.502264135027307,
            27.502264135027307,
            27.502264135027307,
            27.502264135027307,
            27.502264135027307,
            27.502264135027307,
            27.502264135027307,
            27.502264135027307,
            27.502264135027307,
            27.502264135027307,
            27.502264135027307,
            27.502264135027307,
            27.502264135027307
        ],
        "e_nuclear": [
            -313.4307960510212,
            -311.77255516384355,
            -312.68214263292384,
            -312.5832011198657,
            -312.60344326045913,
            -312.59935459577105,
            -312.58628562548,
            -312.58340058769767,
            -312.5854083003941,
            -312.58679035702164,
            -312.58678427850896,
            -312.58038483559983,
            -312.5824429513
        ],
        "e_pcm": [
            0.0,
            0.0,
            0.0,
            0.0,
            0.0,
            0.0,
            0.0,
            0.0,
            0.0,
            0.0,
            0.0,
            0.0,
            0.0
        ],
        "e_tot": [
            -109.84423483402645,
            -109.95303680206885,
            -109.96217712675383,
            -109.96417108987413,
            -109.96453775828311,
            -109.96471868594463,
            -109.96478002992694,
            -109.96482521583354,
            -109.96481695081641,
            -109.96482538227758,
            -109.96441986322355,
            -109.965696532326,
            -109.96569890014143
        ],
        "e_xc": [
            -14.046910030456257,
            -13.896187505742269,
            -13.957203127780552,
            -13.946765505575515,
            -13.948090785579456,
            -13.948707527965952,
            -13.948290794962023,
            -13.94809152276747,
            -13.948123929031775,
            -13.948189076369728,
            -13.948186255546222,
            -13.94784302943783,
            -13.948017890720214
        ],
        "iterations": 13
    },
    "scf_eigenvalues_a": {
        "dims": [
            8
        ],
        "size": 8,
        "vals": [
            -14.062918704885035,
            -14.051440506512527,
            -0.9249882690236215,
            -0.607600355412631,
            -0.44959572589520125,
            -0.39859586751339027,
            -0.37429412903793,
            -0.26669046859015255
        ]
    },
    "scf_eigenvalues_b": {
        "dims": [
            7
        ],
        "size": 7,
        "vals": [
            -14.058092875846565,
            -14.024928516009975,
            -0.9124658406477444,
            -0.6337134269145419,
            -0.4209805712012682,
            -0.3872882656821717,
            -0.3843182965082097
        ]
    },
    "time": "2024-05-03 21:50:18",
    "wall_time": 54.029693841934204
}