{
    "calcinfo_nalpha": 8,
    "calcinfo_natom": 3,
    "calcinfo_nbeta": 7,
    "calcinfo_nmo": 15,
    "molecule": {
        "geometry": [
            [
                1.2478421618496565,
                -0.09987826414003406,
                0.0
            ],
            [
                -0.9449116955395077,
                0.28617305550998096,
                0.0
            ],
            [
                -2.1205132641710405,
                -1.3040635395896274,
                0.0
            ]
        ],
        "symbols": [
            "N",
            "N",
            "H"
        ]
    },
    "parameters": {
        "charge": 0.0,
        "conv_only_dens": false,
        "dconv": 0.0001,
        "derivatives": false,
        "dipole": false,
        "econv": 1e-05,
        "ginitial_hessian": false,
        "gmaxiter": 20,
        "gopt": false,
        "gprec": 0.0001,
        "gtest": false,
        "gtol": 0.0001,
        "gval": 1e-05,
        "k": -1,
        "l": 52.121,
        "lo": 0.0016603,
        "loadbalparts": 2,
        "maxiter": 25,
        "maxrotn": 0.25,
        "maxsub": 10,
        "nalpha": 8,
        "nbeta": 7,
        "nio": 1,
        "nmo_alpha": 8,
        "nmo_beta": 7,
        "no_compute": false,
        "noiter": false,
        "nopen": 1,
        "npt_plot": 101,
        "nv_factor": 1,
        "nvalpha": 0,
        "nvbeta": 0,
        "orbitalshift": 0.0,
        "plot_cell": [],
        "plotcoul": false,
        "plotdens": false,
        "plothi": -1,
        "plotlo": 0,
        "print_level": 3,
        "protocol": [
            0.0001,
            1e-06
        ],
        "psp_calc": false,
        "pure_ae": true,
        "restart": false,
        "restartao": false,
        "save": true,
        "smear": 0.0,
        "spin_restricted": false,
        "vnucextra": 2
    },
    "precision": {
        "dconv": 0.0001,
        "econv": 1e-05,
        "eprec": 0.0001,
        "k": 8,
        "thresh": 1e-06
    },
    "return_energy": -109.47817948772851,
    "scf_e_data": {
        "e_coulomb": [
            80.20981697699264,
            79.21761536087519,
            79.33569497444059,
            79.27330281119933,
            79.25044774608254,
            79.2535923170837,
            79.25425323602124,
            79.25556217765923,
            79.27050226036494,
            79.26402319646434,
            79.26644763765941,
            79.26909801898303,
            79.26905707125768,
            79.26901406751048,
            79.27168169034213,
            79.27646430775047,
            79.28296592240955,
            79.28939188651493,
            79.30043363343512,
            79.29915791349927,
            79.30231859809699,
            79.29537951334832,
            79.31037778987782,
            79.30070312135014,
            79.300055475945,
            79.29997385731264,
            79.29863598708187,
            79.2995706778179
        ],
        "e_kinetic": [
            109.92456047823448,
            109.14810580970524,
            109.29630926204845,
            109.29137787520992,
            109.30176692118405,
            109.30664887562882,
            109.31143161089997,
            109.31677617277512,
            109.33536363552636,
            109.33481243994643,
            109.34371928965793,
            109.34478758592829,
            109.34789153059701,
            109.35331617192446,
            109.35781693237753,
            109.36324834492413,
            109.37148280159451,
            109.37955935316933,
            109.39682480941492,
            109.39217737624509,
            109.39782652308287,
            109.38325041917292,
            109.41868487197283,
            109.3988900695661,
            109.39750378238772,
            109.39801582367343,
            109.3897287207787,
            109.38889220385008
        ],
        "e_local": [
            0.0,
            0.0,
            0.0,
            0.0,
            0.0,
            0.0,
            0.0,
            0.0,
            0.0,
            0.0,
            0.0,
            0.0,
            0.0,
            0.0,
            0.0,
            0.0,
            0.0,
            0.0,
            0.0,
            0.0,
            0.0,
            0.0,
            0.0,
            0.0,
            0.0,
            0.0,
            0.0,
            0.0
        ],
        "e_nrep": [
            27.504374021828905,
            27.504374021828905,
            27.504374021828905,
            27.504374021828905,
            27.504374021828905,
            27.504374021828905,
            27.504374021828905,
            27.504374021828905,
            27.504374021828905,
            27.504374021828905,
            27.504374021828905,
            27.504374021828905,
            27.504374021828905,
            27.504374021828905,
            27.504374021828905,
            27.504374021828905,
            27.504374021828905,
            27.504374021828905,
            27.504374021828905,
            27.504374021828905,
            27.504374021828905,
            27.504374021828905,
            27.504374021828905,
            27.504374021828905,
            27.504374021828905,
            27.504374021828905,
            27.504374021828905,
            27.504374021828905
        ],
        "e_nuclear": [
            -313.4358667487138,
            -311.89454994322256,
            -312.14529085914717,
            -312.0773400540013,
            -312.05882432682,
            -312.06489436742817,
            -312.0683551537004,
            -312.07313597729933,
            -312.10113114216574,
            -312.095663509642,
            -312.1050122623525,
            -312.10807473630007,
            -312.1101844767402,
            -312.1127360359941,
            -312.11611462516333,
            -312.1233883147034,
            -312.1345812481337,
            -312.14598384188776,
            -312.16948195893525,
            -312.1647944161934,
            -312.17091351884534,
            -312.1553680970311,
            -312.19071922158355,
            -312.169837140518,
            -312.1686897917227,
            -312.1686809950188,
            -312.16085153123004,
            -312.16091438359666
        ],
        "e_pcm": [
            0.0,
            0.0,
            0.0,
            0.0,
            0.0,
            0.0,
            0.0,
            0.0,
            0.0,
            0.0,
            0.0,
            0.0,
            0.0,
            0.0,
            0.0,
            0.0,
            0.0,
            0.0,
            0.0,
            0.0,
            0.0,
            0.0,
            0.0,
            0.0,
            0.0,
            0.0,
            0.0,
            0.0
        ],
        "e_tot": [
            -109.31742359174535,
            -109.45464364006878,
            -109.46868123045564,
            -109.47140939806962,
            -109.47300110783289,
            -109.47380611659213,
            -109.47426269854577,
            -109.47460419887543,
            -109.47524471997039,
            -109.47546594549365,
            -109.47566682944452,
            -109.47577768276,
            -109.47592416798432,
            -109.47614158459726,
            -109.47636003528885,
            -109.47656510580373,
            -109.47676169092404,
            -109.47692177259631,
            -109.47711534911025,
            -109.47728033588129,
            -109.47734931902212,
            -109.47731366615582,
            -109.47723873194457,
            -109.47737100154177,
            -109.47735730263452,
            -109.47683168118931,
            -109.47817778531933,
            -109.47817948772851
        ],