{
    "calcinfo_nalpha": 10,
    "calcinfo_natom": 6,
    "calcinfo_nbeta": 9,
    "calcinfo_nmo": 19,
    "molecule": {
        "geometry": [
            [
                -0.1938081792650895,
                -0.08301876396792952,
                2.174729629044995
            ],
            [
                -0.019445588984787317,
                -0.17516941222445748,
                -2.22834069045663
            ],
            [
                1.4486089038671555,
                -1.0348911576636222,
                2.4626596428709506
            ],
            [
                0.17358087922869872,
                1.7684204671923571,
                2.5301796905631546
            ],
            [
                -0.6674214609552542,
                -0.2907027482911509,
                0.05798948540474503
            ],
            [
                0.5574536445933255,
                1.5396600843335804,
                -2.4472106985007778
            ]
        ],
        "symbols": [
            "N",
            "O",
            "H",
            "H",
            "H",
            "H"
        ]
    },
    "parameters": {
        "charge": 0.0,
        "conv_only_dens": false,
        "dconv": 0.0001,
        "derivatives": false,
        "dipole": false,
        "econv": 1e-05,
        "ginitial_hessian": false,
        "gmaxiter": 20,
        "gopt": false,
        "gprec": 0.0001,
        "gtest": false,
        "gtol": 0.0001,
        "gval": 1e-05,
        "k": -1,
        "l": 52.53,
        "lo": 0.001329,
        "loadbalparts": 2,
        "maxiter": 25,
        "maxrotn": 0.25,
        "maxsub": 10,
        "nalpha": 10,
        "nbeta": 9,
        "nio": 1,
        "nmo_alpha": 10,
        "nmo_beta": 9,
        "no_compute": false,
        "noiter": true,
        "nopen": 1,
        "npt_plot": 101,
        "nv_factor": 1,
        "nvalpha": 0,
        "nvbeta": 0,
        "orbitalshift": 0.0,
        "plot_cell": [],
        "plotcoul": false,
        "plotdens": false,
        "plothi": -1,
        "plotlo": 0,
        "print_level": 3,
        "protocol": [
            1e-06
        ],
        "psp_calc": false,
        "pure_ae": true,
        "restart": true,
        "restartao": false,
        "save": true,
        "smear": 0.0,
        "spin_restricted": false,
        "vnucextra": 2
    },
    "precision": {
        "dconv": 0.0001,
        "econv": 1e-05,
        "eprec": 0.0001,
        "k": 8,
        "thresh": 1e-06
    },
    "return_energy": -132.18736678365457,
    "scf_e_data": {
        "e_coulomb": [
            101.25399295494974
        ],
        "e_kinetic": [
            131.53958650044243
        ],
        "e_local": [
            0.0
        ],
        "e_nrep": [
            37.138983626660334
        ],
        "e_nuclear": [
            -385.34058671791763
        ],
        "e_pcm": [
            0.0
        ],
        "e_tot": [
            -132.18736678365457
        ],
        "e_xc": [
            -16.77934314778939
        ],
        "iterations": 1
    },
    "scf_eigenvalues_a": {
        "dims": [
            10
        ],
        "size": 10,
        "vals": [
            -20.615434623809048,
            -15.571126947580293,
            -1.0682025557352945,
            -0.8350707688699677,
            -0.7478820142075291,
            -0.83192603837666,
            -0.7593911414175958,
            -0.8535974580781556,
            -0.5859241658922341,
            -0.49762372819175726
        ]
    },
    "scf_eigenvalues_b": {
        "dims": [
            9
        ],
        "size": 9,
        "vals": [
            -20.581427012766937,
            -15.551985354969677,
            -1.0105762970531906,
            -0.8134027953849059,
            -0.4915344232238956,
            -0.810418985841517,
            -0.8221930905198178,
            -0.6885694816564174,
            -0.5563995732034983
        ]
    },
    "time": "2024-05-02 17:27:26",
    "wall_time": 8.11954402923584
}