{
    "calcinfo_nalpha": 6,
    "calcinfo_natom": 3,
    "calcinfo_nbeta": 5,
    "calcinfo_nmo": 11,
    "molecule": {
        "geometry": [
            [
                0.0,
                0.0,
                2.149030157648196
            ],
            [
                0.0,
                0.0,
                0.0
            ],
            [
                0.0,
                0.0,
                -2.149030157648196
            ]
        ],
        "symbols": [
            "H",
            "F",
            "H"
        ]
    },
    "parameters": {
        "charge": 0.0,
        "conv_only_dens": false,
        "dconv": 0.0001,
        "derivatives": false,
        "dipole": false,
        "econv": 1e-05,
        "ginitial_hessian": false,
        "gmaxiter": 20,
        "gopt": false,
        "gprec": 0.0001,
        "gtest": false,
        "gtol": 0.0001,
        "gval": 1e-05,
        "k": -1,
        "l": 52.149,
        "lo": 0.0010921,
        "loadbalparts": 2,
        "maxiter": 25,
        "maxrotn": 0.25,
        "maxsub": 10,
        "nalpha": 6,
        "nbeta": 5,
        "nio": 1,
        "nmo_alpha": 6,
        "nmo_beta": 5,
        "no_compute": false,
        "noiter": false,
        "nopen": 1,
        "npt_plot": 101,
        "nv_factor": 1,
        "nvalpha": 0,
        "nvbeta": 0,
        "orbitalshift": 0.0,
        "plot_cell": [],
        "plotcoul": false,
        "plotdens": false,
        "plothi": -1,
        "plotlo": 0,
        "print_level": 3,
        "protocol": [
            0.0001,
            1e-06
        ],
        "psp_calc": false,
        "pure_ae": true,
        "restart": false,
        "restartao": false,
        "save": true,
        "smear": 0.0,
        "spin_restricted": false,
        "vnucextra": 2
    },
    "precision": {
        "dconv": 0.0001,
        "econv": 1e-05,
        "eprec": 0.0001,
        "k": 8,
        "thresh": 1e-06
    },
    "return_energy": -100.85914723242625,
    "scf_e_data": {
        "e_coulomb": [
            60.133886095930585,
            57.82052604253985,
            59.030827834663135,
            58.82525757958978,
            58.85290607647456,
            58.83836542747976,
            58.83703730376932,
            58.83552738200497,
            58.83552550178998,
            58.835479310611895,
            58.83565106286001
        ],
        "e_kinetic": [
            101.15615802981378,
            99.47355784384993,
            100.61556166907528,
            100.5423834049073,
            100.61160815056135,
            100.59318998263754,
            100.58759781656903,
            100.58486625497086,
            100.58568986005508,
            100.58575448746092,
            100.59022338563496
        ],
        "e_local": [
            0.0,
            0.0,
            0.0,
            0.0,
            0.0,
            0.0,
            0.0,
            0.0,
            0.0,
            0.0,
            0.0
        ],
        "e_nrep": [
            8.608534381967718,
            8.608534381967718,
            8.608534381967718,
            8.608534381967718,
            8.608534381967718,
            8.608534381967718,
            8.608534381967718,
            8.608534381967718,
            8.608534381967718,
            8.608534381967718,
            8.608534381967718
        ],
        "e_nuclear": [
            -259.53766977458054,
            -255.903334460192,
            -258.118771313403,
            -257.8642169058986,
            -257.95623504680816,
            -257.92492973122,
            -257.91804662099935,
            -257.91394503353047,
            -257.914692784938,
            -257.914710563653,
            -257.91950745851994
        ],
        "e_pcm": [
            0.0,
            0.0,
            0.0,
            0.0,
            0.0,
            0.0,
            0.0,
            0.0,
            0.0,
            0.0,
            0.0
        ],
        "e_tot": [
            -100.75068273746375,
            -100.83982534457047,
            -100.85543152842915,
            -100.85816893005313,
            -100.85871229151884,
            -100.8587918501205,
            -100.8588200781258,
            -100.85883540593812,
            -100.85883619840415,
            -100.85883440410014,
            -100.85914723242625
        ],
        "e_xc": [
            -11.111591470595293,
            -10.839109152735956,
            -10.991584100732295,
            -10.970127390619316,
            -10.97552585371431,
            -10.973951910985503,
            -10.973942959432522,
            -10.973818391351188,
            -10.973893157278951,
            -10.973892020487675,
            -10.974048604368967
        ],
        "iterations": 11
    },
    "scf_eigenvalues_a": {
        "dims": [
            6
        ],
        "size": 6,
        "vals": [
            -24.299828615049528,
            -0.9951762109053508,
            -0.45521752951867667,
            -0.3986572379981097,
            -0.3986572487309554,
            -0.45245361270641693
        ]
    },
    "scf_eigenvalues_b": {
        "dims": [
            5
        ],
        "size": 5,
        "vals": [
            -24.306218657446152,
            -0.8410871787774372,
            -0.8408914241805086,
            -0.39432152374840834,
            -0.3943215237423612
        ]
    },
    "time": "2024-05-03 21:38:19",
    "wall_time": 33.939756870269775
}