{
    "calcinfo_nalpha": 14,
    "calcinfo_natom": 11,
    "calcinfo_nbeta": 13,
    "calcinfo_nmo": 27,
    "molecule": {
        "geometry": [
            [
                2.8075686612198862,
                -0.8468931290254612,
                -3.5627318100766034e-05
            ],
            [
                0.9543894987037754,
                1.3260989943544035,
                5.5716625719331485e-05
            ],
            [
                -3.524641810279145,
                -0.6428242065688474,
                -0.000109190179864779
            ],
            [
                2.5590491487263165,
                -2.0343003197169245,
                -1.6639105758638502
            ],
            [
                2.5589881702076727,
                -2.0345021394609533,
                1.6636896898857378
            ],
            [
                4.756488811480963,
                -0.16284406445825647,
                4.8466746286735005e-05
            ],
            [
                0.9868599929398943,
                2.487100013709431,
                -1.6954985627109247
            ],
            [
                0.986822995211492,
                2.48693816484122,
                1.6957216765914906
            ],
            [
                -1.256761649105679,
                0.27960489467609523,
                -6.455671134438145e-05
            ],
            [
                -4.245541433175195,
                0.30182167860378767,
                -1.5208612883030488
            ],
            [
                -4.24516232387342,
                0.3007160258138803,
                1.5215189457789942
            ]
        ],
        "symbols": [
            "C",
            "C",
            "N",
            "H",
            "H",
            "H",
            "H",
            "H",
            "H",
            "H",
            "H"
        ]
    },
    "parameters": {
        "charge": 0.0,
        "conv_only_dens": false,
        "dconv": 0.0001,
        "derivatives": false,
        "dipole": false,
        "econv": 1e-05,
        "ginitial_hessian": false,
        "gmaxiter": 20,
        "gopt": false,
        "gprec": 0.0001,
        "gtest": false,
        "gtol": 0.0001,
        "gval": 1e-05,
        "k": -1,
        "l": 54.756,
        "lo": 0.0016603,
        "loadbalparts": 2,
        "maxiter": 25,
        "maxrotn": 0.25,
        "maxsub": 10,
        "nalpha": 14,
        "nbeta": 13,
        "nio": 1,
        "nmo_alpha": 14,
        "nmo_beta": 13,
        "no_compute": false,
        "noiter": false,
        "nopen": 1,
        "npt_plot": 101,
        "nv_factor": 1,
        "nvalpha": 0,
        "nvbeta": 0,
        "orbitalshift": 0.0,
        "plot_cell": [],
        "plotcoul": false,
        "plotdens": false,
        "plothi": -1,
        "plotlo": 0,
        "print_level": 3,
        "protocol": [
            0.0001,
            1e-06
        ],
        "psp_calc": false,
        "pure_ae": true,
        "restart": false,
        "restartao": false,
        "save": true,
        "smear": 0.0,
        "spin_restricted": false,
        "vnucextra": 2
    },
    "precision": {
        "dconv": 0.0001,
        "econv": 1e-05,
        "eprec": 0.0001,
        "k": 8,
        "thresh": 1e-06
    },
    "return_energy": -135.5726656739555,
    "scf_e_data": {
        "e_coulomb": [
            148.38918984666094,
            141.54939985113754,
            143.4636606523716,
            143.68360743462517,
            143.6773449534086,
            143.65535554729846,
            143.64772898410064,
            143.6333089928689,
            143.63893789600797,
            143.6355695985092,
            143.63762258689133,
            143.63621228631158,
            143.63947595336543,
            143.63565329115903,
            143.64055038450442,
            143.63830388862584,
            143.63923537386103,
            143.6381822418433,
            143.64158204782478,
            143.64065833230217,
            143.6417745518366,
            143.64330816719658,
            143.64398519900715,
            143.64334375149818,
            143.64242325304525,
            143.6420700681651,
            143.6439320700344,
            143.64696841986054
        ],
        "e_kinetic": [
            137.38433709101122,
            133.42390662958104,
            134.65654635181386,
            134.9294223832021,
            134.98653660455503,
            134.99602893157967,
            135.01128255222898,
            134.98832149363795,
            134.9921820540089,
            134.99498900710103,
            135.00150780734572,
            134.99550316597657,
            134.99717244101265,
            134.99700753673784,
            134.99894750090778,
            134.99793455591512,
            135.00007604487183,
            134.9972537551427,
            134.99871987722787,
            134.99846161700788,
            134.99852863238326,
            134.99910262386402,
            134.99928203658092,
            134.9998799582027,
            134.9984988949622,
            134.99929961384356,
            134.99947418752217,
            135.0026692375273
        ],
        "e_local": [
            0.0,
            0.0,
            0.0,
            0.0,
            0.0,
            0.0,
            0.0,
            0.0,
            0.0,
            0.0,
            0.0,
            0.0,
            0.0,
            0.0,
            0.0,
            0.0,
            0.0,
            0.0,
            0.0,
            0.0,
            0.0,
            0.0,
            0.0,
            0.0,
            0.0,
            0.0,
            0.0,
            0.0
        ],
        "e_nrep": [
            78.78490141131596,
            78.78490141131596,
            78.78490141131596,
            78.78490141131596,
            78.78490141131596,
            78.78490141131596,
            78.78490141131596,
            78.78490141131596,
            78.78490141131596,
            78.78490141131596,
            78.78490141131596,
            78.78490141131596,
            78.78490141131596,
            78.78490141131596,
            78.78490141131596,
            78.78490141131596,
            78.78490141131596,
            78.78490141131596,
            78.78490141131596,
            78.78490141131596,
            78.78490141131596,
            78.78490141131596,
            78.78490141131596,
            78.78490141131596,
            78.78490141131596,
            78.78490141131596,
            78.78490141131596,
            78.78490141131596
        ],
        "e_nuclear": [
            -478.89865129622643,
            -469.0627615906748,
            -472.0294401834083,
            -472.48567510177696,
            -472.5310906001782,
            -472.5150632241153,
            -472.5083784429198,
            -472.4889748654084,
            -472.49744354060306,
            -472.4960814222141,
            -472.50002098763815,
            -472.4973450696971,
            -472.5022132967598,
            -472.49800333157975,
            -472.5047561853051,
            -472.5017209671419,
            -472.50283890320935,
            -472.50084589440087,
            -472.5055101642224,
            -472.5042590268545,
            -472.50558281753877,
            -472.5076991645139,
            -472.5085508585826,
            -472.50764256967705,
            -472.5062607257212,
            -472.5062927702825,
            -472.51056891846827,
            -472.51638111850326
        ],