{
    "calcinfo_nalpha": 5,
    "calcinfo_natom": 4,
    "calcinfo_nbeta": 5,
    "calcinfo_nmo": 10,
    "molecule": {
        "geometry": [
            [
                0.21333241335317282,
                0.0,
                0.0
            ],
            [
                -0.4977756311574031,
                0.8863047243657558,
                1.5351248255088803
            ],
            [
                -0.4977756311574031,
                0.8863047243657558,
                -1.5351248255088803
            ],
            [
                -0.4977756311574031,
                -1.7726094487315116,
                0.0
            ]
        ],
        "symbols": [
            "N",
            "H",
            "H",
            "H"
        ]
    },
    "parameters": {
        "charge": 0.0,
        "conv_only_dens": false,
        "dconv": 0.0001,
        "derivatives": false,
        "dipole": false,
        "econv": 1e-05,
        "ginitial_hessian": false,
        "gmaxiter": 20,
        "gopt": false,
        "gprec": 0.0001,
        "gtest": false,
        "gtol": 0.0001,
        "gval": 1e-05,
        "k": -1,
        "l": 51.773,
        "lo": 0.0016603,
        "loadbalparts": 2,
        "maxiter": 25,
        "maxrotn": 0.25,
        "maxsub": 10,
        "nalpha": 5,
        "nbeta": 5,
        "nio": 1,
        "nmo_alpha": 5,
        "nmo_beta": 5,
        "no_compute": false,
        "noiter": false,
        "nopen": 0,
        "npt_plot": 101,
        "nv_factor": 1,
        "nvalpha": 0,
        "nvbeta": 0,
        "orbitalshift": 0.0,
        "plot_cell": [],
        "plotcoul": false,
        "plotdens": false,
        "plothi": -1,
        "plotlo": 0,
        "print_level": 3,
        "protocol": [
            0.0001,
            1e-06
        ],
        "psp_calc": false,
        "pure_ae": true,
        "restart": false,
        "restartao": false,
        "save": true,
        "smear": 0.0,
        "spin_restricted": true,
        "vnucextra": 2
    },
    "precision": {
        "dconv": 0.0001,
        "econv": 1e-05,
        "eprec": 0.0001,
        "k": 8,
        "thresh": 1e-06
    },
    "return_energy": -56.22478488519205,
    "scf_e_data": {
        "e_coulomb": [
            41.57710161269456,
            38.56667151151929,
            39.139736493766534,
            39.18431319023088,
            39.13405024362966,
            39.122401875289064,
            39.12763182767769,
            39.12866222582109,
            39.128614508333776,
            39.127717909674296
        ],
        "e_kinetic": [
            57.78622912423364,
            55.62484982355077,
            56.0802259699068,
            56.16985791620738,
            56.161972290410915,
            56.16153076788669,
            56.16703982423565,
            56.16787907284493,
            56.16807096466064,
            56.163697246202545
        ],
        "e_local": [
            0.0,
            0.0,
            0.0,
            0.0,
            0.0,
            0.0,
            0.0,
            0.0,
            0.0,
            0.0
        ],
        "e_nrep": [
            11.972307208710209,
            11.972307208710209,
            11.972307208710209,
            11.972307208710209,
            11.972307208710209,
            11.972307208710209,
            11.972307208710209,
            11.972307208710209,
            11.972307208710209,
            11.972307208710209
        ],
        "e_nuclear": [
            -159.4464445790274,
            -154.80112762545193,
            -155.76045284324255,
            -155.8811558349997,
            -155.8233078053877,
            -155.8101943407641,
            -155.81966322235053,
            -155.82145318301951,
            -155.82146323181416,
            -155.8171190088783
        ],
        "e_pcm": [
            0.0,
            0.0,
            0.0,
            0.0,
            0.0,
            0.0,
            0.0,
            0.0,
            0.0,
            0.0
        ],
        "e_tot": [
            -56.03884389231753,
            -56.2037644610873,
            -56.219818741611164,
            -56.22319026918409,
            -56.22408412037085,
            -56.22424905054905,
            -56.224271013133375,
            -56.224264185302914,
            -56.2241242645884,
            -56.22478488519205
        ],
        "e_xc": [
            -7.928037258928547,
            -7.5664653794156305,
            -7.651635570752155,
            -7.668512749332849,
            -7.669106057733917,
            -7.67029456167091,
            -7.671586651406388,
            -7.671659509659621,
            -7.671653714478854,
            -7.671388240900788
        ],
        "iterations": 10
    },
    "scf_eigenvalues_a": {
        "dims": [
            5
        ],
        "size": 5,
        "vals": [
            -15.532177733023808,
            -0.7932629217643372,
            -0.793263697439905,
            -0.7932629241546949,
            -0.4584139355406358
        ]
    },
    "time": "2024-05-02 15:17:29",
    "wall_time": 16.803619146347046
}