{
    "calcinfo_nalpha": 7,
    "calcinfo_natom": 3,
    "calcinfo_nbeta": 7,
    "calcinfo_nmo": 14,
    "molecule": {
        "geometry": [
            [
                0.0,
                0.0,
                -0.9455525019769044
            ],
            [
                0.0,
                0.0,
                1.233310667644851
            ],
            [
                0.0,
                0.0,
                -2.9598596616525326
            ]
        ],
        "symbols": [
            "C",
            "N",
            "H"
        ]
    },
    "parameters": {
        "charge": 0.0,
        "conv_only_dens": false,
        "dconv": 0.0001,
        "derivatives": false,
        "dipole": false,
        "econv": 1e-05,
        "ginitial_hessian": false,
        "gmaxiter": 20,
        "gopt": false,
        "gprec": 0.0001,
        "gtest": false,
        "gtol": 0.0001,
        "gval": 1e-05,
        "k": -1,
        "l": 52.96,
        "lo": 0.0016603,
        "loadbalparts": 2,
        "maxiter": 25,
        "maxrotn": 0.25,
        "maxsub": 10,
        "nalpha": 7,
        "nbeta": 7,
        "nio": 1,
        "nmo_alpha": 7,
        "nmo_beta": 7,
        "no_compute": false,
        "noiter": false,
        "nopen": 0,
        "npt_plot": 101,
        "nv_factor": 1,
        "nvalpha": 0,
        "nvbeta": 0,
        "orbitalshift": 0.0,
        "plot_cell": [],
        "plotcoul": false,
        "plotdens": false,
        "plothi": -1,
        "plotlo": 0,
        "print_level": 3,
        "protocol": [
            0.0001,
            1e-06
        ],
        "psp_calc": false,
        "pure_ae": true,
        "restart": false,
        "restartao": false,
        "save": true,
        "smear": 0.0,
        "spin_restricted": true,
        "vnucextra": 2
    },
    "precision": {
        "dconv": 0.0001,
        "econv": 1e-05,
        "eprec": 0.0001,
        "k": 8,
        "thresh": 1e-06
    },
    "return_energy": -93.35451709127516,
    "scf_e_data": {
        "e_coulomb": [
            69.48135697214072,
            67.10852635257014,
            68.04264556329551,
            68.17711859721305,
            68.1164670406462,
            68.12733902360029,
            68.12588960396553,
            68.12381053930874,
            68.12372178251184,
            68.12255403355242
        ],
        "e_kinetic": [
            93.75760894209573,
            92.16580388731224,
            92.85918859045286,
            93.05479364906348,
            93.01882958873462,
            93.03326452428838,
            93.02808361470353,
            93.02632104013671,
            93.02672660958662,
            93.02538972365463
        ],
        "e_local": [
            0.0,
            0.0,
            0.0,
            0.0,
            0.0,
            0.0,
            0.0,
            0.0,
            0.0,
            0.0
        ],
        "e_nrep": [
            23.924180144297125,
            23.924180144297125,
            23.924180144297125,
            23.924180144297125,
            23.924180144297125,
            23.924180144297125,
            23.924180144297125,
            23.924180144297125,
            23.924180144297125,
            23.924180144297125
        ],
        "e_nuclear": [
            -267.7448953228402,
            -264.16912752344314,
            -265.7043781502938,
            -266.01645454390257,
            -265.92664314200516,
            -265.94988295334275,
            -265.9435241249002,
            -265.9399491494062,
            -265.93999731325005,
            -265.9386804129999
        ],
        "e_pcm": [
            0.0,
            0.0,
            0.0,
            0.0,
            0.0,
            0.0,
            0.0,
            0.0,
            0.0,
            0.0
        ],
        "e_tot": [
            -93.23200799016756,
            -93.32813686901804,
            -93.34986648195323,
            -93.35318889595449,
            -93.35355218229296,
            -93.35368066658127,
            -93.35371487151968,
            -93.35371955334077,
            -93.35345222805081,
            -93.35451709127516
        ],
        "e_xc": [
            -12.650258725860928,
            -12.357519729754383,
            -12.47150262970492,
            -12.492826742625564,
            -12.486385813965725,
            -12.488581405424302,
            -12.488344109585668,
            -12.48808212767716,
            -12.488083451196339,
            -12.487960579779458
        ],
        "iterations": 10
    },
    "scf_eigenvalues_a": {
        "dims": [
            7
        ],
        "size": 7,
        "vals": [
            -13.994782548996895,
            -9.922944514527398,
            -0.8364181001220734,
            -0.5631666097980275,
            -0.36975969696417366,
            -0.3321943625155439,
            -0.3321943618484342
        ]
    },
    "time": "2024-05-03 21:31:19",
    "wall_time": 17.773179054260254
}