{
    "calcinfo_nalpha": 14,
    "calcinfo_natom": 6,
    "calcinfo_nbeta": 14,
    "calcinfo_nmo": 28,
    "molecule": {
        "geometry": [
            [
                -3.491511039333281,
                0.0,
                0.0
            ],
            [
                -0.7972258417546816,
                0.0,
                0.0
            ],
            [
                -0.13954379432234468,
                -0.9671450729400735,
                1.6751444045784845
            ],
            [
                -0.13954379432234468,
                -0.9671450729400735,
                -1.6751444045784845
            ],
            [
                -0.13954379432234468,
                1.934290145880147,
                0.0
            ],
            [
                4.069509531943851,
                0.0,
                0.0
            ]
        ],
        "symbols": [
            "F",
            "C",
            "H",
            "H",
            "H",
            "F"
        ]
    },
    "parameters": {
        "charge": -1.0,
        "conv_only_dens": false,
        "dconv": 0.0001,
        "derivatives": false,
        "dipole": false,
        "econv": 1e-05,
        "ginitial_hessian": false,
        "gmaxiter": 20,
        "gopt": false,
        "gprec": 0.0001,
        "gtest": false,
        "gtol": 0.0001,
        "gval": 1e-05,
        "k": -1,
        "l": 54.07,
        "lo": 0.0010921,
        "loadbalparts": 2,
        "maxiter": 25,
        "maxrotn": 0.25,
        "maxsub": 10,
        "nalpha": 14,
        "nbeta": 14,
        "nio": 1,
        "nmo_alpha": 14,
        "nmo_beta": 14,
        "no_compute": false,
        "noiter": false,
        "nopen": 0,
        "npt_plot": 101,
        "nv_factor": 1,
        "nvalpha": 0,
        "nvbeta": 0,
        "orbitalshift": 0.0,
        "plot_cell": [],
        "plotcoul": false,
        "plotdens": false,
        "plothi": -1,
        "plotlo": 0,
        "print_level": 3,
        "protocol": [
            0.0001,
            1e-06
        ],
        "psp_calc": false,
        "pure_ae": true,
        "restart": false,
        "restartao": false,
        "save": true,
        "smear": 0.0,
        "spin_restricted": true,
        "vnucextra": 2
    },
    "precision": {
        "dconv": 0.0001,
        "econv": 1e-05,
        "eprec": 0.0001,
        "k": 8,
        "thresh": 1e-06
    },
    "return_energy": -239.49005663943262,
    "scf_e_data": {
        "e_coulomb": [
            196.72535790531612,
            185.41311563222186,
            190.53153486384485,
            190.74535487158735,
            189.78930341086476,
            190.42267791680973,
            190.4540669390761,
            190.42523629331222,
            190.43571518458316,
            190.4537660059676,
            190.451425970011,
            190.45330542149432,
            190.45250356892663,
            190.46046642889831,
            190.4600767237236,
            190.44157720594436,
            190.4662478627846,
            190.45795333445272,
            190.4565211070703
        ],
        "e_kinetic": [
            242.3245520212988,
            233.9983413256083,
            238.17120806512432,
            238.83692239804677,
            238.9254826744254,
            238.75354135228267,
            238.76322333360721,
            238.7838369348671,
            238.80144094555925,
            238.79795266618942,
            238.78676147763264,
            238.7850311528095,
            238.78566138207213,
            238.79246953722134,
            238.79317058675872,
            238.79068262322835,
            238.80848141505126,
            238.80565885100148,
            238.80552471860548
        ],
        "e_local": [
            0.0,
            0.0,
            0.0,
            0.0,
            0.0,
            0.0,
            0.0,
            0.0,
            0.0,
            0.0,
            0.0,
            0.0,
            0.0,
            0.0,
            0.0,
            0.0,
            0.0,
            0.0,
            0.0
        ],
        "e_nrep": [
            64.36222991272926,
            64.36222991272926,
            64.36222991272926,
            64.36222991272926,
            64.36222991272926,
            64.36222991272926,
            64.36222991272926,
            64.36222991272926,
            64.36222991272926,
            64.36222991272926,
            64.36222991272926,
            64.36222991272926,
            64.36222991272926,
            64.36222991272926,
            64.36222991272926,
            64.36222991272926,
            64.36222991272926,
            64.36222991272926,
            64.36222991272926
        ],
        "e_nuclear": [
            -714.415571156419,
            -696.322040631051,
            -705.1649861245214,
            -706.0046107312662,
            -705.2096659790112,
            -705.6381973931477,
            -705.6769994845127,
            -705.6712660940319,
            -705.6977860756906,
            -705.7110346550089,
            -705.6983951985554,
            -705.6986694910102,
            -705.6986212468101,
            -705.7125704929006,
            -705.7126023821888,
            -705.6953176949537,
            -705.7349491721903,
            -705.7246963148355,
            -705.7232538263256
        ],
        "e_pcm": [
            0.0,
            0.0,
            0.0,
            0.0,
            0.0,
            0.0,
            0.0,
            0.0,
            0.0,
            0.0,
            0.0,
            0.0,
            0.0,
            0.0,
            0.0,
            0.0,
            0.0,
            0.0,
            0.0
        ],
        "e_tot": [
            -239.10715742372628,
            -239.32019531172523,
            -239.47336229491623,
            -239.48298884065508,
            -239.47239217579022,
            -239.48711505178392,
            -239.48751829427556,
            -239.48792453967832,
            -239.48804930408608,
            -239.48818641002396,
            -239.48821822356734,
            -239.48829518311481,
            -239.48829969978482,
            -239.48829857906736,
            -239.48803724831703,
            -239.49005089487025,
            -239.4900542612868,
            -239.49005658410795,
            -239.49005663943262
        ],
        "e_xc": [
            -28.1037261066515,
            -26.771841551233692,
            -27.373349012093314,
            -27.42288529175228,
            -27.339742194798486,
            -27.387366840457894,
            -27.390038995175495,
            -27.38796158655501,
            -27.389649271267174,
            -27.391100339901378,
            -27.390240385384832,
            -27.390192179137784,
            -27.39007331670275,
            -27.390893965015724,
            -27.390912089339775,
            -27.389222941818524,
            -27.392064279661582,
            -27.391202367455925,
            -27.391078551512102
        ],
        "iterations": 19
    },
    "scf_eigenvalues_a": {
        "dims": [
            14
        ],
        "size": 14,
        "vals": [
            -24.067093020825887,
            -23.857525288936912,
            -9.75393143694615,
            -0.6182501985821607,
            -0.6476686130516267,
            -0.27336518547960087,
            -0.5769668891095883,
            -0.27336522058049173,
            -0.2733690286069481,
            0.022495197749000884,
            0.022495302769113934,
            0.02023237509997111,
            -0.17256578457122496,
            -0.17256566322700184
        ]
    },
    "time": "2024-05-03 21:23:30",
    "wall_time": 82.24532985687256
}