{
    "calcinfo_nalpha": 14,
    "calcinfo_natom": 10,
    "calcinfo_nbeta": 13,
    "calcinfo_nmo": 27,
    "molecule": {
        "geometry": [
            [
                0.048146834630024636,
                -0.843509383282119,
                -2.7558500457846855
            ],
            [
                -0.051954717832736086,
                1.317939286058454,
                -0.8870815162298776
            ],
            [
                -0.1002593438550626,
                -0.594619642838737,
                3.501730348185077
            ],
            [
                1.7210407418100582,
                -2.005150948562616,
                -2.459979520626908
            ],
            [
                -1.608379475880845,
                -2.0526018701730204,
                -2.5824698383804
            ],
            [
                0.10799833299974924,
                -0.1263848453978486,
                -4.69077038391721
            ],
            [
                1.6271193785093605,
                2.504729808009038,
                -0.890192685192124
            ],
            [
                -1.754720842574183,
                2.4632488776288985,
                -1.0082110106232374
            ],
            [
                -0.14827737898690588,
                0.3927147731726584,
                1.1909698898800043
            ],
            [
                0.8801412941795357,
                0.7338219313747781,
                4.284400135466632
            ]
        ],
        "symbols": [
            "C",
            "C",
            "O",
            "H",
            "H",
            "H",
            "H",
            "H",
            "H",
            "H"
        ]
    },
    "parameters": {
        "charge": 0.0,
        "conv_only_dens": false,
        "dconv": 0.0001,
        "derivatives": false,
        "dipole": false,
        "econv": 1e-05,
        "ginitial_hessian": false,
        "gmaxiter": 20,
        "gopt": false,
        "gprec": 0.0001,
        "gtest": false,
        "gtol": 0.0001,
        "gval": 1e-05,
        "k": -1,
        "l": 54.691,
        "lo": 0.001329,
        "loadbalparts": 2,
        "maxiter": 25,
        "maxrotn": 0.25,
        "maxsub": 10,
        "nalpha": 14,
        "nbeta": 13,
        "nio": 1,
        "nmo_alpha": 14,
        "nmo_beta": 13,
        "no_compute": false,
        "noiter": true,
        "nopen": 1,
        "npt_plot": 101,
        "nv_factor": 1,
        "nvalpha": 0,
        "nvbeta": 0,
        "orbitalshift": 0.0,
        "plot_cell": [],
        "plotcoul": false,
        "plotdens": false,
        "plothi": -1,
        "plotlo": 0,
        "print_level": 3,
        "protocol": [
            1e-06
        ],
        "psp_calc": false,
        "pure_ae": true,
        "restart": true,
        "restartao": false,
        "save": true,
        "smear": 0.0,
        "spin_restricted": false,
        "vnucextra": 2
    },
    "precision": {
        "dconv": 0.0001,
        "econv": 1e-05,
        "eprec": 0.0001,
        "k": 8,
        "thresh": 1e-06
    },
    "return_energy": -155.3979469470774,
    "scf_e_data": {
        "e_coulomb": [
            151.56804925879035
        ],
        "e_kinetic": [
            154.6094822838067
        ],
        "e_local": [
            0.0
        ],
        "e_nrep": [
            76.62128212864758
        ],
        "e_nuclear": [
            -516.3842078435663
        ],
        "e_pcm": [
            0.0
        ],
        "e_tot": [
            -155.3979469470774
        ],
        "e_xc": [
            -21.812552774755744
        ],
        "iterations": 1
    },
    "scf_eigenvalues_a": {
        "dims": [
            14
        ],
        "size": 14,
        "vals": [
            -20.60913562133244,
            -11.205646307932017,
            -11.22381804802135,
            -1.0611453943468852,
            -0.6507165143303566,
            -0.6718466903645962,
            -0.6163457611214129,
            -0.6695934799139056,
            -0.6501721028455949,
            -0.6982357470777147,
            -0.8090954017615695,
            -0.6503873032019429,
            -0.5438175540863233,
            -0.8050645660027009
        ]
    },
    "scf_eigenvalues_b": {
        "dims": [
            13
        ],
        "size": 13,
        "vals": [
            -20.572784615062552,
            -11.206713975215258,
            -11.211081987666724,
            -0.9973345004701386,
            -0.6508226613267443,
            -0.6627081974041417,
            -0.6106415552950178,
            -0.6603937351094699,
            -0.6481787399352055,
            -0.6911224893944181,
            -0.8509326067907228,
            -0.6504918107470505,
            -0.5024026529817696
        ]
    },
    "time": "2024-05-02 17:27:55",
    "wall_time": 13.140783786773682
}