{
    "calcinfo_nalpha": 8,
    "calcinfo_natom": 3,
    "calcinfo_nbeta": 7,
    "calcinfo_nmo": 15,
    "molecule": {
        "geometry": [
            [
                -2.1210461407495225,
                -1.3043771283905634,
                0.0
            ],
            [
                -0.9448857168165529,
                0.28628826144769226,
                0.0
            ],
            [
                1.2478923083521989,
                -0.09994867167761182,
                0.0
            ]
        ],
        "symbols": [
            "H",
            "N",
            "N"
        ]
    },
    "parameters": {
        "charge": 0.0,
        "conv_only_dens": false,
        "dconv": 0.0001,
        "derivatives": false,
        "dipole": false,
        "econv": 1e-05,
        "ginitial_hessian": false,
        "gmaxiter": 20,
        "gopt": false,
        "gprec": 0.0001,
        "gtest": false,
        "gtol": 0.0001,
        "gval": 1e-05,
        "k": -1,
        "l": 52.121,
        "lo": 0.0016603,
        "loadbalparts": 2,
        "maxiter": 25,
        "maxrotn": 0.25,
        "maxsub": 10,
        "nalpha": 8,
        "nbeta": 7,
        "nio": 1,
        "nmo_alpha": 8,
        "nmo_beta": 7,
        "no_compute": false,
        "noiter": false,
        "nopen": 1,
        "npt_plot": 101,
        "nv_factor": 1,
        "nvalpha": 0,
        "nvbeta": 0,
        "orbitalshift": 0.0,
        "plot_cell": [],
        "plotcoul": false,
        "plotdens": false,
        "plothi": -1,
        "plotlo": 0,
        "print_level": 3,
        "protocol": [
            0.0001,
            1e-06
        ],
        "psp_calc": false,
        "pure_ae": true,
        "restart": false,
        "restartao": false,
        "save": true,
        "smear": 0.0,
        "spin_restricted": false,
        "vnucextra": 2
    },
    "precision": {
        "dconv": 0.0001,
        "econv": 1e-05,
        "eprec": 0.0001,
        "k": 8,
        "thresh": 1e-06
    },
    "return_energy": -109.4781654655556,
    "scf_e_data": {
        "e_coulomb": [
            80.20758312691481,
            79.21563792390187,
            79.3336989873305,
            79.27127854561071,
            79.2484111842449,
            79.25164664779085,
            79.25221982054055,
            79.25352395304245,
            79.26838529638871,
            79.26199085347785,
            79.26439303918576,
            79.26702352047235,
            79.26699382095057,
            79.26696223196969,
            79.26959921180682,
            79.27443486381985,
            79.28092175522859,
            79.287354923179,
            79.29837448715436,
            79.29718601734511,
            79.29866360562104,
            79.29767107459975,
            79.30228401831151,
            79.29579167238171,
            79.29984659362133,
            79.29976487961049,
            79.29922654513373,
            79.2998650730782
        ],
        "e_kinetic": [
            109.92362398550853,
            109.14735809741623,
            109.29558779384452,
            109.29060580023507,
            109.30089829733116,
            109.30598920908716,
            109.31072720981896,
            109.3160743082502,
            109.33459444067492,
            109.33406374287001,
            109.34300256571342,
            109.34406075854216,
            109.34719372379475,
            109.35267699064227,
            109.35711003696272,
            109.36263516487344,
            109.37083885999493,
            109.37891601358646,
            109.39610199447213,
            109.39183563070254,
            109.39495902932723,
            109.3932749615985,
            109.40558584738602,
            109.39206393619186,
            109.40117949809253,
            109.40165745645604,
            109.3937274932395,
            109.39248663392995
        ],
        "e_local": [
            0.0,
            0.0,
            0.0,
            0.0,
            0.0,
            0.0,
            0.0,
            0.0,
            0.0,
            0.0,
            0.0,
            0.0,
            0.0,
            0.0,
            0.0,
            0.0,
            0.0,
            0.0,
            0.0,
            0.0,
            0.0,
            0.0,
            0.0,
            0.0,
            0.0,
            0.0,
            0.0,
            0.0
        ],
        "e_nrep": [
            27.502264135027307,
            27.502264135027307,
            27.502264135027307,
            27.502264135027307,
            27.502264135027307,
            27.502264135027307,
            27.502264135027307,
            27.502264135027307,
            27.502264135027307,
            27.502264135027307,
            27.502264135027307,
            27.502264135027307,
            27.502264135027307,
            27.502264135027307,
            27.502264135027307,
            27.502264135027307,
            27.502264135027307,
            27.502264135027307,
            27.502264135027307,
            27.502264135027307,
            27.502264135027307,
            27.502264135027307,
            27.502264135027307,
            27.502264135027307,
            27.502264135027307,
            27.502264135027307,
            27.502264135027307,
            27.502264135027307
        ],
        "e_nuclear": [
            -313.4307960510213,
            -311.8899030212668,
            -312.1406522337016,
            -312.0726237669367,
            -312.0540965886359,
            -312.0603546780888,
            -312.06368983152447,
            -312.06846795540446,
            -312.0963215748024,
            -312.09096230410216,
            -312.10031126842455,
            -312.1033501248084,
            -312.10549571283366,
            -312.1081028371777,
            -312.11142523378453,
            -312.1187991825685,
            -312.12994333752266,
            -312.1413507374789,
            -312.1647671921823,
            -312.1604109165581,
            -312.16262207329225,
            -312.1608948561297,
            -312.17310009145154,
            -312.1591201551505,
            -312.16846317270205,
            -312.1684568483875,
            -312.1616621289524,
            -312.16109045910804
        ],
        "e_pcm": [
            0.0,
            0.0,
            0.0,
            0.0,
            0.0,
            0.0,
            0.0,
            0.0,
            0.0,
            0.0,
            0.0,
            0.0,
            0.0,
            0.0,
            0.0,
            0.0,
            0.0,
            0.0,
            0.0,
            0.0,
            0.0,
            0.0,
            0.0,
            0.0,
            0.0,
            0.0,
            0.0,
            0.0
        ],
        "e_tot": [
            -109.3173907905686,
            -109.45462114933406,
            -109.46866236257495,
            -109.47139202516371,
            -109.47308552050981,
            -109.47378981483735,
            -109.47424718405554,
            -109.47458900044654,
            -109.47522982502144,
            -109.47545032552884,
            -109.47565111955996,
            -109.47576398315925,
            -109.47590959191845,
            -109.47612051107646,
            -109.47635440895368,
            -109.47655345581973,
            -109.47673439965283,
            -109.4769083991174,
            -109.47710217133468,
            -109.47729414721164,
            -109.47732214660863,
            -109.47735420095955,
            -109.47736303806548,
            -109.47737628961647,
            -109.47737143741816,
            -109.47688241701411,
            -109.47816368701055,
            -109.4781654655556
        ],