{
    "calcinfo_nalpha": 9,
    "calcinfo_natom": 7,
    "calcinfo_nbeta": 8,
    "calcinfo_nmo": 17,
    "molecule": {
        "geometry": [
            [
                -0.41377130962778147,
                -1.0731317230988258,
                -9.563524128292905e-05
            ],
            [
                0.07924050552847191,
                1.419448320647378,
                6.677967317240313e-05
            ],
            [
                2.8946194080100858,
                -2.823032859454424,
                0.0009242204538530863
            ],
            [
                -0.7721926808651021,
                -2.0819030631413167,
                -1.7397785924708467
            ],
            [
                -0.7731065852844805,
                -2.0825203037073883,
                1.7389916765257725
            ],
            [
                0.32836588924277826,
                2.4549997051321797,
                1.742978051326437
            ],
            [
                0.3294987934925755,
                2.4545569358796344,
                -1.7429422224265523
            ]
        ],
        "symbols": [
            "C",
            "C",
            "H",
            "H",
            "H",
            "H",
            "H"
        ]
    },
    "parameters": {
        "charge": 0.0,
        "conv_only_dens": false,
        "dconv": 0.0001,
        "derivatives": false,
        "dipole": false,
        "econv": 1e-05,
        "ginitial_hessian": false,
        "gmaxiter": 20,
        "gopt": false,
        "gprec": 0.0001,
        "gtest": false,
        "gtol": 0.0001,
        "gval": 1e-05,
        "k": -1,
        "l": 52.895,
        "lo": 0.0021467,
        "loadbalparts": 2,
        "maxiter": 25,
        "maxrotn": 0.25,
        "maxsub": 10,
        "nalpha": 9,
        "nbeta": 8,
        "nio": 1,
        "nmo_alpha": 9,
        "nmo_beta": 8,
        "no_compute": false,
        "noiter": true,
        "nopen": 1,
        "npt_plot": 101,
        "nv_factor": 1,
        "nvalpha": 0,
        "nvbeta": 0,
        "orbitalshift": 0.0,
        "plot_cell": [],
        "plotcoul": false,
        "plotdens": false,
        "plothi": -1,
        "plotlo": 0,
        "print_level": 3,
        "protocol": [
            1e-06
        ],
        "psp_calc": false,
        "pure_ae": true,
        "restart": true,
        "restartao": false,
        "save": true,
        "smear": 0.0,
        "spin_restricted": false,
        "vnucextra": 2
    },
    "precision": {
        "dconv": 0.0001,
        "econv": 1e-05,
        "eprec": 0.0001,
        "k": 8,
        "thresh": 1e-06
    },
    "return_energy": -78.97927219791767,
    "scf_e_data": {
        "e_coulomb": [
            74.14358996692974
        ],
        "e_kinetic": [
            78.52842404846278
        ],
        "e_local": [
            0.0
        ],
        "e_nrep": [
            36.85246400757819
        ],
        "e_nuclear": [
            -255.99490409655783
        ],
        "e_pcm": [
            0.0
        ],
        "e_tot": [
            -78.97927219791767
        ],
        "e_xc": [
            -12.508846124330557
        ],
        "iterations": 1
    },
    "scf_eigenvalues_a": {
        "dims": [
            9
        ],
        "size": 9,
        "vals": [
            -11.221557167929145,
            -11.224542455963295,
            -0.852342774088017,
            -0.6828533695561441,
            -0.6828820672457043,
            -0.6968160425109737,
            -0.6968267850332781,
            -0.39806948889037064,
            -0.47209909589080246
        ]
    },
    "scf_eigenvalues_b": {
        "dims": [
            8
        ],
        "size": 8,
        "vals": [
            -11.233145008440633,
            -11.209883716227548,
            -0.8464590372631129,
            -0.6989608553109965,
            -0.6989910196828548,
            -0.6749065111242678,
            -0.6749159644604865,
            -0.4007548820930762
        ]
    },
    "time": "2024-05-02 17:20:21",
    "wall_time": 8.006263971328735
}