{
    "calcinfo_nalpha": 22,
    "calcinfo_natom": 6,
    "calcinfo_nbeta": 22,
    "calcinfo_nmo": 44,
    "molecule": {
        "geometry": [
            [
                -0.0002709602777017297,
                -0.0002428861046891896,
                4.389044873223128
            ],
            [
                0.0009826181958274166,
                0.0009052060774621273,
                -0.00016089868329034624
            ],
            [
                1.417221725631755,
                -1.4400967580059147,
                0.00014606869681221664
            ],
            [
                -1.9550465347022952,
                -0.505091633163889,
                -0.0006044870769666461
            ],
            [
                0.5408066930577653,
                1.9479257713902542,
                0.00015353493566031245
            ],
            [
                -0.0002512510847799983,
                -0.00023762075914746732,
                -4.38897015113229
            ]
        ],
        "symbols": [
            "Cl",
            "C",
            "H",
            "H",
            "H",
            "Cl"
        ]
    },
    "parameters": {
        "charge": -1.0,
        "conv_only_dens": false,
        "dconv": 0.0001,
        "derivatives": false,
        "dipole": false,
        "econv": 1e-05,
        "ginitial_hessian": false,
        "gmaxiter": 20,
        "gopt": false,
        "gprec": 0.0001,
        "gtest": false,
        "gtol": 0.0001,
        "gval": 1e-05,
        "k": -1,
        "l": 54.389,
        "lo": 0.00037839,
        "loadbalparts": 2,
        "maxiter": 25,
        "maxrotn": 0.25,
        "maxsub": 10,
        "nalpha": 22,
        "nbeta": 22,
        "nio": 1,
        "nmo_alpha": 22,
        "nmo_beta": 22,
        "no_compute": false,
        "noiter": true,
        "nopen": 0,
        "npt_plot": 101,
        "nv_factor": 1,
        "nvalpha": 0,
        "nvbeta": 0,
        "orbitalshift": 0.0,
        "plot_cell": [],
        "plotcoul": false,
        "plotdens": false,
        "plothi": -1,
        "plotlo": 0,
        "print_level": 3,
        "protocol": [
            1e-06
        ],
        "psp_calc": false,
        "pure_ae": true,
        "restart": true,
        "restartao": false,
        "save": true,
        "smear": 0.0,
        "spin_restricted": true,
        "vnucextra": 2
    },
    "precision": {
        "dconv": 0.0001,
        "econv": 1e-05,
        "eprec": 0.0001,
        "k": 8,
        "thresh": 1e-06
    },
    "return_energy": -959.9745279189764,
    "scf_e_data": {
        "e_coulomb": [
            545.4918473833948
        ],
        "e_kinetic": [
            958.7312381539319
        ],
        "e_local": [
            0.0
        ],
        "e_nrep": [
            110.27956364161341
        ],
        "e_nuclear": [
            -2511.684136188971
        ],
        "e_pcm": [
            0.0
        ],
        "e_tot": [
            -959.9745279189764
        ],
        "e_xc": [
            -62.79304090894537
        ],
        "iterations": 1
    },
    "scf_eigenvalues_a": {
        "dims": [
            22
        ],
        "size": 22,
        "vals": [
            -104.58539856827531,
            -104.5853591401985,
            -11.16769895334983,
            -10.310837799163629,
            -10.313369155296272,
            -7.7792647924785925,
            -7.781784425672139,
            -7.778279242589381,
            -7.7793367690934545,
            -7.7786085983652065,
            -7.778863694872591,
            -0.7613436905861941,
            -0.7613287511456401,
            -0.5904107991640597,
            -0.5904085483934656,
            -0.5904197295366196,
            -0.32050957735393437,
            -0.23737582407177227,
            -0.23737593174901495,
            -0.23741120449223807,
            -0.23741120858382647,
            -0.32043372228919775
        ]
    },
    "time": "2024-05-03 15:25:36",
    "wall_time": 10.488336086273193
}