{
    "calcinfo_nalpha": 18,
    "calcinfo_natom": 6,
    "calcinfo_nbeta": 17,
    "calcinfo_nmo": 35,
    "molecule": {
        "geometry": [
            [
                -6.704237838210413e-05,
                -0.002337924065117531,
                -2.749079319185406
            ],
            [
                0.0002032784615121908,
                0.008751934074747083,
                0.6114919247967812
            ],
            [
                -0.000123175205017717,
                -0.004057984603563696,
                4.511571229641231
            ],
            [
                -1.2214151962532651,
                -1.6207759291800017,
                4.715031209080051
            ],
            [
                2.009964142637823,
                -0.2548726137688211,
                4.719241217299864
            ],
            [
                -0.7884996808755657,
                1.8609737530044794,
                4.727221298753566
            ]
        ],
        "symbols": [
            "Cl",
            "F",
            "C",
            "H",
            "H",
            "H"
        ]
    },
    "parameters": {
        "charge": 0.0,
        "conv_only_dens": false,
        "dconv": 0.0001,
        "derivatives": false,
        "dipole": false,
        "econv": 1e-05,
        "ginitial_hessian": false,
        "gmaxiter": 20,
        "gopt": false,
        "gprec": 0.0001,
        "gtest": false,
        "gtol": 0.0001,
        "gval": 1e-05,
        "k": -1,
        "l": 54.727,
        "lo": 0.00037839,
        "loadbalparts": 2,
        "maxiter": 25,
        "maxrotn": 0.25,
        "maxsub": 10,
        "nalpha": 18,
        "nbeta": 17,
        "nio": 1,
        "nmo_alpha": 18,
        "nmo_beta": 17,
        "no_compute": false,
        "noiter": false,
        "nopen": 1,
        "npt_plot": 101,
        "nv_factor": 1,
        "nvalpha": 0,
        "nvbeta": 0,
        "orbitalshift": 0.0,
        "plot_cell": [],
        "plotcoul": false,
        "plotdens": false,
        "plothi": -1,
        "plotlo": 0,
        "print_level": 3,
        "protocol": [
            0.0001,
            1e-06
        ],
        "psp_calc": false,
        "pure_ae": true,
        "restart": false,
        "restartao": false,
        "save": true,
        "smear": 0.0,
        "spin_restricted": false,
        "vnucextra": 2
    },
    "precision": {
        "dconv": 0.0001,
        "econv": 1e-05,
        "eprec": 0.0001,
        "k": 8,
        "thresh": 1e-06
    },
    "return_energy": -598.4739969347155,
    "scf_e_data": {
        "e_coulomb": [
            368.88176866225797,
            367.2671922461126,
            367.3845393345069,
            367.2649789245534,
            367.28720269391135,
            367.2406168128645,
            367.24343059726846,
            367.2333362681059,
            367.24065262604825,
            367.22947164422214,
            367.2238705638696,
            367.19856289221013,
            367.20230424871966,
            367.18373998391235,
            367.20724103538,
            367.205495925351,
            367.2191361109775,
            367.2452029014945,
            367.25417889476137,
            367.26579114000083,
            367.2706994676144,
            367.27479091681187,
            367.2758415012819,
            367.2758962701482,
            367.2753274853222,
            367.277197761165,
            367.2808850019753
        ],
        "e_kinetic": [
            598.8109659359686,
            597.9161165250441,
            598.2637990416188,
            598.3469238679693,
            598.3948563738923,
            598.3477460816755,
            598.3699546772193,
            598.3766679149101,
            598.3950529982394,
            598.4195173049887,
            598.4564395500757,
            598.4827867818016,
            598.5392256170718,
            598.4801412031505,
            598.5253510448699,
            598.4951481946242,
            598.4960700508408,
            598.5260527314955,
            598.5279984394224,
            598.5326476019917,
            598.5302789451903,
            598.5314834505895,
            598.5316495257568,
            598.5316596005191,
            598.5329701670533,
            598.5271898720714,
            598.5299189348623
        ],
        "e_local": [
            0.0,
            0.0,
            0.0,
            0.0,
            0.0,
            0.0,
            0.0,
            0.0,
            0.0,
            0.0,
            0.0,
            0.0,
            0.0,
            0.0,
            0.0,
            0.0,
            0.0,
            0.0,
            0.0,
            0.0,
            0.0,
            0.0,
            0.0,
            0.0,
            0.0,
            0.0,
            0.0
        ],
        "e_nrep": [
            95.59991061827773,
            95.59991061827773,
            95.59991061827773,
            95.59991061827773,
            95.59991061827773,
            95.59991061827773,
            95.59991061827773,
            95.59991061827773,
            95.59991061827773,
            95.59991061827773,
            95.59991061827773,
            95.59991061827773,
            95.59991061827773,
            95.59991061827773,
            95.59991061827773,
            95.59991061827773,
            95.59991061827773,
            95.59991061827773,
            95.59991061827773,
            95.59991061827773,
            95.59991061827773,
            95.59991061827773,
            95.59991061827773,
            95.59991061827773,
            95.59991061827773,
            95.59991061827773,
            95.59991061827773
        ],
        "e_nuclear": [
            -1617.6986848201234,
            -1615.5477163861003,
            -1615.9842261372576,
            -1615.9444315113592,
            -1616.0021636903705,
            -1615.9059709402338,
            -1615.9277071179235,
            -1615.921995295008,
            -1615.9345841642387,
            -1615.9388081642428,
            -1615.9613764142778,
            -1615.9601461075144,
            -1616.007127655093,
            -1615.9440189858003,
            -1616.0019488519074,
            -1615.9770809117654,
            -1615.9925014384796,
            -1616.04278726035,
            -1616.053993479678,
            -1616.0693415619703,
            -1616.0725497588646,
            -1616.0777515587479,
            -1616.078953415897,
            -1616.0790910656813,
            -1616.079154592861,
            -1616.0778855464503,
            -1616.083858907672
        ],
        "e_pcm": [
            0.0,
            0.0,
            0.0,
            0.0,
            0.0,
            0.0,
            0.0,
            0.0,
            0.0,
            0.0,
            0.0,
            0.0,
            0.0,
            0.0,
            0.0,
            0.0,
            0.0,
            0.0,
            0.0,
            0.0,
            0.0,
            0.0,
            0.0,
            0.0,
            0.0,
            0.0,
            0.0
        ],
        "e_tot": [
            -598.2299833096558,
            -598.4341592976974,
            -598.4496522797007,
            -598.4568618537003,
            -598.4601332565197,
            -598.4625444557355,
            -598.4638293208678,
            -598.4647100302327,
            -598.4669207726195,
            -598.468667691688,
            -598.4698327953716,
            -598.4706842569833,
            -598.470878792613,
            -598.4709845417281,
            -598.4712543812964,
            -598.471264579152,
            -598.4711539403299,
            -598.4714598803798,
            -598.4714887710611,
            -598.4715054928778,
            -598.4715294514992,
            -598.4715338869917,
            -598.4715356823234,
            -598.4715240397915,
            -598.4708597010389,
            -598.4739882026821,
            -598.4739969347155
        ],