{
    "calcinfo_nalpha": 13,
    "calcinfo_natom": 5,
    "calcinfo_nbeta": 13,
    "calcinfo_nmo": 26,
    "molecule": {
        "geometry": [
            [
                -2.1276197713397473,
                0.0,
                0.0
            ],
            [
                1.2412304759150028,
                0.0,
                0.0
            ],
            [
                -2.7783998208388554,
                -0.9713150749057281,
                -1.6823670512419413
            ],
            [
                -2.7783998208388554,
                -0.9713150749057281,
                1.6823670512419413
            ],
            [
                -2.7783998208388554,
                1.9426301498114562,
                0.0
            ]
        ],
        "symbols": [
            "C",
            "Cl",
            "H",
            "H",
            "H"
        ]
    },
    "parameters": {
        "charge": 0.0,
        "conv_only_dens": false,
        "dconv": 0.0001,
        "derivatives": false,
        "dipole": false,
        "econv": 1e-05,
        "ginitial_hessian": false,
        "gmaxiter": 20,
        "gopt": false,
        "gprec": 0.0001,
        "gtest": false,
        "gtol": 0.0001,
        "gval": 1e-05,
        "k": -1,
        "l": 52.778,
        "lo": 0.00037839,
        "loadbalparts": 2,
        "maxiter": 25,
        "maxrotn": 0.25,
        "maxsub": 10,
        "nalpha": 13,
        "nbeta": 13,
        "nio": 1,
        "nmo_alpha": 13,
        "nmo_beta": 13,
        "no_compute": false,
        "noiter": false,
        "nopen": 0,
        "npt_plot": 101,
        "nv_factor": 1,
        "nvalpha": 0,
        "nvbeta": 0,
        "orbitalshift": 0.0,
        "plot_cell": [],
        "plotcoul": false,
        "plotdens": false,
        "plothi": -1,
        "plotlo": 0,
        "print_level": 3,
        "protocol": [
            0.0001,
            1e-06
        ],
        "psp_calc": false,
        "pure_ae": true,
        "restart": false,
        "restartao": false,
        "save": true,
        "smear": 0.0,
        "spin_restricted": true,
        "vnucextra": 2
    },
    "precision": {
        "dconv": 0.0001,
        "econv": 1e-05,
        "eprec": 0.0001,
        "k": 8,
        "thresh": 1e-06
    },
    "return_energy": -499.9105864467732,
    "scf_e_data": {
        "e_coulomb": [
            275.16939892627596,
            273.02536336902415,
            273.7081653546871,
            273.68182980842266,
            273.71424171107395,
            273.71613134790255,
            273.7194108725422,
            273.72120550729267,
            273.7209036208317,
            273.71938742310226,
            273.72312385220573
        ],
        "e_kinetic": [
            499.740058269748,
            498.41289320149616,
            498.9468875257952,
            499.11646919562577,
            499.2082956457672,
            499.2111944581581,
            499.19014234737773,
            499.1825896217415,
            499.1832843362291,
            499.1652113561125,
            499.16405780088894
        ],
        "e_local": [
            0.0,
            0.0,
            0.0,
            0.0,
            0.0,
            0.0,
            0.0,
            0.0,
            0.0,
            0.0,
            0.0
        ],
        "e_nrep": [
            51.37849129634492,
            51.37849129634492,
            51.37849129634492,
            51.37849129634492,
            51.37849129634492,
            51.37849129634492,
            51.37849129634492,
            51.37849129634492,
            51.37849129634492,
            51.37849129634492,
            51.37849129634492
        ],
        "e_nuclear": [
            -1291.3822185884617,
            -1288.2478664534838,
            -1289.4132240065087,
            -1289.5581258802088,
            -1289.6799019957216,
            -1289.685013536583,
            -1289.6677947852843,
            -1289.6623228138099,
            -1289.6623880182713,
            -1289.6451944120051,
            -1289.6475075333656
        ],
        "e_pcm": [
            0.0,
            0.0,
            0.0,
            0.0,
            0.0,
            0.0,
            0.0,
            0.0,
            0.0,
            0.0,
            0.0
        ],
        "e_tot": [
            -499.7701085032552,
            -499.89296542867135,
            -499.9035965188665,
            -499.90741883290616,
            -499.90839182911316,
            -499.9087145273992,
            -499.9087681071426,
            -499.90878625850996,
            -499.9084561614508,
            -499.91057743201213,
            -499.9105864467732
        ],
        "e_xc": [
            -34.67583840716247,
            -34.46184684205282,
            -34.523916689185015,
            -34.5260832530908,
            -34.529518486577544,
            -34.52951809322181,
            -34.52901783812321,
            -34.528749870079146,
            -34.52874739658523,
            -34.52847309556664,
            -34.528751862847216
        ],
        "iterations": 11
    },
    "scf_eigenvalues_a": {
        "dims": [
            13
        ],
        "size": 13,
        "vals": [
            -100.64888697515397,
            -9.931290012500533,
            -8.812307040691294,
            -7.346777390783682,
            -6.980051444274771,
            -6.980618963268938,
            -0.6227277505580862,
            -0.4676471743804158,
            -0.4676472558655371,
            -0.4676477190491195,
            -0.5372393599055316,
            -0.27615771567484027,
            -0.27614651442359817
        ]
    },
    "time": "2024-05-03 21:02:56",
    "wall_time": 46.56504201889038
}