{
    "calcinfo_nalpha": 10,
    "calcinfo_natom": 6,
    "calcinfo_nbeta": 9,
    "calcinfo_nmo": 19,
    "molecule": {
        "geometry": [
            [
                3.7812803492147307,
                -0.0004833086680769261,
                0.0
            ],
            [
                1.4408800992016453,
                0.00020576157234508883,
                0.0
            ],
            [
                -1.7124101314308164,
                -0.00010068439077588764,
                0.0
            ],
            [
                -2.15706663603818,
                -1.991530200278303,
                0.0
            ],
            [
                -2.158836908703231,
                0.9953828805699649,
                1.7241001222085532
            ],
            [
                -2.158836908703231,
                0.9953828805699649,
                -1.7241001222085532
            ]
        ],
        "symbols": [
            "H",
            "F",
            "C",
            "H",
            "H",
            "H"
        ]
    },
    "parameters": {
        "charge": 0.0,
        "conv_only_dens": false,
        "dconv": 0.0001,
        "derivatives": false,
        "dipole": false,
        "econv": 1e-05,
        "ginitial_hessian": false,
        "gmaxiter": 20,
        "gopt": false,
        "gprec": 0.0001,
        "gtest": false,
        "gtol": 0.0001,
        "gval": 1e-05,
        "k": -1,
        "l": 53.781,
        "lo": 0.0010921,
        "loadbalparts": 2,
        "maxiter": 25,
        "maxrotn": 0.25,
        "maxsub": 10,
        "nalpha": 10,
        "nbeta": 9,
        "nio": 1,
        "nmo_alpha": 10,
        "nmo_beta": 9,
        "no_compute": false,
        "noiter": true,
        "nopen": 1,
        "npt_plot": 101,
        "nv_factor": 1,
        "nvalpha": 0,
        "nvbeta": 0,
        "orbitalshift": 0.0,
        "plot_cell": [],
        "plotcoul": false,
        "plotdens": false,
        "plothi": -1,
        "plotlo": 0,
        "print_level": 3,
        "protocol": [
            1e-06
        ],
        "psp_calc": false,
        "pure_ae": true,
        "restart": true,
        "restartao": false,
        "save": true,
        "smear": 0.0,
        "spin_restricted": false,
        "vnucextra": 2
    },
    "precision": {
        "dconv": 0.0001,
        "econv": 1e-05,
        "eprec": 0.0001,
        "k": 8,
        "thresh": 1e-06
    },
    "return_energy": -140.09610055196265,
    "scf_e_data": {
        "e_coulomb": [
            107.8786842441144
        ],
        "e_kinetic": [
            139.4794956460292
        ],
        "e_local": [
            0.0
        ],
        "e_nrep": [
            38.79776453399641
        ],
        "e_nuclear": [
            -409.1322027205384
        ],
        "e_pcm": [
            0.0
        ],
        "e_tot": [
            -140.09610055196265
        ],
        "e_xc": [
            -17.11984225556426
        ],
        "iterations": 1
    },
    "scf_eigenvalues_a": {
        "dims": [
            10
        ],
        "size": 10,
        "vals": [
            -26.295250236545563,
            -11.305519272477678,
            -1.4389784191714492,
            -0.7340042769605037,
            -0.465037870408217,
            -0.7339520333669209,
            -0.7340045394358754,
            -0.646956433081038,
            -0.6469560752525343,
            -0.6467277851493625
        ]
    },
    "scf_eigenvalues_b": {
        "dims": [
            9
        ],
        "size": 9,
        "vals": [
            -26.304914662399263,
            -11.294069023252526,
            -1.1542615344778926,
            -0.7198232517999286,
            -1.1514137367670734,
            -0.7197827001253125,
            -0.7198239603038994,
            -0.6499432594121686,
            -0.6499428948390835
        ]
    },
    "time": "2024-05-02 17:24:24",
    "wall_time": 8.233712196350098
}