{
    "calcinfo_nalpha": 9,
    "calcinfo_natom": 2,
    "calcinfo_nbeta": 9,
    "calcinfo_nmo": 18,
    "molecule": {
        "geometry": [
            [
                0.0,
                0.0,
                1.318280093465807
            ],
            [
                0.0,
                0.0,
                -1.318280093465807
            ]
        ],
        "symbols": [
            "F",
            "F"
        ]
    },
    "parameters": {
        "charge": 0.0,
        "conv_only_dens": false,
        "dconv": 0.0001,
        "derivatives": false,
        "dipole": false,
        "econv": 1e-05,
        "ginitial_hessian": false,
        "gmaxiter": 20,
        "gopt": false,
        "gprec": 0.0001,
        "gtest": false,
        "gtol": 0.0001,
        "gval": 1e-05,
        "k": -1,
        "l": 51.318,
        "lo": 0.0010921,
        "loadbalparts": 2,
        "maxiter": 25,
        "maxrotn": 0.25,
        "maxsub": 10,
        "nalpha": 9,
        "nbeta": 9,
        "nio": 1,
        "nmo_alpha": 9,
        "nmo_beta": 9,
        "no_compute": false,
        "noiter": false,
        "nopen": 0,
        "npt_plot": 101,
        "nv_factor": 1,
        "nvalpha": 0,
        "nvbeta": 0,
        "orbitalshift": 0.0,
        "plot_cell": [],
        "plotcoul": false,
        "plotdens": false,
        "plothi": -1,
        "plotlo": 0,
        "print_level": 3,
        "protocol": [
            0.0001,
            1e-06
        ],
        "psp_calc": false,
        "pure_ae": true,
        "restart": false,
        "restartao": false,
        "save": true,
        "smear": 0.0,
        "spin_restricted": true,
        "vnucextra": 2
    },
    "precision": {
        "dconv": 0.0001,
        "econv": 1e-05,
        "eprec": 0.0001,
        "k": 8,
        "thresh": 1e-06
    },
    "return_energy": -199.4362615439078,
    "scf_e_data": {
        "e_coulomb": [
            129.42630453473873,
            129.43321382516797,
            129.6483631825524,
            129.58786533103444,
            129.64797727023637,
            129.6521365495056,
            129.65818921902724,
            129.65483034253944,
            129.6548213283598,
            129.65467420878835,
            129.65451831220562,
            129.65658641629858
        ],
        "e_kinetic": [
            198.01309468814972,
            198.32831523907123,
            198.77467267135376,
            198.83176681560747,
            198.90508125762102,
            198.92696260642023,
            198.92558036270358,
            198.92077911850487,
            198.9228853307919,
            198.92338019602835,
            198.9317247885487,
            198.9369043167004
        ],
        "e_local": [
            0.0,
            0.0,
            0.0,
            0.0,
            0.0,
            0.0,
            0.0,
            0.0,
            0.0,
            0.0,
            0.0,
            0.0
        ],
        "e_nrep": [
            30.72184750474689,
            30.72184750474689,
            30.72184750474689,
            30.72184750474689,
            30.72184750474689,
            30.72184750474689,
            30.72184750474689,
            30.72184750474689,
            30.72184750474689,
            30.72184750474689,
            30.72184750474689,
            30.72184750474689
        ],
        "e_nuclear": [
            -536.8769984386179,
            -537.3640665556779,
            -538.0068306398198,
            -538.0113194701369,
            -538.137742679819,
            -538.1636957251133,
            -538.1681717235722,
            -538.1604491556542,
            -538.1624855369782,
            -538.1625256476636,
            -538.1717456274787,
            -538.1786590961565
        ],
        "e_pcm": [
            0.0,
            0.0,
            0.0,
            0.0,
            0.0,
            0.0,
            0.0,
            0.0,
            0.0,
            0.0,
            0.0,
            0.0
        ],
        "e_tot": [
            -199.28682871916715,
            -199.42691037740326,
            -199.43374099925165,
            -199.43483550607033,
            -199.4350085975313,
            -199.435174345698,
            -199.43526113446774,
            -199.4352724472705,
            -199.43526883407674,
            -199.43496278884817,
            -199.4362594294618,
            -199.4362615439078
        ],
        "e_xc": [
            -20.571077008184645,
            -20.546220390711397,
            -20.571793718084933,
            -20.564995687322238,
            -20.5721719503166,
            -20.572425281257498,
            -20.5727064973733,
            -20.57228025740752,
            -20.5723374609971,
            -20.572339050748127,
            -20.572604407484338,
            -20.572940685497173
        ],
        "iterations": 12
    },
    "scf_eigenvalues_a": {
        "dims": [
            9
        ],
        "size": 9,
        "vals": [
            -24.361698038597154,
            -24.361698126485507,
            -1.0522392921786476,
            -1.0522392243376935,
            -0.7330862287539786,
            -0.40998259177351937,
            -0.40998259682427873,
            -0.40998264164216147,
            -0.4099826429136755
        ]
    },
    "time": "2024-05-03 21:17:15",
    "wall_time": 28.693220138549805
}