{
    "calcinfo_nalpha": 9,
    "calcinfo_natom": 3,
    "calcinfo_nbeta": 8,
    "calcinfo_nmo": 17,
    "molecule": {
        "geometry": [
            [
                0.0,
                0.0,
                0.21856001755663224
            ],
            [
                0.0,
                -1.9277701371874194,
                -1.639200131674741
            ],
            [
                0.0,
                1.9277701371874194,
                -1.639200131674741
            ]
        ],
        "symbols": [
            "P",
            "H",
            "H"
        ]
    },
    "parameters": {
        "charge": 0.0,
        "conv_only_dens": false,
        "dconv": 0.0001,
        "derivatives": false,
        "dipole": false,
        "econv": 1e-05,
        "ginitial_hessian": false,
        "gmaxiter": 20,
        "gopt": false,
        "gprec": 0.0001,
        "gtest": false,
        "gtol": 0.0001,
        "gval": 1e-05,
        "k": -1,
        "l": 51.928,
        "lo": 0.00046616,
        "loadbalparts": 2,
        "maxiter": 25,
        "maxrotn": 0.25,
        "maxsub": 10,
        "nalpha": 9,
        "nbeta": 8,
        "nio": 1,
        "nmo_alpha": 9,
        "nmo_beta": 8,
        "no_compute": false,
        "noiter": false,
        "nopen": 1,
        "npt_plot": 101,
        "nv_factor": 1,
        "nvalpha": 0,
        "nvbeta": 0,
        "orbitalshift": 0.0,
        "plot_cell": [],
        "plotcoul": false,
        "plotdens": false,
        "plothi": -1,
        "plotlo": 0,
        "print_level": 3,
        "protocol": [
            0.0001,
            1e-06
        ],
        "psp_calc": false,
        "pure_ae": true,
        "restart": false,
        "restartao": false,
        "save": true,
        "smear": 0.0,
        "spin_restricted": false,
        "vnucextra": 2
    },
    "precision": {
        "dconv": 0.0001,
        "econv": 1e-05,
        "eprec": 0.0001,
        "k": 8,
        "thresh": 1e-06
    },
    "return_energy": -342.3616011176362,
    "scf_e_data": {
        "e_coulomb": [
            165.86357415026754,
            165.49072638293742,
            165.7007456300095,
            165.70454119536066,
            165.73486202763922,
            165.73301335017067,
            165.72835624544115,
            165.72630566009929,
            165.72618489219735,
            165.7238204175185
        ],
        "e_kinetic": [
            341.8151659681446,
            341.5009795170104,
            341.80377726291647,
            341.8867161370073,
            341.9307222081956,
            341.9187695020619,
            341.90603656013127,
            341.9015892946031,
            341.9020959929997,
            341.8980587529923
        ],
        "e_local": [
            0.0,
            0.0,
            0.0,
            0.0,
            0.0,
            0.0,
            0.0,
            0.0,
            0.0,
            0.0
        ],
        "e_nrep": [
            11.464970974920767,
            11.464970974920767,
            11.464970974920767,
            11.464970974920767,
            11.464970974920767,
            11.464970974920767,
            11.464970974920767,
            11.464970974920767,
            11.464970974920767,
            11.464970974920767
        ],
        "e_nuclear": [
            -837.6525404428404,
            -837.0644825627405,
            -837.5673407054096,
            -837.6544876159846,
            -837.7263657807955,
            -837.712503826027,
            -837.6954054296345,
            -837.6890528374811,
            -837.689077575769,
            -837.6840404884055
        ],
        "e_pcm": [
            0.0,
            0.0,
            0.0,
            0.0,
            0.0,
            0.0,
            0.0,
            0.0,
            0.0,
            0.0
        ],
        "e_tot": [
            -342.2853899748827,
            -342.3512968888434,
            -342.3583151276834,
            -342.3601277683784,
            -342.36073825307955,
            -342.3608153839785,
            -342.3608113997884,
            -342.36086174951265,
            -342.36049832008433,
            -342.3616011176362
        ],
        "e_xc": [
            -23.77656062537523,
            -23.743491200971583,
            -23.76046829012054,
            -23.761868459682503,
            -23.764927683039684,
            -23.765065385104773,
            -23.76476975064707,
            -23.764674841654767,
            -23.76467260443315,
            -23.764410774662405
        ],
        "iterations": 10
    },
    "scf_eigenvalues_a": {
        "dims": [
            9
        ],
        "size": 9,
        "vals": [
            -76.30488209519345,
            -5.864596622391209,
            -4.534493485651147,
            -4.978685609922497,
            -4.538175857428687,
            -0.42411858530772184,
            -0.4241171702743156,
            -0.37256316134105605,
            -0.22280090689086451
        ]
    },
    "scf_eigenvalues_b": {
        "dims": [
            8
        ],
        "size": 8,
        "vals": [
            -76.29916151649067,
            -5.897055650569058,
            -4.530676750589528,
            -4.934974995728474,
            -4.524893195934089,
            -0.41064553038033935,
            -0.410644048698511,
            -0.343105768445676
        ]
    },
    "time": "2024-05-03 21:58:45",
    "wall_time": 45.18493103981018
}