{
    "calcinfo_nalpha": 8,
    "calcinfo_natom": 4,
    "calcinfo_nbeta": 8,
    "calcinfo_nmo": 16,
    "molecule": {
        "geometry": [
            [
                2.2095627420870763,
                -1.2545237550484738,
                0.0
            ],
            [
                1.1201840214686685,
                0.3535068339656744,
                0.0
            ],
            [
                -1.1201840214686685,
                -0.3535068339656744,
                0.0
            ],
            [
                -2.2095627420870763,
                1.2545237550484738,
                0.0
            ]
        ],
        "symbols": [
            "H",
            "N",
            "N",
            "H"
        ]
    },
    "parameters": {
        "charge": 0.0,
        "conv_only_dens": false,
        "dconv": 0.0001,
        "derivatives": false,
        "dipole": false,
        "econv": 1e-05,
        "ginitial_hessian": false,
        "gmaxiter": 20,
        "gopt": false,
        "gprec": 0.0001,
        "gtest": false,
        "gtol": 0.0001,
        "gval": 1e-05,
        "k": -1,
        "l": 52.21,
        "lo": 0.0016603,
        "loadbalparts": 2,
        "maxiter": 25,
        "maxrotn": 0.25,
        "maxsub": 10,
        "nalpha": 8,
        "nbeta": 8,
        "nio": 1,
        "nmo_alpha": 8,
        "nmo_beta": 8,
        "no_compute": false,
        "noiter": false,
        "nopen": 0,
        "npt_plot": 101,
        "nv_factor": 1,
        "nvalpha": 0,
        "nvbeta": 0,
        "orbitalshift": 0.0,
        "plot_cell": [],
        "plotcoul": false,
        "plotdens": false,
        "plothi": -1,
        "plotlo": 0,
        "print_level": 3,
        "protocol": [
            0.0001,
            1e-06
        ],
        "psp_calc": false,
        "pure_ae": true,
        "restart": false,
        "restartao": false,
        "save": true,
        "smear": 0.0,
        "spin_restricted": true,
        "vnucextra": 2
    },
    "precision": {
        "dconv": 0.0001,
        "econv": 1e-05,
        "eprec": 0.0001,
        "k": 8,
        "thresh": 1e-06
    },
    "return_energy": -110.57323016646046,
    "scf_e_data": {
        "e_coulomb": [
            86.09367391695476,
            84.07029631692879,
            84.90965024904476,
            84.80548296077292,
            84.77923299404131,
            84.77535119686306,
            84.77227921425344,
            84.77011288225046,
            84.77003808792605,
            84.76809097920321
        ],
        "e_kinetic": [
            110.91748792994946,
            109.49608773399153,
            110.16641371698455,
            110.19070571717802,
            110.2043239106987,
            110.20967002681802,
            110.20739415067254,
            110.20576372601843,
            110.20625844902307,
            110.20128673223238
        ],
        "e_local": [
            0.0,
            0.0,
            0.0,
            0.0,
            0.0,
            0.0,
            0.0,
            0.0,
            0.0,
            0.0
        ],
        "e_nrep": [
            32.32076550273235,
            32.32076550273235,
            32.32076550273235,
            32.32076550273235,
            32.32076550273235,
            32.32076550273235,
            32.32076550273235,
            32.32076550273235,
            32.32076550273235,
            32.32076550273235
        ],
        "e_nuclear": [
            -325.2495382140499,
            -322.18058400217296,
            -323.6040099797997,
            -323.534999029844,
            -323.52344960913365,
            -323.52439323374824,
            -323.51892784514257,
            -323.51527392492153,
            -323.51529810368913,
            -323.5100334785086
        ],
        "e_pcm": [
            0.0,
            0.0,
            0.0,
            0.0,
            0.0,
            0.0,
            0.0,
            0.0,
            0.0,
            0.0
        ],
        "e_tot": [
            -110.43271287940661,
            -110.5558380418145,
            -110.56920111883937,
            -110.57186215872989,
            -110.5721853288382,
            -110.57230784182113,
            -110.57234899818627,
            -110.57232875753039,
            -110.57193978985174,
            -110.57323016646046
        ],
        "e_xc": [
            -14.515102014993246,
            -14.262403593294211,
            -14.362020607801355,
            -14.353817309569157,
            -14.353058127176897,
            -14.35370133448628,
            -14.353860020702042,
            -14.35369694361008,
            -14.353703725844074,
            -14.353339902119785
        ],
        "iterations": 10
    },
    "scf_eigenvalues_a": {
        "dims": [
            8
        ],
        "size": 8,
        "vals": [
            -14.036545023351575,
            -14.036545000884278,
            -0.8168031509745015,
            -0.5825446688586275,
            -0.5825447025568624,
            -0.34195376132244526,
            -0.3688312442143593,
            -0.3419537518365199
        ]
    },
    "time": "2024-05-03 21:50:40",
    "wall_time": 20.389007091522217
}