{
    "calcinfo_nalpha": 7,
    "calcinfo_natom": 3,
    "calcinfo_nbeta": 7,
    "calcinfo_nmo": 14,
    "molecule": {
        "geometry": [
            [
                0.0,
                0.0,
                -1.3969898163194274
            ],
            [
                0.0,
                0.0,
                0.8127383447170555
            ],
            [
                0.0,
                0.0,
                2.692770484897177
            ]
        ],
        "symbols": [
            "C",
            "N",
            "H"
        ]
    },
    "parameters": {
        "charge": 0.0,
        "conv_only_dens": false,
        "dconv": 0.0001,
        "derivatives": false,
        "dipole": false,
        "econv": 1e-05,
        "ginitial_hessian": false,
        "gmaxiter": 20,
        "gopt": false,
        "gprec": 0.0001,
        "gtest": false,
        "gtol": 0.0001,
        "gval": 1e-05,
        "k": -1,
        "l": 52.693,
        "lo": 0.0016603,
        "loadbalparts": 2,
        "maxiter": 25,
        "maxrotn": 0.25,
        "maxsub": 10,
        "nalpha": 7,
        "nbeta": 7,
        "nio": 1,
        "nmo_alpha": 7,
        "nmo_beta": 7,
        "no_compute": false,
        "noiter": false,
        "nopen": 0,
        "npt_plot": 101,
        "nv_factor": 1,
        "nvalpha": 0,
        "nvbeta": 0,
        "orbitalshift": 0.0,
        "plot_cell": [],
        "plotcoul": false,
        "plotdens": false,
        "plothi": -1,
        "plotlo": 0,
        "print_level": 3,
        "protocol": [
            0.0001,
            1e-06
        ],
        "psp_calc": false,
        "pure_ae": true,
        "restart": false,
        "restartao": false,
        "save": true,
        "smear": 0.0,
        "spin_restricted": true,
        "vnucextra": 2
    },
    "precision": {
        "dconv": 0.0001,
        "econv": 1e-05,
        "eprec": 0.0001,
        "k": 8,
        "thresh": 1e-06
    },
    "return_energy": -93.33082787459799,
    "scf_e_data": {
        "e_coulomb": [
            69.60885032837405,
            67.4712691069875,
            68.18606073479523,
            68.2152770821556,
            68.19444696744483,
            68.19211346328261,
            68.19673093908621,
            68.19254771713507,
            68.19245897055478,
            68.19333887950131
        ],
        "e_kinetic": [
            93.82952529171715,
            92.38327896248106,
            92.91153259435092,
            92.999616840007,
            93.00639819404957,
            93.00870084538764,
            93.01050823138397,
            93.00762030519664,
            93.00789598144598,
            93.00837954038673
        ],
        "e_local": [
            0.0,
            0.0,
            0.0,
            0.0,
            0.0,
            0.0,
            0.0,
            0.0,
            0.0,
            0.0
        ],
        "e_nrep": [
            24.197282054510133,
            24.197282054510133,
            24.197282054510133,
            24.197282054510133,
            24.197282054510133,
            24.197282054510133,
            24.197282054510133,
            24.197282054510133,
            24.197282054510133,
            24.197282054510133
        ],
        "e_nuclear": [
            -268.20189363535644,
            -264.9793104450274,
            -266.1478292410572,
            -266.2606491727297,
            -266.2479263320432,
            -266.2476376928636,
            -266.25348448844034,
            -266.24691703383746,
            -266.24698540774847,
            -266.24902417402893
        ],
        "e_pcm": [
            0.0,
            0.0,
            0.0,
            0.0,
            0.0,
            0.0,
            0.0,
            0.0,
            0.0,
            0.0
        ],
        "e_tot": [
            -93.21812142790105,
            -93.31645801023745,
            -93.32775385858955,
            -93.32980680197196,
            -93.33005507849657,
            -93.33011762164367,
            -93.33012949345562,
            -93.33012489742225,
            -93.33000305573344,
            -93.33082787459799
        ],
        "e_xc": [
            -12.651885467145927,
            -12.388977689188756,
            -12.474800001188626,
            -12.481333605914969,
            -12.480255962457875,
            -12.480576291960464,
            -12.481166229995583,
            -12.480657940426642,
            -12.480654654495869,
            -12.480804174967226
        ],
        "iterations": 10
    },
    "scf_eigenvalues_a": {
        "dims": [
            7
        ],
        "size": 7,
        "vals": [
            -14.017070297331106,
            -9.927374908163443,
            -0.8330988198994758,
            -0.6725781667539692,
            -0.347908655809793,
            -0.34790865502891544,
            -0.29430518813113205
        ]
    },
    "time": "2024-05-03 21:40:30",
    "wall_time": 17.801435947418213
}