{
    "calcinfo_nalpha": 14,
    "calcinfo_natom": 6,
    "calcinfo_nbeta": 13,
    "calcinfo_nmo": 27,
    "molecule": {
        "geometry": [
            [
                -4.269702400794938,
                0.026864057775683344,
                0.0
            ],
            [
                -1.171555944516246,
                -0.002948299683340852,
                0.0
            ],
            [
                2.5082905081979257,
                0.002360070669135884,
                0.0
            ],
            [
                3.0430238578142785,
                1.9761122022154871,
                0.0
            ],
            [
                3.0466932752846385,
                -0.9835077946945956,
                1.7088501268024727
            ],
            [
                3.0466932752846385,
                -0.9835077946945956,
                -1.7088501268024727
            ]
        ],
        "symbols": [
            "H",
            "Cl",
            "C",
            "H",
            "H",
            "H"
        ]
    },
    "parameters": {
        "charge": 0.0,
        "conv_only_dens": false,
        "dconv": 0.0001,
        "derivatives": false,
        "dipole": false,
        "econv": 1e-05,
        "ginitial_hessian": false,
        "gmaxiter": 20,
        "gopt": false,
        "gprec": 0.0001,
        "gtest": false,
        "gtol": 0.0001,
        "gval": 1e-05,
        "k": -1,
        "l": 54.27,
        "lo": 0.00037839,
        "loadbalparts": 2,
        "maxiter": 25,
        "maxrotn": 0.25,
        "maxsub": 10,
        "nalpha": 14,
        "nbeta": 13,
        "nio": 1,
        "nmo_alpha": 14,
        "nmo_beta": 13,
        "no_compute": false,
        "noiter": false,
        "nopen": 1,
        "npt_plot": 101,
        "nv_factor": 1,
        "nvalpha": 0,
        "nvbeta": 0,
        "orbitalshift": 0.0,
        "plot_cell": [],
        "plotcoul": false,
        "plotdens": false,
        "plothi": -1,
        "plotlo": 0,
        "print_level": 3,
        "protocol": [
            0.0001,
            1e-06
        ],
        "psp_calc": false,
        "pure_ae": true,
        "restart": false,
        "restartao": false,
        "save": true,
        "smear": 0.0,
        "spin_restricted": false,
        "vnucextra": 2
    },
    "precision": {
        "dconv": 0.0001,
        "econv": 1e-05,
        "eprec": 0.0001,
        "k": 8,
        "thresh": 1e-06
    },
    "return_energy": -500.4044184917966,
    "scf_e_data": {
        "e_coulomb": [
            279.62760647629955,
            276.6315668261784,
            277.6171080411643,
            277.6746261139127,
            277.6972162059201,
            277.66856164551916,
            277.6786338399104,
            277.7032264695519,
            277.6979728658949,
            277.68970707472715,
            277.68384787139934,
            277.6822780457658,
            277.68539629358287,
            277.6868943489282,
            277.68082774678635,
            277.68750508568064,
            277.68571097517315,
            277.683129766221,
            277.68051359775046,
            277.683183575989,
            277.6832212308092,
            277.68252442884705,
            277.6832246911169,
            277.68353896162034,
            277.6822668196084,
            277.68191281487157,
            277.68556582357473,
            277.68976680784033,
            277.68941021848684
        ],
        "e_kinetic": [
            500.2870487126355,
            498.71187197153506,
            499.35725160019433,
            499.6178154058594,
            499.697779127918,
            499.69886890295675,
            499.6774048403445,
            499.65828108640176,
            499.6486046160316,
            499.64513445511886,
            499.64567353700045,
            499.64345095191106,
            499.6461920720095,
            499.6514317962812,
            499.6465471456887,
            499.6485304769926,
            499.6476978018891,
            499.6479308892125,
            499.6468500062265,
            499.6483546562656,
            499.64861916047073,
            499.6486482705434,
            499.6487033201973,
            499.64901305102114,
            499.64876213109466,
            499.64962954350733,
            499.634662410371,
            499.6341808108217,
            499.63263058900145
        ],
        "e_local": [
            0.0,
            0.0,
            0.0,
            0.0,
            0.0,
            0.0,
            0.0,
            0.0,
            0.0,
            0.0,
            0.0,
            0.0,
            0.0,
            0.0,
            0.0,
            0.0,
            0.0,
            0.0,
            0.0,
            0.0,
            0.0,
            0.0,
            0.0,
            0.0,
            0.0,
            0.0,
            0.0,
            0.0,
            0.0
        ],
        "e_nrep": [
            55.12055126530956,
            55.12055126530956,
            55.12055126530956,
            55.12055126530956,
            55.12055126530956,
            55.12055126530956,
            55.12055126530956,
            55.12055126530956,
            55.12055126530956,
            55.12055126530956,
            55.12055126530956,
            55.12055126530956,
            55.12055126530956,
            55.12055126530956,
            55.12055126530956,
            55.12055126530956,
            55.12055126530956,
            55.12055126530956,
            55.12055126530956,
            55.12055126530956,
            55.12055126530956,
            55.12055126530956,
            55.12055126530956,
            55.12055126530956,
            55.12055126530956,
            55.12055126530956,
            55.12055126530956,
            55.12055126530956,
            55.12055126530956
        ],
        "e_nuclear": [
            -1300.2775624770231,
            -1296.125699994805,
            -1297.683402773334,
            -1297.9920194077606,
            -1298.0942075974335,
            -1298.0677762798894,
            -1298.0573297981396,
            -1298.0611786689528,
            -1298.0465233910422,
            -1298.0353283893799,
            -1298.0302748292868,
            -1298.0266667250785,
            -1298.0323889396748,
            -1298.0383748476493,
            -1298.0281977173804,
            -1298.0363312089562,
            -1298.033833775394,
            -1298.0315808930457,
            -1298.0280982275135,
            -1298.0320493774968,
            -1298.0323615637067,
            -1298.0317189549069,
            -1298.0324145722561,
            -1298.0330051996825,
            -1298.031594036793,
            -1298.0316438419443,
            -1298.0222745231908,
            -1298.0256710725012,
            -1298.0237822279635
        ],
        "e_pcm": [
            0.0,
            0.0,
            0.0,
            0.0,
            0.0,
            0.0,
            0.0,
            0.0,
            0.0,
            0.0,
            0.0,
            0.0,
            0.0,
            0.0,
            0.0,
            0.0,
            0.0,
            0.0,
            0.0,
            0.0,
            0.0,
            0.0,
            0.0,
            0.0,
            0.0,
            0.0,
            0.0,
            0.0,
            0.0
        ],