{
    "calcinfo_nalpha": 8,
    "calcinfo_natom": 3,
    "calcinfo_nbeta": 7,
    "calcinfo_nmo": 15,
    "molecule": {
        "geometry": [
            [
                2.583722865319359,
                1.1406603598911442,
                0.0
            ],
            [
                1.062947336976255,
                -0.3225417647953476,
                0.0
            ],
            [
                -1.1201758608971109,
                0.09932377861011756,
                0.0
            ]
        ],
        "symbols": [
            "H",
            "C",
            "O"
        ]
    },
    "parameters": {
        "charge": 0.0,
        "conv_only_dens": false,
        "dconv": 0.0001,
        "derivatives": false,
        "dipole": false,
        "econv": 1e-05,
        "ginitial_hessian": false,
        "gmaxiter": 20,
        "gopt": false,
        "gprec": 0.0001,
        "gtest": false,
        "gtol": 0.0001,
        "gval": 1e-05,
        "k": -1,
        "l": 52.584,
        "lo": 0.001329,
        "loadbalparts": 2,
        "maxiter": 25,
        "maxrotn": 0.25,
        "maxsub": 10,
        "nalpha": 8,
        "nbeta": 7,
        "nio": 1,
        "nmo_alpha": 8,
        "nmo_beta": 7,
        "no_compute": false,
        "noiter": false,
        "nopen": 1,
        "npt_plot": 101,
        "nv_factor": 1,
        "nvalpha": 0,
        "nvbeta": 0,
        "orbitalshift": 0.0,
        "plot_cell": [],
        "plotcoul": false,
        "plotdens": false,
        "plothi": -1,
        "plotlo": 0,
        "print_level": 3,
        "protocol": [
            0.0001,
            1e-06
        ],
        "psp_calc": false,
        "pure_ae": true,
        "restart": false,
        "restartao": false,
        "save": true,
        "smear": 0.0,
        "spin_restricted": false,
        "vnucextra": 2
    },
    "precision": {
        "dconv": 0.0001,
        "econv": 1e-05,
        "eprec": 0.0001,
        "k": 8,
        "thresh": 1e-06
    },
    "return_energy": -113.3037176794795,
    "scf_e_data": {
        "e_coulomb": [
            82.20102999963471,
            80.70192839434706,
            81.03533606928467,
            80.94434856079438,
            80.90738516867549,
            80.9215745136347,
            80.91503480928836,
            80.91541596891047,
            80.9208674706009,
            80.92090887734201,
            80.92148488199155,
            80.92445915207159,
            80.92595340493786,
            80.92677783985769,
            80.92701241369969,
            80.9269355478094,
            80.9268579741138
        ],
        "e_kinetic": [
            114.13096480016725,
            112.88634372661369,
            113.19635244067155,
            113.16484113323185,
            113.14747568006685,
            113.15521227450272,
            113.14965151093465,
            113.15265645143117,
            113.15814727053721,
            113.15699625736471,
            113.15482310675885,
            113.15540905683869,
            113.15637399996135,
            113.15655424007355,
            113.15630859922655,
            113.15680263830323,
            113.15652208945662
        ],
        "e_local": [
            0.0,
            0.0,
            0.0,
            0.0,
            0.0,
            0.0,
            0.0,
            0.0,
            0.0,
            0.0,
            0.0,
            0.0,
            0.0,
            0.0,
            0.0,
            0.0,
            0.0
        ],
        "e_nrep": [
            26.509846457665457,
            26.509846457665457,
            26.509846457665457,
            26.509846457665457,
            26.509846457665457,
            26.509846457665457,
            26.509846457665457,
            26.509846457665457,
            26.509846457665457,
            26.509846457665457,
            26.509846457665457,
            26.509846457665457,
            26.509846457665457,
            26.509846457665457,
            26.509846457665457,
            26.509846457665457,
            26.509846457665457
        ],
        "e_nuclear": [
            -322.1837364560622,
            -319.738597398145,
            -320.3407640318556,
            -320.2210963217495,
            -320.1660878179151,
            -320.18480107181745,
            -320.17301536726495,
            -320.1762006732021,
            -320.18626283903126,
            -320.18499237360794,
            -320.18333802057765,
            -320.18655329374917,
            -320.18891020246156,
            -320.1898506722423,
            -320.18980198239535,
            -320.1898058878344,
            -320.1906206240417
        ],
        "e_pcm": [
            0.0,
            0.0,
            0.0,
            0.0,
            0.0,
            0.0,
            0.0,
            0.0,
            0.0,
            0.0,
            0.0,
            0.0,
            0.0,
            0.0,
            0.0,
            0.0,
            0.0
        ],
        "e_tot": [
            -113.14273133977419,
            -113.28600883687575,
            -113.29928038329975,
            -113.30191276755578,
            -113.30246286885391,
            -113.30267927025527,
            -113.30274779776566,
            -113.30279064890048,
            -113.30282911609181,
            -113.3028598901244,
            -113.3028829190293,
            -113.30288563945196,
            -113.30290560274419,
            -113.3029141293061,
            -113.30291889147041,
            -113.30242621054695,
            -113.3037176794795
        ],
        "e_xc": [
            -13.800836141179394,
            -13.645530017356986,
            -13.700051319065818,
            -13.699852597497976,
            -13.701082357346579,
            -13.704511444240715,
            -13.704265208389156,
            -13.704508853705464,
            -13.70542747586411,
            -13.705619108888627,
            -13.705699344867504,
            -13.70604701227852,
            -13.706169262847283,
            -13.706241994660505,
            -13.70628437966675,
            -13.706204966490688,
            -13.706323576673707
        ],
        "iterations": 17
    },
    "scf_eigenvalues_a": {
        "dims": [
            8
        ],
        "size": 8,
        "vals": [
            -20.610943391475594,
            -11.344671859417574,
            -1.3463428425553006,
            -0.7724925644880918,
            -0.8521077892184747,
            -0.5787916648713543,
            -0.5746273472831844,
            -0.5596221175801115
        ]
    },
    "scf_eigenvalues_b": {
        "dims": [
            7
        ],
        "size": 7,
        "vals": [
            -20.599187427198117,
            -11.328464667347369,
            -1.327290279922272,
            -0.756488296792023,
            -0.8193966823449754,
            -0.5776801855966727,
            -0.5449226248379504
        ]
    },
    "time": "2024-05-02 14:53:50",
    "wall_time": 61.43985915184021
}