{
    "calcinfo_nalpha": 7,
    "calcinfo_natom": 3,
    "calcinfo_nbeta": 7,
    "calcinfo_nmo": 14,
    "molecule": {
        "geometry": [
            [
                0.0,
                0.0,
                -1.3969898163194274
            ],
            [
                0.0,
                0.0,
                0.8127383447170555
            ],
            [
                0.0,
                0.0,
                2.692770484897177
            ]
        ],
        "symbols": [
            "C",
            "N",
            "H"
        ]
    },
    "parameters": {
        "charge": 0.0,
        "conv_only_dens": false,
        "dconv": 0.0001,
        "derivatives": false,
        "dipole": false,
        "econv": 1e-05,
        "ginitial_hessian": false,
        "gmaxiter": 20,
        "gopt": false,
        "gprec": 0.0001,
        "gtest": false,
        "gtol": 0.0001,
        "gval": 1e-05,
        "k": -1,
        "l": 52.693,
        "lo": 0.0016603,
        "loadbalparts": 2,
        "maxiter": 25,
        "maxrotn": 0.25,
        "maxsub": 10,
        "nalpha": 7,
        "nbeta": 7,
        "nio": 1,
        "nmo_alpha": 7,
        "nmo_beta": 7,
        "no_compute": false,
        "noiter": false,
        "nopen": 0,
        "npt_plot": 101,
        "nv_factor": 1,
        "nvalpha": 0,
        "nvbeta": 0,
        "orbitalshift": 0.0,
        "plot_cell": [],
        "plotcoul": false,
        "plotdens": false,
        "plothi": -1,
        "plotlo": 0,
        "print_level": 3,
        "protocol": [
            0.0001,
            1e-06
        ],
        "psp_calc": false,
        "pure_ae": true,
        "restart": false,
        "restartao": false,
        "save": true,
        "smear": 0.0,
        "spin_restricted": true,
        "vnucextra": 2
    },
    "precision": {
        "dconv": 0.0001,
        "econv": 1e-05,
        "eprec": 0.0001,
        "k": 8,
        "thresh": 1e-06
    },
    "return_energy": -92.90011582894212,
    "scf_e_data": {
        "e_coulomb": [
            69.60885032837403,
            67.86394675948037,
            68.03324334406236,
            68.00404535144425,
            67.98961961287422,
            67.9949445035509,
            67.99621663145984,
            67.99746321431097,
            67.99737452283978,
            67.9969916915631
        ],
        "e_kinetic": [
            93.82952529171676,
            92.59249678478058,
            92.74481769182661,
            92.75191999154708,
            92.74714297475256,
            92.74777319153617,
            92.74646422828702,
            92.74657344682889,
            92.74683691564934,
            92.74453568451402
        ],
        "e_local": [
            0.0,
            0.0,
            0.0,
            0.0,
            0.0,
            0.0,
            0.0,
            0.0,
            0.0,
            0.0
        ],
        "e_nrep": [
            24.197282054510133,
            24.197282054510133,
            24.197282054510133,
            24.197282054510133,
            24.197282054510133,
            24.197282054510133,
            24.197282054510133,
            24.197282054510133,
            24.197282054510133,
            24.197282054510133
        ],
        "e_nuclear": [
            -268.20189363535644,
            -265.5234924168167,
            -265.8238730213421,
            -265.7993301855573,
            -265.7788922406289,
            -265.7836604007645,
            -265.7834779214569,
            -265.7847520060785,
            -265.78480715423996,
            -265.7829530053983
        ],
        "e_pcm": [
            0.0,
            0.0,
            0.0,
            0.0,
            0.0,
            0.0,
            0.0,
            0.0,
            0.0,
            0.0
        ],
        "e_tot": [
            -92.75671764083222,
            -92.88844091364311,
            -92.8975953562678,
            -92.89923322293711,
            -92.89953111042999,
            -92.89959418957827,
            -92.89959076885236,
            -92.89962129790928,
            -92.89935679575541,
            -92.90011582894212
        ],
        "e_xc": [
            -12.190481680076722,
            -12.018674095597508,
            -12.049065425324804,
            -12.053150434881243,
            -12.054683511938002,
            -12.05593353841095,
            -12.056075761652476,
            -12.056188007480753,
            -12.056043134514695,
            -12.055972254131024
        ],
        "iterations": 10
    },
    "scf_eigenvalues_a": {
        "dims": [
            7
        ],
        "size": 7,
        "vals": [
            -15.590816332644806,
            -11.281313680363045,
            -1.2011686905733965,
            -0.950172367414877,
            -0.521385388467807,
            -0.5213853947359361,
            -0.5119473711913545
        ]
    },
    "time": "2024-05-02 15:03:37",
    "wall_time": 20.243244171142578
}