{
    "calcinfo_nalpha": 10,
    "calcinfo_natom": 7,
    "calcinfo_nbeta": 8,
    "calcinfo_nmo": 18,
    "molecule": {
        "geometry": [
            [
                -5.681979521541536e-05,
                -0.021024924004038305,
                2.266871780891879
            ],
            [
                2.7945076170656802e-05,
                0.2454043675877129,
                -2.646968578131621
            ],
            [
                1.7632211552757355,
                -0.969298787238248,
                2.69600179040121
            ],
            [
                -1.6783489182901343,
                -1.1175519607992144,
                2.68324175154944
            ],
            [
                -0.08651991321176317,
                1.9328201877967883,
                2.872831908408967
            ],
            [
                0.0018911982567513166,
                0.23979929847751805,
                -0.35701740444759067
            ],
            [
                -9.821879249159309e-05,
                -1.6774497673266036,
                -2.967508684341951
            ]
        ],
        "symbols": [
            "C",
            "N",
            "H",
            "H",
            "H",
            "H",
            "H"
        ]
    },
    "parameters": {
        "charge": 0.0,
        "conv_only_dens": false,
        "dconv": 0.0001,
        "derivatives": false,
        "dipole": false,
        "econv": 1e-05,
        "ginitial_hessian": false,
        "gmaxiter": 20,
        "gopt": false,
        "gprec": 0.0001,
        "gtest": false,
        "gtol": 0.0001,
        "gval": 1e-05,
        "k": -1,
        "l": 52.968,
        "lo": 0.0016603,
        "loadbalparts": 2,
        "maxiter": 25,
        "maxrotn": 0.25,
        "maxsub": 10,
        "nalpha": 10,
        "nbeta": 8,
        "nio": 1,
        "nmo_alpha": 10,
        "nmo_beta": 8,
        "no_compute": false,
        "noiter": false,
        "nopen": 2,
        "npt_plot": 101,
        "nv_factor": 1,
        "nvalpha": 0,
        "nvbeta": 0,
        "orbitalshift": 0.0,
        "plot_cell": [],
        "plotcoul": false,
        "plotdens": false,
        "plothi": -1,
        "plotlo": 0,
        "print_level": 3,
        "protocol": [
            0.0001,
            1e-06
        ],
        "psp_calc": false,
        "pure_ae": true,
        "restart": false,
        "restartao": false,
        "save": true,
        "smear": 0.0,
        "spin_restricted": false,
        "vnucextra": 2
    },
    "precision": {
        "dconv": 0.0001,
        "econv": 1e-05,
        "eprec": 0.0001,
        "k": 8,
        "thresh": 1e-06
    },
    "return_energy": -95.13984536225718,
    "scf_e_data": {
        "e_coulomb": [
            81.22689904399044,
            79.05063549465453,
            79.13797365028287,
            79.06395970716088,
            79.03636680967139,
            79.042814877089,
            79.05577274007905,
            79.05844046428382,
            79.05924430280311,
            79.06148653080471,
            79.06057029467432,
            79.05919881539835,
            79.05848722960637,
            79.05834178597985,
            79.05917330907057
        ],
        "e_kinetic": [
            96.35970120940883,
            94.87614770833997,
            95.0243413278989,
            95.06375191277974,
            95.08817633557624,
            95.09760457600402,
            95.10296853804945,
            95.10289817206436,
            95.10133945843074,
            95.09992929999987,
            95.09780045978415,
            95.09677919619575,
            95.09670334066395,
            95.0972873747202,
            95.09502723454915
        ],
        "e_local": [
            0.0,
            0.0,
            0.0,
            0.0,
            0.0,
            0.0,
            0.0,
            0.0,
            0.0,
            0.0,
            0.0,
            0.0,
            0.0,
            0.0,
            0.0
        ],
        "e_nrep": [
            33.459542399191626,
            33.459542399191626,
            33.459542399191626,
            33.459542399191626,
            33.459542399191626,
            33.459542399191626,
            33.459542399191626,
            33.459542399191626,
            33.459542399191626,
            33.459542399191626,
            33.459542399191626,
            33.459542399191626,
            33.459542399191626,
            33.459542399191626,
            33.459542399191626
        ],
        "e_nuclear": [
            -292.3505389610036,
            -289.08341663104375,
            -289.29353773637445,
            -289.24558647686445,
            -289.22945065678203,
            -289.23965963820746,
            -289.2554680745699,
            -289.25763330635425,
            -289.25677880222446,
            -289.25734166474194,
            -289.2545614437963,
            -289.252363517088,
            -289.2517276608709,
            -289.2517419676208,
            -289.25182600001506
        ],
        "e_pcm": [
            0.0,
            0.0,
            0.0,
            0.0,
            0.0,
            0.0,
            0.0,
            0.0,
            0.0,
            0.0,
            0.0,
            0.0,
            0.0,
            0.0,
            0.0
        ],
        "e_tot": [
            -94.9342280272918,
            -95.11053798504125,
            -95.12701367740749,
            -95.13448728071995,
            -95.13719628052783,
            -95.13807022200052,
            -95.13839852753816,
            -95.13848791880264,
            -95.13856128745417,
            -95.13862414498715,
            -95.13870116686255,
            -95.13867716239866,
            -95.13871742602862,
            -95.13829021491154,
            -95.13984536225718
        ],
        "e_xc": [
            -13.629831718879064,
            -13.413446956183627,
            -13.45533331840645,
            -13.476154822987764,
            -13.491831168185058,
            -13.498372436077725,
            -13.501214130288432,
            -13.501735647988186,
            -13.501908645655202,
            -13.502240710241434,
            -13.502052876716334,
            -13.501834056096438,
            -13.501722734619673,
            -13.50171980718245,
            -13.501762305053465
        ],
        "iterations": 15
    },
    "scf_eigenvalues_a": {
        "dims": [
            10
        ],
        "size": 10,
        "vals": [
            -15.602300089954628,
            -11.236424678675426,
            -0.8863610747769695,
            -0.6969921211085612,
            -0.695396389762807,
            -0.6969306466421226,
            -0.7630626601533379,
            -0.6379833635982659,
            -0.5216555928150943,
            -0.5137915406235671
        ]
    },
    "scf_eigenvalues_b": {
        "dims": [
            8
        ],
        "size": 8,
        "vals": [
            -15.549956834986482,
            -11.216558794600129,
            -0.8042680034169045,
            -0.6749825511352178,
            -0.6734816921812207,
            -0.6748680355701165,
            -0.6258553212382293,
            -0.5711073641873297
        ]
    },
    "time": "2024-05-02 15:48:08",
    "wall_time": 67.61029195785522
}