{
    "calcinfo_nalpha": 14,
    "calcinfo_natom": 7,
    "calcinfo_nbeta": 14,
    "calcinfo_nmo": 28,
    "molecule": {
        "geometry": [
            [
                -0.010211423239192725,
                0.14448345087990508,
                3.588689932013849
            ],
            [
                0.012790316262294602,
                -0.19933558177561056,
                0.9248567246685775
            ],
            [
                -0.6824834271047318,
                1.485640569827009,
                0.0024638829777659157
            ],
            [
                1.9336507460964716,
                -0.5638146252950207,
                0.3249246453165959
            ],
            [
                -1.1921994988288838,
                -1.7904596834360744,
                0.47194772841231725
            ],
            [
                -0.004383659366973511,
                0.13822046779311462,
                -4.09966065080657
            ],
            [
                -0.008737633648101272,
                -0.3414675707063126,
                -5.849400786390224
            ]
        ],
        "symbols": [
            "F",
            "C",
            "H",
            "H",
            "H",
            "O",
            "H"
        ]
    },
    "parameters": {
        "charge": -1.0,
        "conv_only_dens": false,
        "dconv": 0.0001,
        "derivatives": false,
        "dipole": false,
        "econv": 1e-05,
        "ginitial_hessian": false,
        "gmaxiter": 20,
        "gopt": false,
        "gprec": 0.0001,
        "gtest": false,
        "gtol": 0.0001,
        "gval": 1e-05,
        "k": -1,
        "l": 55.849,
        "lo": 0.0010921,
        "loadbalparts": 2,
        "maxiter": 25,
        "maxrotn": 0.25,
        "maxsub": 10,
        "nalpha": 14,
        "nbeta": 14,
        "nio": 1,
        "nmo_alpha": 14,
        "nmo_beta": 14,
        "no_compute": false,
        "noiter": true,
        "nopen": 0,
        "npt_plot": 101,
        "nv_factor": 1,
        "nvalpha": 0,
        "nvbeta": 0,
        "orbitalshift": 0.0,
        "plot_cell": [],
        "plotcoul": false,
        "plotdens": false,
        "plothi": -1,
        "plotlo": 0,
        "print_level": 3,
        "protocol": [
            1e-06
        ],
        "psp_calc": false,
        "pure_ae": true,
        "restart": true,
        "restartao": false,
        "save": true,
        "smear": 0.0,
        "spin_restricted": true,
        "vnucextra": 2
    },
    "precision": {
        "dconv": 0.0001,
        "econv": 1e-05,
        "eprec": 0.0001,
        "k": 8,
        "thresh": 1e-06
    },
    "return_energy": -215.4016057063762,
    "scf_e_data": {
        "e_coulomb": [
            180.4772740884196
        ],
        "e_kinetic": [
            214.43841802831068
        ],
        "e_local": [
            0.0
        ],
        "e_nrep": [
            67.43070968067396
        ],
        "e_nuclear": [
            -651.790958104843
        ],
        "e_pcm": [
            0.0
        ],
        "e_tot": [
            -215.4016057063762
        ],
        "e_xc": [
            -25.957049398937418
        ],
        "iterations": 1
    },
    "scf_eigenvalues_a": {
        "dims": [
            14
        ],
        "size": 14,
        "vals": [
            -26.101061608919558,
            -20.200652442676272,
            -11.105936861908411,
            -1.019387139669659,
            -0.6603397495140113,
            -0.5135346143599877,
            -0.9220648207146325,
            -0.515773535927837,
            -0.5078198331595936,
            -0.554071088942441,
            -0.46363676369278917,
            -0.4636288737053067,
            -0.13622020594581796,
            -0.13601986977726366
        ]
    },
    "time": "2024-05-03 15:24:54",
    "wall_time": 7.545562028884888
}