{
    "calcinfo_nalpha": 19,
    "calcinfo_natom": 13,
    "calcinfo_nbeta": 19,
    "calcinfo_nmo": 38,
    "molecule": {
        "geometry": [
            [
                -0.03808773509106596,
                -1.7099275056176182,
                2.455931863095123
            ],
            [
                -0.02534888459087786,
                0.9558585500681634,
                2.278909687918478
            ],
            [
                0.28969703255585155,
                2.2362307744492034,
                -1.5162299899015647e-06
            ],
            [
                -0.025364034981794018,
                0.9558488560236758,
                -2.278910661947076
            ],
            [
                -0.03807269165573686,
                -1.7099214799121654,
                -2.4559385043556112
            ],
            [
                -0.9745265503034038,
                -2.5087127732583543,
                -4.098427973980634
            ],
            [
                1.6500496381060739,
                -2.74839131068883,
                -1.9502776598753984
            ],
            [
                -0.7530641126519393,
                2.051457745117044,
                -3.8496216465999455
            ],
            [
                0.16233720089787662,
                4.276290944662477,
                -5.053780535919442e-06
            ],
            [
                -0.7530200328680589,
                2.05146396947436,
                3.849618936444693
            ],
            [
                -0.9745624570044827,
                -2.5086861532960376,
                4.09843264204593
            ],
            [
                -0.984185492451503,
                -2.2335494414755575,
                2.2898687170040993e-05
            ],
            [
                1.6500296888571768,
                -2.7484081506026614,
                1.9503126461731755
            ]
        ],
        "symbols": [
            "C",
            "C",
            "C",
            "C",
            "C",
            "H",
            "H",
            "H",
            "H",
            "H",
            "H",
            "H",
            "H"
        ]
    },
    "parameters": {
        "charge": 0.0,
        "conv_only_dens": false,
        "dconv": 0.0001,
        "derivatives": false,
        "dipole": false,
        "econv": 1e-05,
        "ginitial_hessian": false,
        "gmaxiter": 20,
        "gopt": false,
        "gprec": 0.0001,
        "gtest": false,
        "gtol": 0.0001,
        "gval": 1e-05,
        "k": -1,
        "l": 54.276,
        "lo": 0.0021467,
        "loadbalparts": 2,
        "maxiter": 25,
        "maxrotn": 0.25,
        "maxsub": 10,
        "nalpha": 19,
        "nbeta": 19,
        "nio": 1,
        "nmo_alpha": 19,
        "nmo_beta": 19,
        "no_compute": false,
        "noiter": true,
        "nopen": 0,
        "npt_plot": 101,
        "nv_factor": 1,
        "nvalpha": 0,
        "nvbeta": 0,
        "orbitalshift": 0.0,
        "plot_cell": [],
        "plotcoul": false,
        "plotdens": false,
        "plothi": -1,
        "plotlo": 0,
        "print_level": 3,
        "protocol": [
            1e-06
        ],
        "psp_calc": false,
        "pure_ae": true,
        "restart": true,
        "restartao": false,
        "save": true,
        "smear": 0.0,
        "spin_restricted": true,
        "vnucextra": 2
    },
    "precision": {
        "dconv": 0.0001,
        "econv": 1e-05,
        "eprec": 0.0001,
        "k": 8,
        "thresh": 1e-06
    },
    "return_energy": -195.02493089352112,
    "scf_e_data": {
        "e_coulomb": [
            256.780698003608
        ],
        "e_kinetic": [
            193.75827168792097
        ],
        "e_local": [
            0.0
        ],
        "e_nrep": [
            164.93661767627714
        ],
        "e_nuclear": [
            -780.7239856392712
        ],
        "e_pcm": [
            0.0
        ],
        "e_tot": [
            -195.02493089352112
        ],
        "e_xc": [
            -29.776532622056102
        ],
        "iterations": 1
    },
    "scf_eigenvalues_a": {
        "dims": [
            19
        ],
        "size": 19,
        "vals": [
            -11.218324599159839,
            -11.218324497708103,
            -11.21631939266571,
            -11.23233908882408,
            -11.23233928669313,
            -0.811023149772196,
            -0.7956251923503874,
            -0.6880648743710871,
            -0.8110204370841951,
            -0.687778305174938,
            -0.6827037242245875,
            -0.6880615966122186,
            -0.6738971166938628,
            -0.6738947518297291,
            -0.4451928738545641,
            -0.7956349939264129,
            -0.6877744356727986,
            -0.3984872004202644,
            -0.44513056348000324
        ]
    },
    "time": "2024-05-02 17:30:16",
    "wall_time": 10.851653814315796
}