{
    "calcinfo_nalpha": 7,
    "calcinfo_natom": 3,
    "calcinfo_nbeta": 7,
    "calcinfo_nmo": 14,
    "molecule": {
        "geometry": [
            [
                1.1556964597945272,
                -0.24750838277895124,
                0.0
            ],
            [
                -1.0823811086017938,
                -0.0631218451785493,
                0.0
            ],
            [
                0.6424890014453931,
                1.9269032129235526,
                0.0
            ]
        ],
        "symbols": [
            "C",
            "N",
            "H"
        ]
    },
    "parameters": {
        "charge": 0.0,
        "conv_only_dens": false,
        "dconv": 0.0001,
        "derivatives": false,
        "dipole": false,
        "econv": 1e-05,
        "ginitial_hessian": false,
        "gmaxiter": 20,
        "gopt": false,
        "gprec": 0.0001,
        "gtest": false,
        "gtol": 0.0001,
        "gval": 1e-05,
        "k": -1,
        "l": 51.927,
        "lo": 0.0016603,
        "loadbalparts": 2,
        "maxiter": 25,
        "maxrotn": 0.25,
        "maxsub": 10,
        "nalpha": 7,
        "nbeta": 7,
        "nio": 1,
        "nmo_alpha": 7,
        "nmo_beta": 7,
        "no_compute": false,
        "noiter": false,
        "nopen": 0,
        "npt_plot": 101,
        "nv_factor": 1,
        "nvalpha": 0,
        "nvbeta": 0,
        "orbitalshift": 0.0,
        "plot_cell": [],
        "plotcoul": false,
        "plotdens": false,
        "plothi": -1,
        "plotlo": 0,
        "print_level": 3,
        "protocol": [
            0.0001,
            1e-06
        ],
        "psp_calc": false,
        "pure_ae": true,
        "restart": false,
        "restartao": false,
        "save": true,
        "smear": 0.0,
        "spin_restricted": true,
        "vnucextra": 2
    },
    "precision": {
        "dconv": 0.0001,
        "econv": 1e-05,
        "eprec": 0.0001,
        "k": 8,
        "thresh": 1e-06
    },
    "return_energy": -92.84014917741334,
    "scf_e_data": {
        "e_coulomb": [
            68.71125731487746,
            67.64826394666069,
            67.69576839931057,
            67.64449133526179,
            67.62166173331435,
            67.6207476587747,
            67.62376606751806,
            67.62555768370596,
            67.62719638484265,
            67.62679666818404,
            67.62640764072265,
            67.62632566483457,
            67.62585397345164,
            67.6266161114696
        ],
        "e_kinetic": [
            93.44276636949606,
            92.60022691795422,
            92.68093827882764,
            92.67845244154647,
            92.6921657066837,
            92.70071838007449,
            92.70278218793118,
            92.70733143217828,
            92.71180086377287,
            92.71183751455726,
            92.71098796925197,
            92.71142854613193,
            92.70858317388094,
            92.70905742273469
        ],
        "e_local": [
            0.0,
            0.0,
            0.0,
            0.0,
            0.0,
            0.0,
            0.0,
            0.0,
            0.0,
            0.0,
            0.0,
            0.0,
            0.0,
            0.0
        ],
        "e_nrep": [
            24.046369310123545,
            24.046369310123545,
            24.046369310123545,
            24.046369310123545,
            24.046369310123545,
            24.046369310123545,
            24.046369310123545,
            24.046369310123545,
            24.046369310123545,
            24.046369310123545,
            24.046369310123545,
            24.046369310123545,
            24.046369310123545,
            24.046369310123545
        ],
        "e_nuclear": [
            -266.80987760610043,
            -265.15274919130775,
            -265.2770045249738,
            -265.2231118607044,
            -265.2083193975054,
            -265.2114722054355,
            -265.2158087309085,
            -265.22185164427145,
            -265.22720133221696,
            -265.22652547219576,
            -265.2252490466125,
            -265.2252506470653,
            -265.2232134394575,
            -265.2243730521656
        ],
        "e_pcm": [
            0.0,
            0.0,
            0.0,
            0.0,
            0.0,
            0.0,
            0.0,
            0.0,
            0.0,
            0.0,
            0.0,
            0.0,
            0.0,
            0.0
        ],
        "e_tot": [
            -92.67637812853022,
            -92.82034521125246,
            -92.83448016673194,
            -92.83699763008616,
            -92.83854124004009,
            -92.83909022282984,
            -92.83932119417818,
            -92.839444748782,
            -92.83949571299394,
            -92.83946694652363,
            -92.8394870261416,
            -92.83897008532239,
            -92.84014799836834,
            -92.84014917741334
        ],
        "e_xc": [
            -12.06689351692684,
            -11.962456194683172,
            -11.980551630019887,
            -11.983198856313543,
            -11.990418592656253,
            -11.995453366367068,
            -11.99643002884245,
            -11.996851530518326,
            -11.997660939516017,
            -11.997944967192716,
            -11.998002899627277,
            -11.997842959347103,
            -11.997741016366968,
            -11.997818969575558
        ],
        "iterations": 14
    },
    "scf_eigenvalues_a": {
        "dims": [
            7
        ],
        "size": 7,
        "vals": [
            -15.641691400916955,
            -11.28164367912336,
            -1.1544115812809872,
            -0.7918611120943371,
            -0.6913391308755141,
            -0.534446547514605,
            -0.533467220046185
        ]
    },
    "time": "2024-05-02 14:52:47",
    "wall_time": 27.510432958602905
}