{
    "calcinfo_nalpha": 8,
    "calcinfo_natom": 3,
    "calcinfo_nbeta": 7,
    "calcinfo_nmo": 15,
    "molecule": {
        "geometry": [
            [
                1.2478421618496565,
                -0.09987826414003406,
                0.0
            ],
            [
                -0.9449116955395077,
                0.28617305550998096,
                0.0
            ],
            [
                -2.1205132641710405,
                -1.3040635395896274,
                0.0
            ]
        ],
        "symbols": [
            "N",
            "N",
            "H"
        ]
    },
    "parameters": {
        "charge": 0.0,
        "conv_only_dens": false,
        "dconv": 0.0001,
        "derivatives": false,
        "dipole": false,
        "econv": 1e-05,
        "ginitial_hessian": false,
        "gmaxiter": 20,
        "gopt": false,
        "gprec": 0.0001,
        "gtest": false,
        "gtol": 0.0001,
        "gval": 1e-05,
        "k": -1,
        "l": 52.121,
        "lo": 0.0016603,
        "loadbalparts": 2,
        "maxiter": 25,
        "maxrotn": 0.25,
        "maxsub": 10,
        "nalpha": 8,
        "nbeta": 7,
        "nio": 1,
        "nmo_alpha": 8,
        "nmo_beta": 7,
        "no_compute": false,
        "noiter": false,
        "nopen": 1,
        "npt_plot": 101,
        "nv_factor": 1,
        "nvalpha": 0,
        "nvbeta": 0,
        "orbitalshift": 0.0,
        "plot_cell": [],
        "plotcoul": false,
        "plotdens": false,
        "plothi": -1,
        "plotlo": 0,
        "print_level": 3,
        "protocol": [
            0.0001,
            1e-06
        ],
        "psp_calc": false,
        "pure_ae": true,
        "restart": false,
        "restartao": false,
        "save": true,
        "smear": 0.0,
        "spin_restricted": false,
        "vnucextra": 2
    },
    "precision": {
        "dconv": 0.0001,
        "econv": 1e-05,
        "eprec": 0.0001,
        "k": 8,
        "thresh": 1e-06
    },
    "return_energy": -109.96568954970849,
    "scf_e_data": {
        "e_coulomb": [
            80.20981697699266,
            79.0963306472175,
            79.59660734156567,
            79.48558855417151,
            79.47861562228547,
            79.47251882312568,
            79.46542165108792,
            79.46219846095589,
            79.46189448242873,
            79.46256127720675,
            79.46248121995899,
            79.46106215976002,
            79.46278787458867
        ],
        "e_kinetic": [
            109.9245604782349,
            109.11960304733995,
            109.58089588677106,
            109.58058644308747,
            109.60873631574164,
            109.61121085716236,
            109.6047773594515,
            109.60486620982732,
            109.60722318656288,
            109.60799566701355,
            109.60847189721389,
            109.60187593294631,
            109.60238132873684
        ],
        "e_local": [
            0.0,
            0.0,
            0.0,
            0.0,
            0.0,
            0.0,
            0.0,
            0.0,
            0.0,
            0.0,
            0.0,
            0.0,
            0.0
        ],
        "e_nrep": [
            27.504374021828905,
            27.504374021828905,
            27.504374021828905,
            27.504374021828905,
            27.504374021828905,
            27.504374021828905,
            27.504374021828905,
            27.504374021828905,
            27.504374021828905,
            27.504374021828905,
            27.504374021828905,
            27.504374021828905,
            27.504374021828905
        ],
        "e_nuclear": [
            -313.43586674871375,
            -311.77698515307554,
            -312.68667191618835,
            -312.5877713951807,
            -312.6079920516379,
            -312.6039331125139,
            -312.5908795291059,
            -312.58798993967923,
            -312.5900019150348,
            -312.5913845638293,
            -312.5913784628555,
            -312.584981954677,
            -312.5870404389889
        ],
        "e_pcm": [
            0.0,
            0.0,
            0.0,
            0.0,
            0.0,
            0.0,
            0.0,
            0.0,
            0.0,
            0.0,
            0.0,
            0.0,
            0.0
        ],
        "e_tot": [
            -109.84424049558922,
            -109.95303151174895,
            -109.9621714256624,
            -109.96416367667234,
            -109.96452991644679,
            -109.96471029023493,
            -109.96477134541809,
            -109.96481654570948,
            -109.96480830982037,
            -109.96481677836056,
            -109.96441168197313,
            -109.96568722655942,
            -109.96568954970849
        ],
        "e_xc": [
            -14.047125223931939,
            -13.896354075059763,
            -13.9573767596397,
            -13.946941300579518,
            -13.948263824664902,
            -13.948880879837954,
            -13.948464848680509,
            -13.948265298642381,
            -13.948298085606055,
            -13.94836318058044,
            -13.948360358119416,
            -13.948017386417668,
            -13.948192335874028
        ],
        "iterations": 13
    },
    "scf_eigenvalues_a": {
        "dims": [
            8
        ],
        "size": 8,
        "vals": [
            -14.062877061449203,
            -14.051423139314295,
            -0.9249917663805793,
            -0.6077995080431702,
            -0.44958326595338693,
            -0.3986052334443715,
            -0.3742366495800198,
            -0.266659881894568
        ]
    },
    "scf_eigenvalues_b": {
        "dims": [
            7
        ],
        "size": 7,
        "vals": [
            -14.058047038053054,
            -14.024907766278169,
            -0.9124646329708788,
            -0.6338575001719373,
            -0.4209589376292677,
            -0.3872954524679395,
            -0.3843147068994053
        ]
    },
    "time": "2024-05-03 21:39:16",
    "wall_time": 55.17604398727417
}