{
    "calcinfo_nalpha": 9,
    "calcinfo_natom": 7,
    "calcinfo_nbeta": 8,
    "calcinfo_nmo": 17,
    "molecule": {
        "geometry": [
            [
                -0.41377130962778147,
                -1.0731317230988258,
                -9.563524128292905e-05
            ],
            [
                0.07924050552847191,
                1.419448320647378,
                6.677967317240313e-05
            ],
            [
                2.8946194080100858,
                -2.823032859454424,
                0.0009242204538530863
            ],
            [
                -0.7721926808651021,
                -2.0819030631413167,
                -1.7397785924708467
            ],
            [
                -0.7731065852844805,
                -2.0825203037073883,
                1.7389916765257725
            ],
            [
                0.32836588924277826,
                2.4549997051321797,
                1.742978051326437
            ],
            [
                0.3294987934925755,
                2.4545569358796344,
                -1.7429422224265523
            ]
        ],
        "symbols": [
            "C",
            "C",
            "H",
            "H",
            "H",
            "H",
            "H"
        ]
    },
    "parameters": {
        "charge": 0.0,
        "conv_only_dens": false,
        "dconv": 0.0001,
        "derivatives": false,
        "dipole": false,
        "econv": 1e-05,
        "ginitial_hessian": false,
        "gmaxiter": 20,
        "gopt": false,
        "gprec": 0.0001,
        "gtest": false,
        "gtol": 0.0001,
        "gval": 1e-05,
        "k": -1,
        "l": 52.895,
        "lo": 0.0021467,
        "loadbalparts": 2,
        "maxiter": 25,
        "maxrotn": 0.25,
        "maxsub": 10,
        "nalpha": 9,
        "nbeta": 8,
        "nio": 1,
        "nmo_alpha": 9,
        "nmo_beta": 8,
        "no_compute": false,
        "noiter": false,
        "nopen": 1,
        "npt_plot": 101,
        "nv_factor": 1,
        "nvalpha": 0,
        "nvbeta": 0,
        "orbitalshift": 0.0,
        "plot_cell": [],
        "plotcoul": false,
        "plotdens": false,
        "plothi": -1,
        "plotlo": 0,
        "print_level": 3,
        "protocol": [
            0.0001,
            1e-06
        ],
        "psp_calc": false,
        "pure_ae": true,
        "restart": false,
        "restartao": false,
        "save": true,
        "smear": 0.0,
        "spin_restricted": false,
        "vnucextra": 2
    },
    "precision": {
        "dconv": 0.0001,
        "econv": 1e-05,
        "eprec": 0.0001,
        "k": 8,
        "thresh": 1e-06
    },
    "return_energy": -79.00799653254556,
    "scf_e_data": {
        "e_coulomb": [
            77.53037910983988,
            73.00251505686374,
            74.2048336782356,
            74.416058567413,
            74.35488772825977,
            74.29767812794732,
            74.2837138383773,
            74.27635750792747,
            74.28344493795576,
            74.29730789829127,
            74.30303910292821,
            74.30185738738524,
            74.30196120481557,
            74.30182752931164,
            74.30156195058653,
            74.30296887376925
        ],
        "e_kinetic": [
            79.96969297106227,
            77.70741407095186,
            78.39607447229065,
            78.62120786824724,
            78.64743442721247,
            78.6393852806921,
            78.6460394135434,
            78.6348666241075,
            78.63228753236476,
            78.63922261119976,
            78.6419674726323,
            78.64095311524744,
            78.64122348252734,
            78.64158405699648,
            78.64460169593139,
            78.64684714013896
        ],
        "e_local": [
            0.0,
            0.0,
            0.0,
            0.0,
            0.0,
            0.0,
            0.0,
            0.0,
            0.0,
            0.0,
            0.0,
            0.0,
            0.0,
            0.0,
            0.0,
            0.0
        ],
        "e_nrep": [
            36.85246400757819,
            36.85246400757819,
            36.85246400757819,
            36.85246400757819,
            36.85246400757819,
            36.85246400757819,
            36.85246400757819,
            36.85246400757819,
            36.85246400757819,
            36.85246400757819,
            36.85246400757819,
            36.85246400757819,
            36.85246400757819,
            36.85246400757819,
            36.85246400757819,
            36.85246400757819
        ],
        "e_nuclear": [
            -260.4269779085016,
            -254.23283154564157,
            -256.0139810931486,
            -256.41597496688416,
            -256.37939245347076,
            -256.3164107368053,
            -256.30711598284336,
            -256.28929299769914,
            -256.2938188558081,
            -256.3132673281289,
            -256.3210287667346,
            -256.3188825153788,
            -256.31916088226023,
            -256.3191562195267,
            -256.32278671764874,
            -256.3262300301042
        ],
        "e_pcm": [
            0.0,
            0.0,
            0.0,
            0.0,
            0.0,
            0.0,
            0.0,
            0.0,
            0.0,
            0.0,
            0.0,
            0.0,
            0.0,
            0.0,
            0.0,
            0.0
        ],
        "e_tot": [
            -78.81798848585694,
            -78.96077003190925,
            -78.99531357546424,
            -79.00174652876834,
            -79.00400960309344,
            -79.00553026132091,
            -79.00653209681487,
            -79.00698394960497,
            -79.00717127537865,
            -79.00722554494754,
            -79.00723846065954,
            -79.00724022732393,
            -79.00722179285908,
            -79.00698413988773,
            -79.00799442777527,
            -79.00799653254556
        ],
        "e_xc": [
            -12.743546665835678,
            -12.290331621661444,
            -12.434704640420112,
            -12.47550200512261,
            -12.479403312673124,
            -12.478646940733201,
            -12.481633373470398,
            -12.48137909151901,
            -12.481548897469239,
            -12.482952733887844,
            -12.483680277063607,
            -12.483632222156018,
            -12.483709605519934,
            -12.483703514247338,
            -12.483835364222642,
            -12.484046523927725
        ],
        "iterations": 16
    },
    "scf_eigenvalues_a": {
        "dims": [
            9
        ],
        "size": 9,
        "vals": [
            -9.891395258341102,
            -9.886639188362505,
            -0.5704606770713752,
            -0.45582467101152235,
            -0.4558455709926137,
            -0.45721881617976234,
            -0.4572271568403039,
            -0.25311488612426336,
            -0.2500938757804826
        ]
    },
    "scf_eigenvalues_b": {
        "dims": [
            8
        ],
        "size": 8,
        "vals": [
            -9.893902356909962,
            -9.877449787734076,
            -0.5652627296232176,
            -0.45811518474148905,
            -0.4581370492550163,
            -0.45026669202306313,
            -0.4502747186706546,
            -0.2692668647247156
        ]
    },
    "time": "2024-05-03 20:50:59",
    "wall_time": 77.22914409637451
}