{
    "calcinfo_nalpha": 9,
    "calcinfo_natom": 7,
    "calcinfo_nbeta": 8,
    "calcinfo_nmo": 17,
    "molecule": {
        "geometry": [
            [
                0.0008503983503265049,
                -1.3151316668522843,
                0.0
            ],
            [
                0.04184387843073856,
                1.5022303351330708,
                0.0
            ],
            [
                -1.9369221478060292,
                -2.0501373131178076,
                0.0
            ],
            [
                0.930933028968706,
                -2.083924638306164,
                1.6694201217657927
            ],
            [
                0.930933028968706,
                -2.083924638306164,
                -1.6694201217657927
            ],
            [
                -0.0905547854088865,
                2.5476972900227093,
                -1.74671012847069
            ],
            [
                -0.0905547854088865,
                2.5476972900227093,
                1.74671012847069
            ]
        ],
        "symbols": [
            "C",
            "C",
            "H",
            "H",
            "H",
            "H",
            "H"
        ]
    },
    "parameters": {
        "charge": 0.0,
        "conv_only_dens": false,
        "dconv": 0.0001,
        "derivatives": false,
        "dipole": false,
        "econv": 1e-05,
        "ginitial_hessian": false,
        "gmaxiter": 20,
        "gopt": false,
        "gprec": 0.0001,
        "gtest": false,
        "gtol": 0.0001,
        "gval": 1e-05,
        "k": -1,
        "l": 52.548,
        "lo": 0.0021467,
        "loadbalparts": 2,
        "maxiter": 25,
        "maxrotn": 0.25,
        "maxsub": 10,
        "nalpha": 9,
        "nbeta": 8,
        "nio": 1,
        "nmo_alpha": 9,
        "nmo_beta": 8,
        "no_compute": false,
        "noiter": false,
        "nopen": 1,
        "npt_plot": 101,
        "nv_factor": 1,
        "nvalpha": 0,
        "nvbeta": 0,
        "orbitalshift": 0.0,
        "plot_cell": [],
        "plotcoul": false,
        "plotdens": false,
        "plothi": -1,
        "plotlo": 0,
        "print_level": 3,
        "protocol": [
            0.0001,
            1e-06
        ],
        "psp_calc": false,
        "pure_ae": true,
        "restart": false,
        "restartao": false,
        "save": true,
        "smear": 0.0,
        "spin_restricted": false,
        "vnucextra": 2
    },
    "precision": {
        "dconv": 0.0001,
        "econv": 1e-05,
        "eprec": 0.0001,
        "k": 8,
        "thresh": 1e-06
    },
    "return_energy": -79.07219829007002,
    "scf_e_data": {
        "e_coulomb": [
            77.47182246617413,
            73.40063776594866,
            74.52306333355524,
            74.66425084162378,
            74.64040473209737,
            74.61485200459234,
            74.61339606335609,
            74.61532845454747,
            74.61440028032732,
            74.61417038774326,
            74.61404334285308,
            74.61390642490527,
            74.61581768027266
        ],
        "e_kinetic": [
            80.07366426278685,
            77.87949207603785,
            78.52662949371735,
            78.6830972983568,
            78.70954479676148,
            78.70344935621301,
            78.70684403839932,
            78.70857158021698,
            78.70779959932156,
            78.70810108462251,
            78.70858176245721,
            78.7106892446742,
            78.71319625190486
        ],
        "e_local": [
            0.0,
            0.0,
            0.0,
            0.0,
            0.0,
            0.0,
            0.0,
            0.0,
            0.0,
            0.0,
            0.0,
            0.0,
            0.0
        ],
        "e_nrep": [
            36.97781144745221,
            36.97781144745221,
            36.97781144745221,
            36.97781144745221,
            36.97781144745221,
            36.97781144745221,
            36.97781144745221,
            36.97781144745221,
            36.97781144745221,
            36.97781144745221,
            36.97781144745221,
            36.97781144745221,
            36.97781144745221
        ],
        "e_nuclear": [
            -260.6135604536229,
            -254.90769043223344,
            -256.5686431894555,
            -256.8420633663394,
            -256.84158970786615,
            -256.8111939418824,
            -256.81219563939806,
            -256.8152946893964,
            -256.8137156198884,
            -256.81378716203886,
            -256.81379289047925,
            -256.81708454904356,
            -256.82121197631704
        ],
        "e_pcm": [
            0.0,
            0.0,
            0.0,
            0.0,
            0.0,
            0.0,
            0.0,
            0.0,
            0.0,
            0.0,
            0.0,
            0.0,
            0.0
        ],
        "e_tot": [
            -78.91448712627115,
            -79.04006283350606,
            -79.06705252935943,
            -79.0702233765863,
            -79.07086797895437,
            -79.07102233701707,
            -79.07106507794806,
            -79.07106297778667,
            -79.07107756075844,
            -79.07107670524472,
            -79.07072823432085,
            -79.07219389718614,
            -79.07219829007002
        ],
        "e_xc": [
            -12.82422484906147,
            -12.390313690711345,
            -12.52591361462874,
            -12.553319597679707,
            -12.557039247399262,
            -12.555941203392258,
            -12.556920987757618,
            -12.557479770606918,
            -12.557373267971133,
            -12.557372463023844,
            -12.55737189660411,
            -12.55751646517426,
            -12.557811693382709
        ],
        "iterations": 13
    },
    "scf_eigenvalues_a": {
        "dims": [
            9
        ],
        "size": 9,
        "vals": [
            -9.87243013257456,
            -9.888612904612017,
            -0.42779529801566674,
            -0.45492157840180547,
            -0.45492157740398564,
            -0.4281915494360302,
            -0.487501980324045,
            -0.42779529846701125,
            -0.1859934236386902
        ]
    },
    "scf_eigenvalues_b": {
        "dims": [
            8
        ],
        "size": 8,
        "vals": [
            -9.874030015668193,
            -9.861779372782483,
            -0.4693862227172878,
            -0.4317728384263162,
            -0.43177283930907184,
            -0.42985785291827616,
            -0.4286982612301975,
            -0.42869825780538773
        ]
    },
    "time": "2024-05-03 20:49:40",
    "wall_time": 63.95029306411743
}