{
    "calcinfo_nalpha": 14,
    "calcinfo_natom": 10,
    "calcinfo_nbeta": 13,
    "calcinfo_nmo": 27,
    "molecule": {
        "geometry": [
            [
                0.048146834630024636,
                -0.843509383282119,
                -2.7558500457846855
            ],
            [
                -0.051954717832736086,
                1.317939286058454,
                -0.8870815162298776
            ],
            [
                -0.1002593438550626,
                -0.594619642838737,
                3.501730348185077
            ],
            [
                1.7210407418100582,
                -2.005150948562616,
                -2.459979520626908
            ],
            [
                -1.608379475880845,
                -2.0526018701730204,
                -2.5824698383804
            ],
            [
                0.10799833299974924,
                -0.1263848453978486,
                -4.69077038391721
            ],
            [
                1.6271193785093605,
                2.504729808009038,
                -0.890192685192124
            ],
            [
                -1.754720842574183,
                2.4632488776288985,
                -1.0082110106232374
            ],
            [
                -0.14827737898690588,
                0.3927147731726584,
                1.1909698898800043
            ],
            [
                0.8801412941795357,
                0.7338219313747781,
                4.284400135466632
            ]
        ],
        "symbols": [
            "C",
            "C",
            "O",
            "H",
            "H",
            "H",
            "H",
            "H",
            "H",
            "H"
        ]
    },
    "parameters": {
        "charge": 0.0,
        "conv_only_dens": false,
        "dconv": 0.0001,
        "derivatives": false,
        "dipole": false,
        "econv": 1e-05,
        "ginitial_hessian": false,
        "gmaxiter": 20,
        "gopt": false,
        "gprec": 0.0001,
        "gtest": false,
        "gtol": 0.0001,
        "gval": 1e-05,
        "k": -1,
        "l": 54.691,
        "lo": 0.001329,
        "loadbalparts": 2,
        "maxiter": 25,
        "maxrotn": 0.25,
        "maxsub": 10,
        "nalpha": 14,
        "nbeta": 13,
        "nio": 1,
        "nmo_alpha": 14,
        "nmo_beta": 13,
        "no_compute": false,
        "noiter": false,
        "nopen": 1,
        "npt_plot": 101,
        "nv_factor": 1,
        "nvalpha": 0,
        "nvbeta": 0,
        "orbitalshift": 0.0,
        "plot_cell": [],
        "plotcoul": false,
        "plotdens": false,
        "plothi": -1,
        "plotlo": 0,
        "print_level": 3,
        "protocol": [
            0.0001,
            1e-06
        ],
        "psp_calc": false,
        "pure_ae": true,
        "restart": false,
        "restartao": false,
        "save": true,
        "smear": 0.0,
        "spin_restricted": false,
        "vnucextra": 2
    },
    "precision": {
        "dconv": 0.0001,
        "econv": 1e-05,
        "eprec": 0.0001,
        "k": 8,
        "thresh": 1e-06
    },
    "return_energy": -155.44276626910195,
    "scf_e_data": {
        "e_coulomb": [
            156.3825294450411,
            149.28842936980436,
            151.5634227179311,
            151.73967273431794,
            151.77132433769694,
            151.7333088969013,
            151.71624343871633,
            151.71395916477536,
            151.70528367353762,
            151.70523566365955,
            151.7076517032361,
            151.70759534981408,
            151.7097223634855,
            151.70918673251737,
            151.70931357786316,
            151.708348736977,
            151.710715586907,
            151.71100241317407,
            151.70720279887195,
            151.71083335957553,
            151.71000797510274,
            151.7102165758526,
            151.71016925690088,
            151.71161866331883,
            151.71094825722002,
            151.71059867407666,
            151.71225058292836,
            151.71656639906055
        ],
        "e_kinetic": [
            157.24222193842277,
            152.78405959211085,
            154.49677451624945,
            154.72462802377598,
            154.83711138527536,
            154.82722267779016,
            154.83111443394523,
            154.8391326148757,
            154.83144675861325,
            154.8302713055009,
            154.83288511248128,
            154.83520798417743,
            154.8355199176284,
            154.8345014662545,
            154.83570683679855,
            154.83529396378543,
            154.83570094912903,
            154.83640278861148,
            154.833959553887,
            154.83594107649222,
            154.8358644077002,
            154.83559212434838,
            154.8354104402503,
            154.8361684057846,
            154.83615768691533,
            154.8372217503658,
            154.8364229776231,
            154.84070941122943
        ],
        "e_local": [
            0.0,
            0.0,
            0.0,
            0.0,
            0.0,
            0.0,
            0.0,
            0.0,
            0.0,
            0.0,
            0.0,
            0.0,
            0.0,
            0.0,
            0.0,
            0.0,
            0.0,
            0.0,
            0.0,
            0.0,
            0.0,
            0.0,
            0.0,
            0.0,
            0.0,
            0.0,
            0.0,
            0.0
        ],
        "e_nrep": [
            76.62128212864758,
            76.62128212864758,
            76.62128212864758,
            76.62128212864758,
            76.62128212864758,
            76.62128212864758,
            76.62128212864758,
            76.62128212864758,
            76.62128212864758,
            76.62128212864758,
            76.62128212864758,
            76.62128212864758,
            76.62128212864758,
            76.62128212864758,
            76.62128212864758,
            76.62128212864758,
            76.62128212864758,
            76.62128212864758,
            76.62128212864758,
            76.62128212864758,
            76.62128212864758,
            76.62128212864758,
            76.62128212864758,
            76.62128212864758,
            76.62128212864758,
            76.62128212864758,
            76.62128212864758,
            76.62128212864758
        ],
        "e_nuclear": [
            -523.1703126438142,
            -512.6184780680878,
            -516.3846921566789,
            -516.7622832780346,
            -516.8941818873362,
            -516.8477217421696,
            -516.833777262333,
            -516.8329504714205,
            -516.8239597350645,
            -516.82285713875,
            -516.8271434665517,
            -516.8291162165999,
            -516.8310882440409,
            -516.8302324820983,
            -516.830992909366,
            -516.8298069514485,
            -516.832720314374,
            -516.8332641593267,
            -516.8280605647913,
            -516.8334214749366,
            -516.8321544759324,
            -516.8323827832862,
            -516.8323262030142,
            -516.8342754703904,
            -516.8332712977837,
            -516.8332909119742,
            -516.836987128354,
            -516.8450138719637
        ],
        "e_pcm": [
            0.0,
            0.0,
            0.0,
            0.0,
            0.0,
            0.0,
            0.0,
            0.0,
            0.0,
            0.0,
            0.0,
            0.0,
            0.0,
            0.0,
            0.0,
            0.0,
            0.0,
            0.0,
            0.0,
            0.0,
            0.0,
            0.0,
            0.0,
            0.0,
            0.0,
            0.0,
            0.0,
            0.0
        ],