{
    "calcinfo_nalpha": 5,
    "calcinfo_natom": 3,
    "calcinfo_nbeta": 4,
    "calcinfo_nmo": 9,
    "molecule": {
        "geometry": [
            [
                0.0,
                0.0,
                0.2672364651596959
            ],
            [
                0.0,
                -1.5161501232030983,
                -0.9353276280589357
            ],
            [
                0.0,
                1.5161501232030983,
                -0.9353276280589357
            ]
        ],
        "symbols": [
            "N",
            "H",
            "H"
        ]
    },
    "parameters": {
        "charge": 0.0,
        "conv_only_dens": false,
        "dconv": 0.0001,
        "derivatives": false,
        "dipole": false,
        "econv": 1e-05,
        "ginitial_hessian": false,
        "gmaxiter": 20,
        "gopt": false,
        "gprec": 0.0001,
        "gtest": false,
        "gtol": 0.0001,
        "gval": 1e-05,
        "k": -1,
        "l": 51.516,
        "lo": 0.0016603,
        "loadbalparts": 2,
        "maxiter": 25,
        "maxrotn": 0.25,
        "maxsub": 10,
        "nalpha": 5,
        "nbeta": 4,
        "nio": 1,
        "nmo_alpha": 5,
        "nmo_beta": 4,
        "no_compute": false,
        "noiter": false,
        "nopen": 1,
        "npt_plot": 101,
        "nv_factor": 1,
        "nvalpha": 0,
        "nvbeta": 0,
        "orbitalshift": 0.0,
        "plot_cell": [],
        "plotcoul": false,
        "plotdens": false,
        "plothi": -1,
        "plotlo": 0,
        "print_level": 3,
        "protocol": [
            0.0001,
            1e-06
        ],
        "psp_calc": false,
        "pure_ae": true,
        "restart": false,
        "restartao": false,
        "save": true,
        "smear": 0.0,
        "spin_restricted": false,
        "vnucextra": 2
    },
    "precision": {
        "dconv": 0.0001,
        "econv": 1e-05,
        "eprec": 0.0001,
        "k": 8,
        "thresh": 1e-06
    },
    "return_energy": -55.592054249926306,
    "scf_e_data": {
        "e_coulomb": [
            35.53060974434192,
            34.23788397264143,
            34.38341919528686,
            34.344852819496936,
            34.32154023720854,
            34.3190437038088,
            34.321109094236064,
            34.32104587216876,
            34.321567079604065,
            34.3219604390341,
            34.32192327698736,
            34.3214709979303
        ],
        "e_kinetic": [
            56.33807092715949,
            55.348352022577814,
            55.53240442516808,
            55.54252138835564,
            55.54126724676559,
            55.54545094150156,
            55.547435696878516,
            55.54748355618593,
            55.548127384918544,
            55.54827274161531,
            55.54849751771924,
            55.54442851145649
        ],
        "e_local": [
            0.0,
            0.0,
            0.0,
            0.0,
            0.0,
            0.0,
            0.0,
            0.0,
            0.0,
            0.0,
            0.0,
            0.0
        ],
        "e_nrep": [
            7.564300123807067,
            7.564300123807067,
            7.564300123807067,
            7.564300123807067,
            7.564300123807067,
            7.564300123807067,
            7.564300123807067,
            7.564300123807067,
            7.564300123807067,
            7.564300123807067,
            7.564300123807067,
            7.564300123807067
        ],
        "e_nuclear": [
            -147.50874648217757,
            -145.47796627680947,
            -145.78298081315845,
            -145.75406448467578,
            -145.7285353929013,
            -145.72842112326606,
            -145.73200654676094,
            -145.7321563319577,
            -145.73324770219887,
            -145.73365085353515,
            -145.7336558227176,
            -145.7299614130399
        ],
        "e_pcm": [
            0.0,
            0.0,
            0.0,
            0.0,
            0.0,
            0.0,
            0.0,
            0.0,
            0.0,
            0.0,
            0.0,
            0.0
        ],
        "e_tot": [
            -55.48669918060549,
            -55.58228576042036,
            -55.58930083607387,
            -55.590945975129955,
            -55.59141269468475,
            -55.59154857748809,
            -55.59157882914985,
            -55.5915940223519,
            -55.59159997136005,
            -55.591602089137766,
            -55.591413963180734,
            -55.592054249926306
        ],
        "e_xc": [
            -7.4109334937364,
            -7.254855602637198,
            -7.286443767177433,
            -7.288555822113815,
            -7.28998490956463,
            -7.291922223339455,
            -7.292417197310561,
            -7.292267242555964,
            -7.292346857490858,
            -7.292484540059084,
            -7.292479058976811,
            -7.292292470080269
        ],
        "iterations": 12
    },
    "scf_eigenvalues_a": {
        "dims": [
            5
        ],
        "size": 5,
        "vals": [
            -15.589912636647075,
            -0.8572902817958727,
            -0.8572902403993485,
            -0.6111505319404349,
            -0.5162403786747489
        ]
    },
    "scf_eigenvalues_b": {
        "dims": [
            4
        ],
        "size": 4,
        "vals": [
            -15.55829736600343,
            -0.8040461471013529,
            -0.8040461377273913,
            -0.5289021271789154
        ]
    },
    "time": "2024-05-02 15:17:11",
    "wall_time": 29.620874881744385
}