{
    "calcinfo_nalpha": 9,
    "calcinfo_natom": 3,
    "calcinfo_nbeta": 8,
    "calcinfo_nmo": 17,
    "molecule": {
        "geometry": [
            [
                0.0,
                0.0,
                0.21856001755663224
            ],
            [
                0.0,
                -1.9277701371874194,
                -1.639200131674741
            ],
            [
                0.0,
                1.9277701371874194,
                -1.639200131674741
            ]
        ],
        "symbols": [
            "P",
            "H",
            "H"
        ]
    },
    "parameters": {
        "charge": 0.0,
        "conv_only_dens": false,
        "dconv": 0.0001,
        "derivatives": false,
        "dipole": false,
        "econv": 1e-05,
        "ginitial_hessian": false,
        "gmaxiter": 20,
        "gopt": false,
        "gprec": 0.0001,
        "gtest": false,
        "gtol": 0.0001,
        "gval": 1e-05,
        "k": -1,
        "l": 51.928,
        "lo": 0.00046616,
        "loadbalparts": 2,
        "maxiter": 25,
        "maxrotn": 0.25,
        "maxsub": 10,
        "nalpha": 9,
        "nbeta": 8,
        "nio": 1,
        "nmo_alpha": 9,
        "nmo_beta": 8,
        "no_compute": false,
        "noiter": false,
        "nopen": 1,
        "npt_plot": 101,
        "nv_factor": 1,
        "nvalpha": 0,
        "nvbeta": 0,
        "orbitalshift": 0.0,
        "plot_cell": [],
        "plotcoul": false,
        "plotdens": false,
        "plothi": -1,
        "plotlo": 0,
        "print_level": 3,
        "protocol": [
            0.0001,
            1e-06
        ],
        "psp_calc": false,
        "pure_ae": true,
        "restart": false,
        "restartao": false,
        "save": true,
        "smear": 0.0,
        "spin_restricted": false,
        "vnucextra": 2
    },
    "precision": {
        "dconv": 0.0001,
        "econv": 1e-05,
        "eprec": 0.0001,
        "k": 8,
        "thresh": 1e-06
    },
    "return_energy": -341.8930317298684,
    "scf_e_data": {
        "e_coulomb": [
            165.8635741502664,
            165.54493596763993,
            165.55148262541456,
            165.55775037477866,
            165.5643544199326,
            165.56306344379053,
            165.5618083476412,
            165.56141299950065,
            165.56137122566997,
            165.56124863411617,
            165.5578646175146,
            165.5584218399083
        ],
        "e_kinetic": [
            341.81516596816806,
            341.7728394068405,
            341.88723368117064,
            341.8920183106712,
            341.8836328591208,
            341.8847502064178,
            341.8852963676108,
            341.88608689145883,
            341.8865647215562,
            341.8870991224426,
            341.8755634231219,
            341.8732490137349
        ],
        "e_local": [
            0.0,
            0.0,
            0.0,
            0.0,
            0.0,
            0.0,
            0.0,
            0.0,
            0.0,
            0.0,
            0.0,
            0.0
        ],
        "e_nrep": [
            11.464970974920767,
            11.464970974920767,
            11.464970974920767,
            11.464970974920767,
            11.464970974920767,
            11.464970974920767,
            11.464970974920767,
            11.464970974920767,
            11.464970974920767,
            11.464970974920767,
            11.464970974920767,
            11.464970974920767
        ],
        "e_nuclear": [
            -837.652540442825,
            -837.3600227682164,
            -837.4735685854407,
            -837.479922975319,
            -837.4736444497212,
            -837.4720413130375,
            -837.4710770245792,
            -837.4714222172533,
            -837.471839238483,
            -837.4718566784263,
            -837.458727942119,
            -837.4570165003122
        ],
        "e_pcm": [
            0.0,
            0.0,
            0.0,
            0.0,
            0.0,
            0.0,
            0.0,
            0.0,
            0.0,
            0.0,
            0.0,
            0.0
        ],
        "e_tot": [
            -341.79805642297293,
            -341.8760232538602,
            -341.88853568403096,
            -341.89165363352305,
            -341.8922820588949,
            -341.89219860494524,
            -341.8921777856103,
            -341.8921872662428,
            -341.8921828839068,
            -341.891785801412,
            -341.89302837881036,
            -341.8930317298684
        ],
        "e_xc": [
            -23.289227073503106,
            -23.298746835045026,
            -23.318654380096255,
            -23.32647031857464,
            -23.331595863147946,
            -23.33294191703686,
            -23.333176451203837,
            -23.33323591486972,
            -23.33325056757084,
            -23.33324785446524,
            -23.332699452248626,
            -23.33265705812019
        ],
        "iterations": 12
    },
    "scf_eigenvalues_a": {
        "dims": [
            9
        ],
        "size": 9,
        "vals": [
            -79.9535539540763,
            -6.959760462474895,
            -5.3926081955006175,
            -5.921518033412351,
            -5.401561755356745,
            -0.6247759806125615,
            -0.6247740931700665,
            -0.5714311440724302,
            -0.3820103654840872
        ]
    },
    "scf_eigenvalues_b": {
        "dims": [
            8
        ],
        "size": 8,
        "vals": [
            -79.9457261814448,
            -6.2418335016975774,
            -6.134689150194239,
            -5.8813411703002885,
            -5.371417959190646,
            -0.6126644364893055,
            -0.6126632637305938,
            -0.49990827648757685
        ]
    },
    "time": "2024-05-02 15:19:40",
    "wall_time": 68.25311207771301
}