{
    "calcinfo_nalpha": 18,
    "calcinfo_natom": 6,
    "calcinfo_nbeta": 18,
    "calcinfo_nmo": 36,
    "molecule": {
        "geometry": [
            [
                -4.795989788788313,
                0.0,
                0.0
            ],
            [
                -0.9228894988852925,
                0.0,
                0.0
            ],
            [
                -1.1621295265072842,
                -1.0035250788955374,
                1.7381564154110125
            ],
            [
                -1.1621295265072842,
                -1.0035250788955374,
                -1.7381564154110125
            ],
            [
                -1.1621295265072842,
                2.007050157791075,
                0.0
            ],
            [
                3.0698608042310833,
                0.0,
                0.0
            ]
        ],
        "symbols": [
            "F",
            "C",
            "H",
            "H",
            "H",
            "Cl"
        ]
    },
    "parameters": {
        "charge": -1.0,
        "conv_only_dens": false,
        "dconv": 0.0001,
        "derivatives": false,
        "dipole": false,
        "econv": 1e-05,
        "ginitial_hessian": false,
        "gmaxiter": 20,
        "gopt": false,
        "gprec": 0.0001,
        "gtest": false,
        "gtol": 0.0001,
        "gval": 1e-05,
        "k": -1,
        "l": 54.796,
        "lo": 0.00037839,
        "loadbalparts": 2,
        "maxiter": 25,
        "maxrotn": 0.25,
        "maxsub": 10,
        "nalpha": 18,
        "nbeta": 18,
        "nio": 1,
        "nmo_alpha": 18,
        "nmo_beta": 18,
        "no_compute": false,
        "noiter": true,
        "nopen": 0,
        "npt_plot": 101,
        "nv_factor": 1,
        "nvalpha": 0,
        "nvbeta": 0,
        "orbitalshift": 0.0,
        "plot_cell": [],
        "plotcoul": false,
        "plotdens": false,
        "plothi": -1,
        "plotlo": 0,
        "print_level": 3,
        "protocol": [
            1e-06
        ],
        "psp_calc": false,
        "pure_ae": true,
        "restart": true,
        "restartao": false,
        "save": true,
        "smear": 0.0,
        "spin_restricted": true,
        "vnucextra": 2
    },
    "precision": {
        "dconv": 0.0001,
        "econv": 1e-05,
        "eprec": 0.0001,
        "k": 8,
        "thresh": 1e-06
    },
    "return_energy": -599.6958598125418,
    "scf_e_data": {
        "e_coulomb": [
            367.42751519952776
        ],
        "e_kinetic": [
            598.6212669884093
        ],
        "e_local": [
            0.0
        ],
        "e_nrep": [
            86.10071416749383
        ],
        "e_nuclear": [
            -1606.7034517719999
        ],
        "e_pcm": [
            0.0
        ],
        "e_tot": [
            -599.6958598125418
        ],
        "e_xc": [
            -45.14190439597282
        ],
        "iterations": 1
    },
    "scf_eigenvalues_a": {
        "dims": [
            18
        ],
        "size": 18,
        "vals": [
            -104.60466119308893,
            -25.912717111098722,
            -11.134259242469238,
            -10.329409492435218,
            -7.801059269463149,
            -7.798003004021922,
            -7.800131319020018,
            -1.1244346279536792,
            -0.7511194061572617,
            -0.5540356767473631,
            -0.5540364597898422,
            -0.5540359753967863,
            -0.31990891137627653,
            -0.2748394468979183,
            -0.27483848652084975,
            -0.394822527880931,
            -0.25436564710000154,
            -0.2543655831945122
        ]
    },
    "time": "2024-05-03 15:24:33",
    "wall_time": 8.296763181686401
}