{
    "calcinfo_nalpha": 14,
    "calcinfo_natom": 7,
    "calcinfo_nbeta": 14,
    "calcinfo_nmo": 28,
    "molecule": {
        "geometry": [
            [
                -6.440976044229901e-05,
                -0.7360817659593212,
                2.4528600658552953
            ],
            [
                0.00010134016961497009,
                1.3757607905143023,
                0.9018201235674467
            ],
            [
                -0.016325937911620382,
                -0.15161494773295295,
                4.444489979465292
            ],
            [
                -1.6593698549288127,
                -1.9574195115004818,
                2.1559003574585156
            ],
            [
                1.674980391987121,
                -1.9417184148676827,
                2.1791906692638467
            ],
            [
                0.00045889421236968125,
                0.7013910132748922,
                -0.9648577574447201
            ],
            [
                -1.863957259147801e-05,
                -0.36002598528136287,
                -3.3051605147126972
            ]
        ],
        "symbols": [
            "C",
            "O",
            "H",
            "H",
            "H",
            "H",
            "F"
        ]
    },
    "parameters": {
        "charge": -1.0,
        "conv_only_dens": false,
        "dconv": 0.0001,
        "derivatives": false,
        "dipole": false,
        "econv": 1e-05,
        "ginitial_hessian": false,
        "gmaxiter": 20,
        "gopt": false,
        "gprec": 0.0001,
        "gtest": false,
        "gtol": 0.0001,
        "gval": 1e-05,
        "k": -1,
        "l": 54.444,
        "lo": 0.0010921,
        "loadbalparts": 2,
        "maxiter": 25,
        "maxrotn": 0.25,
        "maxsub": 10,
        "nalpha": 14,
        "nbeta": 14,
        "nio": 1,
        "nmo_alpha": 14,
        "nmo_beta": 14,
        "no_compute": false,
        "noiter": false,
        "nopen": 0,
        "npt_plot": 101,
        "nv_factor": 1,
        "nvalpha": 0,
        "nvbeta": 0,
        "orbitalshift": 0.0,
        "plot_cell": [],
        "plotcoul": false,
        "plotdens": false,
        "plothi": -1,
        "plotlo": 0,
        "print_level": 3,
        "protocol": [
            0.0001,
            1e-06
        ],
        "psp_calc": false,
        "pure_ae": true,
        "restart": false,
        "restartao": false,
        "save": true,
        "smear": 0.0,
        "spin_restricted": true,
        "vnucextra": 2
    },
    "precision": {
        "dconv": 0.0001,
        "econv": 1e-05,
        "eprec": 0.0001,
        "k": 8,
        "thresh": 1e-06
    },
    "return_energy": -215.5021544602942,
    "scf_e_data": {
        "e_coulomb": [
            193.74825168991248,
            180.16336568695485,
            185.87528328597995,
            186.75506435726933,
            186.64509040634175,
            186.48734457342354,
            186.5400419292156,
            186.563933914007,
            186.56647934944337,
            186.5466114289536,
            186.54569924604542,
            186.54747991686935,
            186.54594124470134,
            186.54557234818387,
            186.54373782509035
        ],
        "e_kinetic": [
            218.87073035005886,
            209.4938076380294,
            213.75555984716195,
            214.79966351287325,
            214.8586532856553,
            214.74346981721357,
            214.7803942089319,
            214.8477900400179,
            214.84334963843995,
            214.83395606321074,
            214.83266846821553,
            214.83277301830057,
            214.83174964976195,
            214.8328014304055,
            214.83303347406346
        ],
        "e_local": [
            0.0,
            0.0,
            0.0,
            0.0,
            0.0,
            0.0,
            0.0,
            0.0,
            0.0,
            0.0,
            0.0,
            0.0,
            0.0,
            0.0,
            0.0
        ],
        "e_nrep": [
            73.17392323370335,
            73.17392323370335,
            73.17392323370335,
            73.17392323370335,
            73.17392323370335,
            73.17392323370335,
            73.17392323370335,
            73.17392323370335,
            73.17392323370335,
            73.17392323370335,
            73.17392323370335,
            73.17392323370335,
            73.17392323370335,
            73.17392323370335,
            73.17392323370335
        ],
        "e_nuclear": [
            -674.1789362803673,
            -652.889206346001,
            -662.4511330164122,
            -664.2702250015099,
            -664.2267019068338,
            -663.9736655047442,
            -664.0565293547115,
            -664.1422115970793,
            -664.1398392209206,
            -664.1123238636345,
            -664.1101097875203,
            -664.1117984455047,
            -664.1094261926703,
            -664.1094556009505,
            -664.1107241481828
        ],
        "e_pcm": [
            0.0,
            0.0,
            0.0,
            0.0,
            0.0,
            0.0,
            0.0,
            0.0,
            0.0,
            0.0,
            0.0,
            0.0,
            0.0,
            0.0,
            0.0
        ],
        "e_tot": [
            -215.10194206459153,
            -215.24444024974605,
            -215.48277820615561,
            -215.49605711728998,
            -215.49868611648486,
            -215.4993545082532,
            -215.49963498159087,
            -215.49991075197647,
            -215.49996527545989,
            -215.49998921881775,
            -215.4999933877719,
            -215.499992267118,
            -215.49999624979114,
            -215.49936500255978,
            -215.5021544602942
        ],
        "e_xc": [
            -26.715911057898914,
            -25.18633046243268,
            -25.8364115565887,
            -25.9544832196261,
            -25.949651135351488,
            -25.930426627849464,
            -25.937464998730206,
            -25.943346342625503,
            -25.943878276125915,
            -25.942156081050967,
            -25.942174548215842,
            -25.942369990486537,
            -25.942184185287488,
            -25.942206413902092,
            -25.942124844968554
        ],
        "iterations": 15
    },
    "scf_eigenvalues_a": {
        "dims": [
            14
        ],
        "size": 14,
        "vals": [
            -23.89626267323017,
            -18.514083825288267,
            -9.73295943523675,
            -0.5257362147302933,
            -0.45909532115823204,
            -0.25827406462750857,
            -0.3792127188118646,
            -0.2582788729020271,
            -0.26497140064828884,
            -0.21834939838764766,
            -0.017722831018243568,
            -0.018219433381597927,
            -0.19859923016064274,
            -0.038878280616515326
        ]
    },
    "time": "2024-05-03 21:41:27",
    "wall_time": 55.84167218208313
}