{
    "calcinfo_nalpha": 10,
    "calcinfo_natom": 7,
    "calcinfo_nbeta": 9,
    "calcinfo_nmo": 19,
    "molecule": {
        "geometry": [
            [
                0.0007691531204725784,
                0.015057478651249736,
                2.289380551073977
            ],
            [
                0.0002518260547805744,
                -0.205402505125792,
                -2.44523978614735
            ],
            [
                0.005289881353755717,
                -0.22302615860091354,
                -0.017906691605360067
            ],
            [
                1.908761148803048,
                -0.44077468336821635,
                2.882830637838491
            ],
            [
                -0.5255031683524232,
                1.952529249142355,
                2.7035703060670455
            ],
            [
                -1.3940571677962863,
                -1.3419228368754483,
                2.9342007863160013
            ],
            [
                -0.0011202211691744254,
                1.6060695988010607,
                -2.677060055881237
            ]
        ],
        "symbols": [
            "C",
            "O",
            "H",
            "H",
            "H",
            "H",
            "H"
        ]
    },
    "parameters": {
        "charge": 0.0,
        "conv_only_dens": false,
        "dconv": 0.0001,
        "derivatives": false,
        "dipole": false,
        "econv": 1e-05,
        "ginitial_hessian": false,
        "gmaxiter": 20,
        "gopt": false,
        "gprec": 0.0001,
        "gtest": false,
        "gtol": 0.0001,
        "gval": 1e-05,
        "k": -1,
        "l": 52.934,
        "lo": 0.001329,
        "loadbalparts": 2,
        "maxiter": 25,
        "maxrotn": 0.25,
        "maxsub": 10,
        "nalpha": 10,
        "nbeta": 9,
        "nio": 1,
        "nmo_alpha": 10,
        "nmo_beta": 9,
        "no_compute": false,
        "noiter": true,
        "nopen": 1,
        "npt_plot": 101,
        "nv_factor": 1,
        "nvalpha": 0,
        "nvbeta": 0,
        "orbitalshift": 0.0,
        "plot_cell": [],
        "plotcoul": false,
        "plotdens": false,
        "plothi": -1,
        "plotlo": 0,
        "print_level": 3,
        "protocol": [
            1e-06
        ],
        "psp_calc": false,
        "pure_ae": true,
        "restart": true,
        "restartao": false,
        "save": true,
        "smear": 0.0,
        "spin_restricted": false,
        "vnucextra": 2
    },
    "precision": {
        "dconv": 0.0001,
        "econv": 1e-05,
        "eprec": 0.0001,
        "k": 8,
        "thresh": 1e-06
    },
    "return_energy": -116.13367318795508,
    "scf_e_data": {
        "e_coulomb": [
            93.42670609196851
        ],
        "e_kinetic": [
            115.57012325260634
        ],
        "e_local": [
            0.0
        ],
        "e_nrep": [
            37.11878016963886
        ],
        "e_nuclear": [
            -346.5766313218263
        ],
        "e_pcm": [
            0.0
        ],
        "e_tot": [
            -116.13367318795508
        ],
        "e_xc": [
            -15.672651380342476
        ],
        "iterations": 1
    },
    "scf_eigenvalues_a": {
        "dims": [
            10
        ],
        "size": 10,
        "vals": [
            -20.607908164228235,
            -11.2250866707937,
            -1.0581433584293043,
            -0.6749096335554647,
            -0.8190269914288191,
            -0.6758991015019411,
            -0.6786622980143722,
            -0.8005283493744928,
            -0.5432354876610983,
            -0.604630907165771
        ]
    },
    "scf_eigenvalues_b": {
        "dims": [
            9
        ],
        "size": 9,
        "vals": [
            -20.572718662365062,
            -11.211088741157212,
            -0.9975011838329659,
            -0.6640740438076392,
            -0.6154555479906954,
            -0.6650600493559035,
            -0.6678214631782626,
            -0.849853798516949,
            -0.5035946184441147
        ]
    },
    "time": "2024-05-02 17:27:01",
    "wall_time": 9.087538957595825
}