{
    "calcinfo_nalpha": 10,
    "calcinfo_natom": 5,
    "calcinfo_nbeta": 9,
    "calcinfo_nmo": 19,
    "molecule": {
        "geometry": [
            [
                -0.21023042716351176,
                0.00016473053677061223,
                -0.41088103574429763
            ],
            [
                1.610351981065231,
                1.9552457596178163,
                -0.46602671740101387
            ],
            [
                1.628237335494355,
                -1.9370744523918015,
                -0.4963582071236875
            ],
            [
                -0.28464170705626657,
                -0.02069779240593237,
                2.393180205855198
            ],
            [
                0.19950879794935844,
                5.552712835850249e-05,
                4.732420254833963
            ]
        ],
        "symbols": [
            "P",
            "H",
            "H",
            "H",
            "H"
        ]
    },
    "parameters": {
        "charge": 0.0,
        "conv_only_dens": false,
        "dconv": 0.0001,
        "derivatives": false,
        "dipole": false,
        "econv": 1e-05,
        "ginitial_hessian": false,
        "gmaxiter": 20,
        "gopt": false,
        "gprec": 0.0001,
        "gtest": false,
        "gtol": 0.0001,
        "gval": 1e-05,
        "k": -1,
        "l": 54.732,
        "lo": 0.00046616,
        "loadbalparts": 2,
        "maxiter": 25,
        "maxrotn": 0.25,
        "maxsub": 10,
        "nalpha": 10,
        "nbeta": 9,
        "nio": 1,
        "nmo_alpha": 10,
        "nmo_beta": 9,
        "no_compute": false,
        "noiter": false,
        "nopen": 1,
        "npt_plot": 101,
        "nv_factor": 1,
        "nvalpha": 0,
        "nvbeta": 0,
        "orbitalshift": 0.0,
        "plot_cell": [],
        "plotcoul": false,
        "plotdens": false,
        "plothi": -1,
        "plotlo": 0,
        "print_level": 3,
        "protocol": [
            0.0001,
            1e-06
        ],
        "psp_calc": false,
        "pure_ae": true,
        "restart": false,
        "restartao": false,
        "save": true,
        "smear": 0.0,
        "spin_restricted": false,
        "vnucextra": 2
    },
    "precision": {
        "dconv": 0.0001,
        "econv": 1e-05,
        "eprec": 0.0001,
        "k": 8,
        "thresh": 1e-06
    },
    "return_energy": -343.4989623597987,
    "scf_e_data": {
        "e_coulomb": [
            176.2046967861379,
            175.60260676541625,
            175.8499865837574,
            175.82096754612706,
            175.86111302080002,
            175.8649003619606,
            175.86463894036353,
            175.85859098615248,
            175.85944265376858,
            175.86252733165824,
            175.86394141603188,
            175.86643136082515,
            175.86568155553016,
            175.86064317114844,
            175.86319421164978,
            175.8651448246051,
            175.8664046470543,
            175.8672178027017,
            175.8658032790998,
            175.86637405217112,
            175.86536057667587,
            175.86587252912688,
            175.8664819705055,
            175.86761407632682,
            175.86567732520996,
            175.86550146101519,
            175.86620306990946,
            175.86829197165386
        ],
        "e_kinetic": [
            343.0504544434816,
            342.5887660224513,
            342.90155143134064,
            342.9721081601643,
            343.02269306266686,
            343.017717528321,
            342.99735765588173,
            342.99736071483915,
            342.98549737892927,
            342.9904951570188,
            342.98809321293595,
            342.99176549839484,
            342.9903953590401,
            342.98915161770026,
            342.9910080828753,
            342.99267685471375,
            342.99276423705567,
            342.9925247078763,
            342.99224986479203,
            342.99225520621104,
            342.9918544470004,
            342.9920407050421,
            342.9922304699978,
            342.9923840633155,
            342.9917158387683,
            342.9923522727459,
            342.9880108418334,
            342.98819570146384
        ],
        "e_local": [
            0.0,
            0.0,
            0.0,
            0.0,
            0.0,
            0.0,
            0.0,
            0.0,
            0.0,
            0.0,
            0.0,
            0.0,
            0.0,
            0.0,
            0.0,
            0.0,
            0.0,
            0.0,
            0.0,
            0.0,
            0.0,
            0.0,
            0.0,
            0.0,
            0.0,
            0.0,
            0.0,
            0.0
        ],
        "e_nrep": [
            21.01063517422952,
            21.01063517422952,
            21.01063517422952,
            21.01063517422952,
            21.01063517422952,
            21.01063517422952,
            21.01063517422952,
            21.01063517422952,
            21.01063517422952,
            21.01063517422952,
            21.01063517422952,
            21.01063517422952,
            21.01063517422952,
            21.01063517422952,
            21.01063517422952,
            21.01063517422952,
            21.01063517422952,
            21.01063517422952,
            21.01063517422952,
            21.01063517422952,
            21.01063517422952,
            21.01063517422952,
            21.01063517422952,
            21.01063517422952,
            21.01063517422952,
            21.01063517422952,
            21.01063517422952,
            21.01063517422952
        ],
        "e_nuclear": [
            -859.206950840052,
            -858.26566245763,
            -858.8141492994214,
            -858.8576817487915,
            -858.9444583941175,
            -858.9426053125694,
            -858.9211887575808,
            -858.9157456459639,
            -858.9041988850406,
            -858.912093421353,
            -858.9109270856767,
            -858.9170315232573,
            -858.9150101801581,
            -858.9090574827203,
            -858.9133008826536,
            -858.9167825986235,
            -858.9181525472866,
            -858.9186648909747,
            -858.9170857029106,
            -858.9176218443578,
            -858.916273774917,
            -858.9169346263981,
            -858.9176922405172,
            -858.9188769122463,
            -858.9164059819359,
            -858.9164152851945,
            -858.9143347710399,
            -858.9164587294676
        ],
        "e_pcm": [
            0.0,
            0.0,
            0.0,
            0.0,
            0.0,
            0.0,
            0.0,
            0.0,
            0.0,
            0.0,
            0.0,
            0.0,
            0.0,
            0.0,
            0.0,
            0.0,
            0.0,
            0.0,
            0.0,
            0.0,
            0.0,
            0.0,
            0.0,
            0.0,
            0.0,
            0.0,
            0.0,
            0.0
        ],