{
    "calcinfo_nalpha": 13,
    "calcinfo_natom": 10,
    "calcinfo_nbeta": 12,
    "calcinfo_nmo": 25,
    "molecule": {
        "geometry": [
            [
                0.8922008830950569,
                1.220638917063489,
                -8.17982420567367e-05
            ],
            [
                2.6127697412008533,
                -0.6876444591947463,
                -3.331500371864745e-06
            ],
            [
                0.4385000117836774,
                2.200728185360407,
                -1.73338117293147
            ],
            [
                0.43906296056882366,
                2.2010799244717165,
                1.7331990768102983
            ],
            [
                3.263799633152296,
                -1.5303207464634472,
                1.7433110156410945
            ],
            [
                3.2634396979374185,
                -1.5309325030182022,
                -1.743149247370842
            ],
            [
                -3.0462706595907436,
                -0.45767163251102777,
                6.63790782104155e-05
            ],
            [
                -4.148290493760399,
                1.2636096471710745,
                -0.0023987075067210713
            ],
            [
                -3.0035807748943464,
                -1.5299616063250288,
                -1.735959359381954
            ],
            [
                -3.0051308230184626,
                -1.5261398533428085,
                1.7384908987249037
            ]
        ],
        "symbols": [
            "C",
            "C",
            "H",
            "H",
            "H",
            "H",
            "C",
            "H",
            "H",
            "H"
        ]
    },
    "parameters": {
        "charge": 0.0,
        "conv_only_dens": false,
        "dconv": 0.0001,
        "derivatives": false,
        "dipole": false,
        "econv": 1e-05,
        "ginitial_hessian": false,
        "gmaxiter": 20,
        "gopt": false,
        "gprec": 0.0001,
        "gtest": false,
        "gtol": 0.0001,
        "gval": 1e-05,
        "k": -1,
        "l": 54.148,
        "lo": 0.0021467,
        "loadbalparts": 2,
        "maxiter": 25,
        "maxrotn": 0.25,
        "maxsub": 10,
        "nalpha": 13,
        "nbeta": 12,
        "nio": 1,
        "nmo_alpha": 13,
        "nmo_beta": 12,
        "no_compute": false,
        "noiter": false,
        "nopen": 1,
        "npt_plot": 101,
        "nv_factor": 1,
        "nvalpha": 0,
        "nvbeta": 0,
        "orbitalshift": 0.0,
        "plot_cell": [],
        "plotcoul": false,
        "plotdens": false,
        "plothi": -1,
        "plotlo": 0,
        "print_level": 3,
        "protocol": [
            0.0001,
            1e-06
        ],
        "psp_calc": false,
        "pure_ae": true,
        "restart": false,
        "restartao": false,
        "save": true,
        "smear": 0.0,
        "spin_restricted": false,
        "vnucextra": 2
    },
    "precision": {
        "dconv": 0.0001,
        "econv": 1e-05,
        "eprec": 0.0001,
        "k": 8,
        "thresh": 1e-06
    },
    "return_energy": -117.63182914871015,
    "scf_e_data": {
        "e_coulomb": [
            130.59447585754208,
            125.92005251132677,
            126.38605723102191,
            126.32439665253727,
            126.22294689088089,
            126.25362422662741,
            126.34772954827223,
            126.3462556274509,
            126.35243376887803,
            126.36853825010132,
            126.36719255694878,
            126.36313720461487,
            126.36146534696933,
            126.3618491796337,
            126.36154851601613,
            126.36373125209762
        ],
        "e_kinetic": [
            119.64976658641572,
            117.09071655980505,
            117.38941362507299,
            117.47038090038802,
            117.49141225393785,
            117.53574002977322,
            117.58757737120425,
            117.57606122720543,
            117.5770713102012,
            117.5819877860697,
            117.58504330808924,
            117.58605059499523,
            117.58709127875912,
            117.58725347908981,
            117.58807388831215,
            117.59290037853408
        ],
        "e_local": [
            0.0,
            0.0,
            0.0,
            0.0,
            0.0,
            0.0,
            0.0,
            0.0,
            0.0,
            0.0,
            0.0,
            0.0,
            0.0,
            0.0,
            0.0,
            0.0
        ],
        "e_nrep": [
            70.26835319795907,
            70.26835319795907,
            70.26835319795907,
            70.26835319795907,
            70.26835319795907,
            70.26835319795907,
            70.26835319795907,
            70.26835319795907,
            70.26835319795907,
            70.26835319795907,
            70.26835319795907,
            70.26835319795907,
            70.26835319795907,
            70.26835319795907,
            70.26835319795907,
            70.26835319795907
        ],
        "e_nuclear": [
            -419.6105216251773,
            -413.0239679884942,
            -413.72816163822904,
            -413.72005630964003,
            -413.6241742661318,
            -413.68456937236056,
            -413.81625258732106,
            -413.8050999869641,
            -413.8091006599076,
            -413.82779141517165,
            -413.82787693995334,
            -413.82458532701884,
            -413.82386387704065,
            -413.82434846532516,
            -413.824381037084,
            -413.8329444868608
        ],
        "e_pcm": [
            0.0,
            0.0,
            0.0,
            0.0,
            0.0,
            0.0,
            0.0,
            0.0,
            0.0,
            0.0,
            0.0,
            0.0,
            0.0,
            0.0,
            0.0,
            0.0
        ],
        "e_tot": [
            -117.32642539685563,
            -117.58609131568892,
            -117.60649476438118,
            -117.61719845450489,
            -117.62306266120572,
            -117.62701170950669,
            -117.62866124706264,
            -117.62943182869327,
            -117.62955574886723,
            -117.62991881743793,
            -117.63002886908859,
            -117.63010555751418,
            -117.63012066185317,
            -117.63012223572647,
            -117.62963889553137,
            -117.63182914871015
        ],
        "e_xc": [
            -18.2284994135952,
            -17.841245596285653,
            -17.922157180206085,
            -17.96027289574922,
            -17.981600737851792,
            -18.00015979150588,
            -18.016068777177143,
            -18.015001894344607,
            -18.018313365997937,
            -18.02100663639637,
            -18.022740992132377,
            -18.023061228064527,
            -18.023166608500077,
            -18.023229627083897,
            -18.02323346073471,
            -18.023869490440106
        ],
        "iterations": 16
    },
    "scf_eigenvalues_a": {
        "dims": [
            13
        ],
        "size": 13,
        "vals": [
            -11.210453081112927,
            -11.21190401965206,
            -11.219604382411251,
            -0.8285917116561956,
            -0.6877859859691917,
            -0.6880575361580077,
            -0.6717835433569472,
            -0.6880531122260631,
            -0.6877916978677989,
            -0.6894409128461643,
            -0.6717676201263918,
            -0.3873426812484775,
            -0.40643041822254045
        ]
    },
    "scf_eigenvalues_b": {
        "dims": [
            12
        ],
        "size": 12,